left_arm_angle,right_arm_angle,leg_spread_angle,label,source
7.667874,16.926802,18.982162,jack_in,0
8.954973,14.199318,18.966124,jack_in,0
10.315741,18.0658,17.527954,jack_in,0
17.33614,23.270214,17.195545,jack_in,0
13.822096,22.83168,17.355429,jack_in,0
28.414686,28.888157,17.777615,jack_in,0
33.044586,29.119131,17.772346,jack_in,0
14.402455,18.283562,15.396538,jack_in,0
7.7040305,15.230776,17.724667,jack_in,0
8.483968,16.221207,17.200558,jack_in,0
10.792021,18.785604,17.805164,jack_in,0
25.23433,18.829723,16.43984,jack_in,0
28.72592,23.638325,17.950497,jack_in,0
29.572044,30.760637,22.252613,jack_in,0
25.394022,23.930782,21.570534,jack_in,0
11.567286,18.28244,17.274006,jack_in,0
9.059222,17.505964,16.09823,jack_in,0
6.4724474,16.645588,16.628828,jack_in,0
9.06113,19.470318,16.878643,jack_in,0
11.910704,21.867043,17.433409,jack_in,0
35.467762,23.27877,16.316462,jack_in,0
27.28351,27.121607,18.662676,jack_in,0
27.456696,25.406378,19.84936,jack_in,0
20.706718,24.5991,16.377277,jack_in,0
12.574775,18.121134,14.818809,jack_in,0
11.266434,20.072346,17.127724,jack_in,0
9.757697,19.378645,15.930172,jack_in,0
19.028744,21.477919,15.943046,jack_in,0
33.661556,26.593153,17.15817,jack_in,0
28.035742,26.999613,18.169537,jack_in,0
34.830322,30.950373,24.800014,jack_in,0
28.66288,25.65493,20.779661,jack_in,0
18.512348,23.231007,17.477036,jack_in,0
5.084305,16.331358,16.299946,jack_in,0
6.749041,17.765406,16.043703,jack_in,0
6.096768,16.67977,16.602352,jack_in,0
12.739423,21.076954,16.508917,jack_in,0
28.964813,22.124712,17.050043,jack_in,0
30.982866,30.67322,20.778805,jack_in,0
29.363535,28.944073,21.065954,jack_in,0
24.102768,22.47392,17.88677,jack_in,0
16.268232,19.597813,16.403517,jack_in,0
18.470366,21.782099,16.811905,jack_in,0
19.210188,24.606493,18.250397,jack_in,0
22.319199,25.93965,17.665106,jack_in,0
26.434393,20.757019,19.924025,jack_in,0
11.68061,19.670492,17.900387,jack_in,0
16.277689,17.341274,16.267597,jack_in,0
15.352717,19.091347,16.762966,jack_in,0
8.390657,14.671468,15.75149,jack_in,0
11.715139,18.982729,17.071123,jack_in,0
34.1567,24.311121,17.216337,jack_in,0
33.33418,28.357973,19.57956,jack_in,0
32.007732,31.386429,22.502573,jack_in,0
22.749397,23.696093,19.17967,jack_in,0
10.96582,16.727169,17.748913,jack_in,0
18.333332,21.4374,16.452868,jack_in,0
10.507566,16.702328,16.647509,jack_in,0
14.775631,19.165943,16.605925,jack_in,0
17.257149,20.546354,16.1125,jack_in,0
27.574446,23.161678,17.614346,jack_in,0
30.183308,28.868818,20.986773,jack_in,0
24.711994,26.017311,19.65787,jack_in,0
12.758118,18.53199,17.710909,jack_in,0
8.760445,13.616527,17.981928,jack_in,0
8.850662,16.110136,16.749626,jack_in,0
6.6227045,14.6186,17.930994,jack_in,0
16.34192,25.046469,16.375328,jack_in,0
27.824484,25.899656,17.087439,jack_in,0
143.11562,132.52693,111.52289,jack_out,1
140.96684,141.1664,117.33551,jack_out,1
145.89267,142.45815,118.418564,jack_out,1
146.90178,138.61873,110.96664,jack_out,1
147.39151,150.26414,120.43496,jack_out,1
155.97282,154.78218,113.3293,jack_out,1
158.78452,155.49248,107.29218,jack_out,1
155.09439,150.90936,105.53019,jack_out,1
147.99437,145.88211,115.28244,jack_out,1
143.55392,137.37506,111.8988,jack_out,1
32.426777,21.00107,19.853231,jack_in,1
29.754492,18.966806,20.175549,jack_in,1
27.62594,22.382853,23.051903,jack_in,1
144.42511,110.76569,97.21267,jack_out,1
133.68552,127.24136,111.74491,jack_out,1
137.81892,130.54213,112.491165,jack_out,1
134.19208,136.52802,105.80813,jack_out,1
147.51692,155.66019,122.98318,jack_out,1
144.2732,146.4096,116.76776,jack_out,1
151.9752,146.57117,121.16352,jack_out,1
155.7703,158.94923,121.058105,jack_out,1
147.53465,153.98235,109.794014,jack_out,1
147.85594,149.8419,110.45879,jack_out,1
143.43813,148.93991,108.29677,jack_out,1
140.32874,140.39067,113.05706,jack_out,1
135.7274,125.91221,73.15369,jack_out,1
42.942688,26.074095,19.021412,jack_in,1
31.637407,24.801138,18.394531,jack_in,1
141.5234,124.10154,105.94729,jack_out,1
147.07812,139.3892,103.8561,jack_out,1
150.69005,153.1101,116.36079,jack_out,1
153.06178,140.99933,107.53792,jack_out,1
160.27228,143.98451,106.06154,jack_out,1
163.91724,148.03256,113.02572,jack_out,1
157.40178,153.10272,116.22921,jack_out,1
157.10182,152.53775,102.50449,jack_out,1
157.05836,154.74634,102.505585,jack_out,1
151.61465,156.06186,109.99573,jack_out,1
146.50569,149.4435,106.16157,jack_out,1
141.22025,144.09198,100.55993,jack_out,1
135.58728,133.58588,105.67352,jack_out,1
9.302166,13.29222,15.333641,jack_in,2
8.199894,11.016262,15.152046,jack_in,2
8.420538,10.790434,15.574268,jack_in,2
20.870754,17.983332,17.751522,jack_in,2
22.32651,10.552509,15.785207,jack_in,2
28.493181,40.678123,17.253555,jack_in,2
27.854788,30.736639,16.272718,jack_in,2
17.233984,21.086077,15.469981,jack_in,2
12.083363,15.811022,17.678154,jack_in,2
10.380098,12.794948,16.47309,jack_in,2
10.575403,12.8467045,15.7001295,jack_in,2
11.407188,17.012196,15.852156,jack_in,2
7.1642885,7.6035676,16.62982,jack_in,2
8.603365,9.171833,19.409725,jack_in,2
11.99411,13.388692,16.247812,jack_in,2
14.360202,15.007904,18.97438,jack_in,2
17.458536,19.45976,18.95492,jack_in,2
22.808855,27.635145,17.911783,jack_in,2
28.02389,38.184013,17.796017,jack_in,2
29.494514,37.676598,19.754843,jack_in,2
23.790848,31.259588,17.20498,jack_in,2
19.463503,21.860193,18.31582,jack_in,2
16.365017,15.926214,16.292011,jack_in,2
10.533603,13.48434,16.349834,jack_in,2
10.512211,10.081181,16.780895,jack_in,2
7.704209,18.130102,16.601383,jack_in,2
7.3553004,12.901102,18.579842,jack_in,2
8.06246,11.164912,19.418797,jack_in,2
9.085645,12.926209,18.14024,jack_in,2
15.684157,17.178616,18.313963,jack_in,2
15.785859,20.924646,16.85013,jack_in,2
19.768639,28.535545,18.725977,jack_in,2
29.64023,37.67326,19.080536,jack_in,2
23.610851,26.062532,16.859283,jack_in,2
20.82404,21.964607,16.112684,jack_in,2
14.518239,14.980356,15.754872,jack_in,2
10.651463,10.820673,15.900183,jack_in,2
7.7925606,10.4948435,17.271992,jack_in,2
6.921099,11.800177,18.45737,jack_in,2
8.476581,13.174874,18.444864,jack_in,2
8.157862,10.272187,23.007643,jack_in,2
13.65004,13.50594,21.126904,jack_in,2
16.926144,17.803467,18.376667,jack_in,2
17.597883,19.480408,16.339859,jack_in,2
26.05255,26.73153,18.13321,jack_in,2
29.823439,37.386112,19.599453,jack_in,2
32.220036,32.608288,16.749367,jack_in,2
23.846823,25.19322,16.021435,jack_in,2
17.768284,19.654924,15.27639,jack_in,2
13.777383,16.32125,16.001846,jack_in,2
12.86451,11.657647,17.069984,jack_in,2
9.887377,10.164053,18.233574,jack_in,2
5.9515376,12.3302555,17.257217,jack_in,2
5.4947248,12.24503,16.705202,jack_in,2
8.576568,11.613945,16.15944,jack_in,2
12.284032,12.552167,18.413214,jack_in,2
15.20542,14.405367,18.076975,jack_in,2
19.252096,20.179062,18.037985,jack_in,2
24.737076,27.137148,17.263376,jack_in,2
44.411556,25.430502,21.159626,jack_in,3
137.57977,125.0483,99.949356,jack_out,4
20.656473,24.720814,20.000677,jack_in,4
31.618214,27.740211,20.368805,jack_in,4
19.044376,22.852863,19.11542,jack_in,4
11.634148,18.218462,19.215958,jack_in,4
30.981699,29.20856,20.345057,jack_in,4
29.667997,37.876297,19.913048,jack_in,4
26.996778,34.471825,15.693061,jack_in,4
27.310139,35.21069,23.765879,jack_in,4
29.157902,40.36488,20.967426,jack_in,4
19.035194,19.139006,19.58883,jack_in,4
12.049922,15.716567,22.848705,jack_in,4
17.696579,19.890003,20.902672,jack_in,4
23.036512,22.137121,20.297579,jack_in,4
37.919895,27.422634,20.081985,jack_in,4
26.679117,30.250452,18.62703,jack_in,4
32.90639,27.064844,21.240192,jack_in,4
19.997992,28.058788,22.396624,jack_in,4
31.240755,36.667244,22.82608,jack_in,4
19.553333,28.421562,19.256716,jack_in,4
17.388542,23.831535,19.398151,jack_in,4
19.632637,22.34442,23.444601,jack_in,4
19.193615,24.99214,24.747986,jack_in,4
128.12383,123.5831,71.70651,jack_out,4
128.31473,143.17914,70.75155,jack_out,4
133.59189,153.43495,70.980644,jack_out,4
175.1054,142.40942,68.94688,jack_out,4
172.2719,143.76323,81.08606,jack_out,4
168.70264,141.32619,69.88892,jack_out,4
153.53694,137.31479,81.96317,jack_out,4
164.53706,143.86238,78.7784,jack_out,4
143.07323,133.50253,81.750046,jack_out,4
134.59073,119.28152,72.266266,jack_out,4
126.12191,133.70103,67.42481,jack_out,4
134.97446,152.20992,70.73075,jack_out,4
157.77985,149.89249,76.03322,jack_out,4
177.68599,137.67056,73.75645,jack_out,4
33.72809,34.817234,13.347423,jack_in,4
28.559965,29.459461,11.000792,jack_in,4
18.259106,17.888538,9.553268,jack_in,4
8.854945,10.4161625,9.164524,jack_in,4
15.135483,9.962708,8.733001,jack_in,4
11.177745,9.998964,10.261841,jack_in,4
14.552583,13.481044,9.735185,jack_in,4
16.74497,17.586653,9.853609,jack_in,4
23.604643,29.062101,10.362664,jack_in,4
28.201006,36.061665,11.814163,jack_in,4
33.285122,30.532475,11.499253,jack_in,4
12.1822195,11.948702,9.963321,jack_in,4
18.178886,9.118459,7.6756244,jack_in,4
11.535769,7.329326,7.978458,jack_in,4
9.949218,13.358735,8.335573,jack_in,4
15.187623,14.652903,9.581111,jack_in,4
17.07673,20.758455,8.206501,jack_in,4
27.088612,30.132935,9.458643,jack_in,4
31.859238,37.67628,11.228492,jack_in,4
29.423576,25.675314,10.316179,jack_in,4
22.26639,16.649439,8.779775,jack_in,4
11.195647,10.683527,8.549089,jack_in,4
10.010838,8.414636,10.571904,jack_in,4
9.261045,11.465319,9.274342,jack_in,4
18.240557,12.089088,9.558309,jack_in,4
18.052637,14.357048,10.587919,jack_in,4
21.1225,22.680386,10.8606205,jack_in,4
26.89334,29.614328,12.18633,jack_in,4
30.516525,27.141264,16.093563,jack_in,4
22.727007,18.171015,14.955907,jack_in,4
12.671163,19.763176,18.152302,jack_in,4
9.792877,16.307587,23.350742,jack_in,4
14.654915,13.826198,17.379879,jack_in,4
17.682934,19.4437,17.373178,jack_in,4
22.263594,26.601873,20.311161,jack_in,4
29.452509,32.470676,17.62715,jack_in,4
27.903202,28.28268,19.412428,jack_in,4
20.435333,19.87725,16.618145,jack_in,4
23.18819,25.458998,14.214861,jack_in,4
26.610216,25.309357,17.612043,jack_in,4
24.804491,28.72417,21.855286,jack_in,4
17.945076,24.004452,19.575993,jack_in,4
21.99003,31.353022,16.75323,jack_in,4
30.621143,37.346104,17.64993,jack_in,4
10.787059,25.126339,12.105726,jack_in,5
7.421163,15.011794,17.209991,jack_in,5
6.3005486,22.088676,14.702408,jack_in,5
7.9943366,20.688358,14.083718,jack_in,5
9.903077,23.16786,15.040576,jack_in,5
12.847657,26.490583,13.508104,jack_in,5
14.246271,19.33463,13.5392685,jack_in,5
21.701345,27.576378,13.382335,jack_in,5
23.050158,20.226154,12.938691,jack_in,5
34.18704,18.99332,11.136092,jack_in,5
38.409527,28.533922,12.011091,jack_in,5
35.80118,30.406464,9.826112,jack_in,5
21.738083,19.172266,9.84059,jack_in,5
15.367581,22.295313,15.200223,jack_in,5
14.888058,25.727365,15.255806,jack_in,5
11.64334,22.174448,21.801527,jack_in,5
15.593082,26.057735,15.537376,jack_in,5
13.199245,17.295704,19.870008,jack_in,5
23.327288,12.9796715,11.41713,jack_in,5
22.466585,17.778206,11.100052,jack_in,5
34.48895,25.001806,14.194249,jack_in,5
17.89382,24.176971,11.298447,jack_in,5
37.439026,28.47878,10.769875,jack_in,5
22.827139,25.172913,13.180207,jack_in,5
22.50175,27.861906,10.672598,jack_in,5
15.678485,22.87887,12.080035,jack_in,5
16.537928,25.551056,12.675039,jack_in,5
20.45557,23.391499,10.763678,jack_in,5
27.016504,17.22447,10.240578,jack_in,5
25.319828,15.83741,11.319606,jack_in,5
38.455177,29.749922,14.685243,jack_in,5
21.793186,28.255945,9.845204,jack_in,5
22.163778,31.133818,10.50929,jack_in,5
16.94598,25.022589,11.807355,jack_in,5
14.138405,22.940542,13.54363,jack_in,5
17.944445,25.990664,12.088762,jack_in,5
19.677544,21.967949,16.368954,jack_in,5
21.887169,17.942604,9.742432,jack_in,5
26.670452,15.204273,10.85237,jack_in,5
38.23621,24.123817,9.2005625,jack_in,5
36.664383,24.060135,11.636687,jack_in,5
22.811657,27.033941,11.8267,jack_in,5
20.27734,28.533844,10.685645,jack_in,5
8.80821,16.22513,10.144275,jack_in,5
8.119119,20.05609,11.506052,jack_in,5
21.10532,28.381598,10.346685,jack_in,5
22.056532,26.736273,9.474464,jack_in,5
18.028133,16.441458,10.381254,jack_in,5
27.062126,26.54885,10.876612,jack_in,5
166.37477,171.11514,55.160126,jack_out,5
38.067745,27.38169,13.278399,jack_in,5
16.335924,21.81459,9.834793,jack_in,5
15.702061,15.127123,9.590134,jack_in,5
18.143585,20.66416,9.117122,jack_in,5
16.398483,22.534113,10.51571,jack_in,5
14.362956,21.021976,10.773255,jack_in,5
12.1574335,19.20291,9.786732,jack_in,5
13.894854,18.253569,10.140572,jack_in,5
15.694109,16.15075,10.902156,jack_in,5
13.049642,18.752392,13.431455,jack_in,5
15.345259,19.519867,10.781966,jack_in,5
15.786047,20.038218,10.774132,jack_in,5
8.153649,19.583086,8.696623,jack_in,6
13.745167,15.932722,10.646066,jack_in,6
13.058819,15.596753,10.88743,jack_in,6
14.885983,14.67554,10.317705,jack_in,6
13.205869,14.327436,14.23865,jack_in,6
10.29757,14.213108,9.601954,jack_in,6
5.6951914,9.310191,6.964494,jack_in,6
9.558103,18.49622,7.780008,jack_in,6
9.963222,19.369741,8.07015,jack_in,6
12.155164,14.334775,6.41689,jack_in,6
11.667598,18.39793,7.9368424,jack_in,6
29.688656,13.124479,12.801623,jack_in,6
11.935499,13.083387,10.548406,jack_in,6
9.60789,10.31101,11.366886,jack_in,6
6.947632,6.588385,9.113285,jack_in,6
6.492201,15.840125,8.700326,jack_in,6
6.617491,10.471946,9.367099,jack_in,6
15.486234,20.503136,9.619874,jack_in,6
11.324408,16.159012,10.709342,jack_in,6
11.49161,16.89905,10.973663,jack_in,6
20.147873,22.492737,12.517297,jack_in,6
27.787416,35.367348,13.640716,jack_in,6
25.767561,16.793558,9.508987,jack_in,6
8.804173,8.662314,7.740197,jack_in,6
17.937725,24.501612,7.840722,jack_in,6
10.446417,19.142786,8.538262,jack_in,6
10.908943,19.139494,9.080236,jack_in,6
12.211025,21.097939,9.278494,jack_in,6
13.076249,21.20889,9.249983,jack_in,6
17.847235,16.722574,10.06169,jack_in,6
11.710043,9.184058,7.2435374,jack_in,6
10.747062,9.53906,7.896103,jack_in,6
8.655782,24.165995,8.180021,jack_in,6
7.2022514,29.040108,10.261035,jack_in,6
9.745781,26.429184,12.111489,jack_in,6
17.834091,15.357411,9.711526,jack_in,6
32.834232,16.893469,10.405674,jack_in,6
10.435808,9.854627,8.7364645,jack_in,6
14.469456,28.569635,7.132536,jack_in,6
10.185898,26.32136,8.34845,jack_in,6
11.975575,24.101187,10.807896,jack_in,6
12.249136,22.100798,11.717124,jack_in,6
13.004872,19.988434,9.657932,jack_in,6
30.884447,37.718323,12.668204,jack_in,6
19.365973,20.682201,10.6963415,jack_in,6
17.567461,13.44963,7.3199234,jack_in,6
5.9129763,16.910078,6.732981,jack_in,6
6.53486,20.097555,6.8415456,jack_in,6
7.4332895,19.021128,7.4048047,jack_in,6
13.479418,18.584663,6.5661736,jack_in,6
10.065149,17.458502,7.1255465,jack_in,6
35.727264,19.81063,10.787369,jack_in,6
9.348216,13.96782,8.394355,jack_in,6
12.034012,16.015331,7.4174337,jack_in,6
7.093483,11.047815,14.930227,jack_in,6
9.644691,27.133127,21.677006,jack_in,6
22.982456,22.048082,24.349325,jack_in,6
10.144779,15.278969,7.7161217,jack_in,6
10.319193,15.132292,7.676673,jack_in,6
27.728315,23.683062,11.2337,jack_in,6
40.42851,28.195505,13.482158,jack_in,6
8.629214,14.098279,9.660823,jack_in,6
7.8965006,15.954218,8.062144,jack_in,6
12.002669,20.486406,7.4844046,jack_in,6
12.398469,14.688676,8.1305485,jack_in,6
12.056792,14.118062,10.440916,jack_in,6
11.184086,10.999844,8.387263,jack_in,6
40.24977,23.341272,12.159006,jack_in,6
18.655823,17.72011,11.693709,jack_in,6
6.8537474,6.8409724,8.023823,jack_in,6
7.238227,6.7046967,8.103798,jack_in,6
5.789736,9.080474,7.1942105,jack_in,6
11.077147,16.787563,7.0942297,jack_in,6
17.978565,19.114553,7.545144,jack_in,6
12.532241,13.484692,9.735427,jack_in,6
20.655226,19.733957,12.016653,jack_in,6
23.726274,21.154554,12.241439,jack_in,6
13.004174,14.161665,12.026917,jack_in,6
7.797848,8.401768,7.914552,jack_in,6
8.749204,22.317787,7.327773,jack_in,6
13.725059,14.371875,7.467896,jack_in,6
13.751661,14.247131,7.576808,jack_in,6
13.181166,13.6449585,7.505377,jack_in,6
17.287422,13.718796,10.675566,jack_in,6
31.196596,31.299295,17.561237,jack_in,6
29.865871,20.708805,13.53603,jack_in,6
10.392316,11.971542,10.563692,jack_in,6
5.961082,12.130632,7.4011474,jack_in,6
6.3177648,12.926928,7.40136,jack_in,6
8.4141,17.386335,8.1347,jack_in,6
12.584387,20.153038,10.454758,jack_in,6
12.254736,18.77024,9.702615,jack_in,6
22.104763,19.987654,12.366075,jack_in,6
16.587275,16.799185,13.620414,jack_in,7
16.159182,20.271475,14.794474,jack_in,7
15.471223,20.701164,11.693591,jack_in,7
18.513596,19.435472,13.774084,jack_in,7
14.137468,18.947948,13.437159,jack_in,7
19.447918,20.631115,12.599832,jack_in,7
21.077694,21.723677,13.089299,jack_in,7
20.635098,18.585072,13.634126,jack_in,7
28.44787,25.820036,16.047718,jack_in,7
39.10334,29.699043,18.02245,jack_in,7
38.403122,29.741537,16.586315,jack_in,7
29.05108,24.867048,15.045998,jack_in,7
18.825733,15.157859,14.045523,jack_in,7
23.581501,24.910398,12.309016,jack_in,7
27.367556,20.700758,16.942827,jack_in,7
20.545467,21.196718,12.879656,jack_in,7
13.607617,17.880075,11.270821,jack_in,7
12.839515,15.998688,13.6243,jack_in,7
21.156107,24.624775,11.803332,jack_in,7
31.55118,23.157936,15.627906,jack_in,7
25.861366,22.329638,12.809034,jack_in,7
34.701687,28.09896,16.150503,jack_in,7
22.035095,23.019987,13.620414,jack_in,7
15.548324,19.406416,13.004615,jack_in,7
12.079692,16.666582,10.276936,jack_in,7
16.674213,19.810278,11.632048,jack_in,7
23.183308,22.973927,17.3248,jack_in,7
32.074295,24.870111,16.294128,jack_in,7
38.94778,28.227285,15.74321,jack_in,7
23.71489,21.229443,13.120313,jack_in,7
16.675201,18.082136,13.000152,jack_in,7
15.217654,22.192493,13.250447,jack_in,7
8.69486,13.100213,14.534495,jack_in,7
16.085009,22.72645,11.177815,jack_in,7
19.971052,23.288774,16.554499,jack_in,7
21.733124,18.960629,15.548477,jack_in,7
28.866686,25.723257,19.175127,jack_in,7
36.53032,33.189877,15.919766,jack_in,7
27.430738,27.565746,14.606931,jack_in,7
24.414663,25.025648,13.254351,jack_in,7
19.15355,24.673506,12.949821,jack_in,7
21.37115,25.539461,12.968354,jack_in,7
14.294222,19.887957,13.243682,jack_in,7
17.990875,19.553385,13.574482,jack_in,7
22.388386,21.466816,12.947458,jack_in,7
19.074528,19.4036,13.616527,jack_in,7
39.66581,26.770147,18.537716,jack_in,7
34.870724,28.703537,19.692415,jack_in,7
35.923664,33.21004,13.783906,jack_in,7
41.869827,27.478737,16.934927,jack_in,7
32.70304,26.777678,12.690687,jack_in,7
22.569109,23.24567,13.248331,jack_in,7
28.483294,27.28824,14.834264,jack_in,7
20.777737,26.278574,14.942285,jack_in,7
21.994234,25.953888,24.60353,jack_in,7
23.055756,28.79945,24.795918,jack_in,7
28.663095,28.067577,18.536222,jack_in,7
22.411606,21.372189,13.943124,jack_in,7
41.5328,27.272474,15.451559,jack_in,7
152.74184,175.61385,84.50846,jack_out,8
151.94809,156.27039,67.07135,jack_out,8
156.53204,163.10478,63.319393,jack_out,8
132.62776,152.94432,59.328598,jack_out,8
155.41074,111.07556,61.395966,jack_out,8
20.467703,9.287111,16.253424,jack_in,8
27.733835,20.820824,24.64968,jack_in,8
142.42734,134.95668,97.65282,jack_out,8
174.4124,145.21098,86.91631,jack_out,8
153.37695,160.45792,57.378353,jack_out,8
139.17848,127.04706,68.965385,jack_out,8
172.47542,151.03452,77.37989,jack_out,8
174.70352,136.6517,76.65559,jack_out,8
156.52101,163.94719,76.545105,jack_out,8
137.18906,139.5643,79.364624,jack_out,8
26.443895,9.476871,23.953873,jack_in,8
22.117828,13.3772135,18.101744,jack_in,8
144.58945,135.62039,86.115715,jack_out,8
148.25322,142.44333,66.97441,jack_out,8
170.29854,164.11342,64.737434,jack_out,8
146.66042,157.19438,68.53137,jack_out,8
162.83714,146.65201,88.7169,jack_out,8
161.67361,160.26065,79.32248,jack_out,8
137.69362,151.55138,66.24241,jack_out,8
32.058826,14.894369,16.029747,jack_in,8
138.19212,117.460655,98.478645,jack_out,8
137.05392,146.56711,91.609055,jack_out,8
176.99104,156.75867,71.174774,jack_out,8
156.51962,176.54366,74.33338,jack_out,8
157.72675,170.11415,92.910736,jack_out,8
135.75244,158.66882,70.38256,jack_out,8
120.22213,143.94878,69.12107,jack_out,8
130.64459,122.12069,58.712734,jack_out,8
14.440138,9.806622,21.71561,jack_in,8
34.04989,13.832241,19.717516,jack_in,8
42.0806,17.786928,22.288353,jack_in,8
122.29735,148.78618,71.98933,jack_out,8
136.37343,153.19786,61.420807,jack_out,8
161.78375,165.53105,64.216194,jack_out,8
176.79514,123.0092,66.508766,jack_out,8
173.76508,139.20723,93.23823,jack_out,8
168.26921,146.66,110.32383,jack_out,8
168.38828,137.27417,92.9605,jack_out,8
117.48293,150.56862,92.02202,jack_out,8
142.0515,143.97577,76.68506,jack_out,8
30.319994,21.356945,13.638848,jack_in,9
23.374823,15.893511,13.914948,jack_in,9
16.03317,13.483183,14.982984,jack_in,9
15.634814,13.404537,19.459064,jack_in,9
31.91979,19.18999,19.944008,jack_in,9
46.233044,22.641323,17.88758,jack_in,9
36.43321,32.260464,16.272097,jack_in,9
33.25365,21.494152,11.591701,jack_in,9
23.754921,16.710133,13.99219,jack_in,9
16.25983,12.194998,16.40916,jack_in,9
12.25509,9.966893,15.552019,jack_in,9
14.266602,13.276021,16.34464,jack_in,9
21.236374,15.344472,17.242775,jack_in,9
35.35571,22.694748,17.86091,jack_in,9
23.448532,17.758242,14.797709,jack_in,9
22.828026,12.160627,20.018124,jack_in,9
18.409895,13.056672,18.265799,jack_in,9
20.495382,9.266667,24.29988,jack_in,9
21.49937,11.3045635,18.314898,jack_in,9
37.60852,32.146935,21.784409,jack_in,9
24.907812,17.708752,12.186977,jack_in,9
16.054857,11.939923,10.465311,jack_in,9
14.879761,8.880422,12.903947,jack_in,9
18.77384,10.537973,13.373051,jack_in,9
11.939098,14.189889,13.749637,jack_in,9
21.308186,19.061691,14.343202,jack_in,9
32.134804,20.820063,13.959243,jack_in,9
20.394722,18.016024,13.381109,jack_in,9
20.404606,12.686738,16.639065,jack_in,9
21.386354,13.862406,18.076698,jack_in,9
17.846855,11.949114,16.38797,jack_in,9
19.95723,19.32072,16.08893,jack_in,9
27.197874,21.415964,20.46866,jack_in,9
40.73805,25.046095,10.135604,jack_in,9
145.98778,104.101295,64.00075,jack_out,10
133.86925,122.443726,56.64928,jack_out,10
155.88583,126.251465,66.799095,jack_out,10
130.74016,121.680756,67.53495,jack_out,10
147.55396,136.55214,71.15871,jack_out,10
149.68475,143.76709,69.356445,jack_out,10
151.89122,146.33376,67.59083,jack_out,10
150.77692,149.7237,68.049065,jack_out,10
138.43547,131.60127,64.78394,jack_out,10
155.13347,128.25957,67.66346,jack_out,10
164.57881,138.39272,61.55443,jack_out,10
144.69307,108.97329,70.61342,jack_out,10
147.36552,118.02644,73.0151,jack_out,10
137.48198,121.20102,63.75759,jack_out,10
154.17741,141.5039,71.8061,jack_out,10
161.67921,158.6923,67.02637,jack_out,10
155.35185,159.08253,61.655273,jack_out,10
161.91756,155.53098,64.20902,jack_out,10
169.74162,147.30223,58.90119,jack_out,10
163.84387,138.566,57.18661,jack_out,10
161.09271,142.66942,60.355125,jack_out,10
155.63667,133.68,62.82851,jack_out,10
139.06837,122.915726,58.512962,jack_out,10
161.56137,153.41083,61.170734,jack_out,10
163.45946,160.87834,57.720425,jack_out,10
165.32806,155.05667,58.01077,jack_out,10
174.0051,126.883354,63.470234,jack_out,10
135.0605,115.974106,62.53186,jack_out,10
136.72554,114.07505,71.28432,jack_out,10
164.7549,123.36273,70.52022,jack_out,10
158.44559,145.4244,69.577415,jack_out,10
153.46503,158.06157,68.678085,jack_out,10
150.21382,151.87291,77.32016,jack_out,10
146.91037,143.8914,66.825775,jack_out,10
159.16496,147.55023,59.024914,jack_out,10
139.45674,111.73695,68.76606,jack_out,10
139.04333,115.76629,69.78046,jack_out,10
163.34769,153.64514,68.20373,jack_out,10
158.3774,137.3744,70.05152,jack_out,10
158.96178,140.96298,67.09343,jack_out,10
159.70093,153.32413,73.15012,jack_out,10
158.53447,149.38249,70.59791,jack_out,10
148.0942,124.63693,67.14654,jack_out,10
140.40619,118.69973,55.840473,jack_out,10
144.38734,118.68681,67.20622,jack_out,10
138.44647,113.519325,71.80165,jack_out,10
147.91731,135.68748,63.905697,jack_out,10
158.951,127.97841,68.5678,jack_out,10
161.22406,128.85384,70.123146,jack_out,10
152.26447,129.92908,72.267395,jack_out,10
157.03543,135.80925,69.95462,jack_out,10
153.5895,127.888084,61.98017,jack_out,10
141.22896,116.479485,62.62675,jack_out,10
141.06807,110.2473,73.18103,jack_out,10
157.78197,139.18251,64.29396,jack_out,10
136.66415,114.734116,62.69892,jack_out,10
157.7526,152.91673,65.538574,jack_out,10
164.65446,159.62007,68.928665,jack_out,10
163.1333,158.21313,73.40112,jack_out,10
143.05707,128.35046,63.24822,jack_out,10
142.76245,114.74452,75.715935,jack_out,10
166.08176,113.99757,72.007965,jack_out,10
146.87129,125.78765,65.5621,jack_out,10
143.6372,119.060326,65.89621,jack_out,10
152.51399,144.85205,68.2458,jack_out,10
157.0884,146.80644,76.0943,jack_out,10
143.45349,129.59784,68.97095,jack_out,10
152.66763,132.78781,61.54878,jack_out,10
140.93939,120.992065,64.174385,jack_out,10
137.49965,130.06673,73.362854,jack_out,10
159.14899,139.018,72.16025,jack_out,10
160.02524,154.64337,72.670555,jack_out,10
152.95197,148.19702,75.25668,jack_out,10
151.48352,151.39264,75.38366,jack_out,10
137.00781,118.045425,68.3196,jack_out,10
153.66577,125.68856,69.31078,jack_out,10
138.66537,127.29748,72.680786,jack_out,10
145.99467,122.2851,73.78155,jack_out,10
154.77219,143.79305,72.55268,jack_out,10
151.74417,129.31454,66.175316,jack_out,10
147.08507,113.262146,69.18015,jack_out,10
29.763975,15.254469,14.765973,jack_in,11
20.670961,12.673187,14.423737,jack_in,11
20.361307,10.891064,15.500079,jack_in,11
17.058613,9.63784,18.651915,jack_in,11
16.38654,11.811911,16.398775,jack_in,11
18.966648,14.201935,16.226107,jack_in,11
27.016724,16.011507,14.843264,jack_in,11
25.615084,25.44533,16.383816,jack_in,11
30.033525,20.88467,19.342571,jack_in,11
13.702932,12.913639,16.66065,jack_in,11
10.701142,11.724925,16.95556,jack_in,11
12.033963,11.059019,17.321177,jack_in,11
13.068912,12.050086,19.367104,jack_in,11
15.377772,12.630855,19.888357,jack_in,11
26.187105,13.789123,17.421091,jack_in,11
20.871885,16.62692,18.677248,jack_in,11
30.335958,25.043402,17.740107,jack_in,11
22.231548,17.708685,15.23105,jack_in,11
16.373789,13.805761,13.977324,jack_in,11
18.698694,16.69188,14.244189,jack_in,11
13.384253,10.440068,16.230654,jack_in,11
10.3803625,9.580679,18.82907,jack_in,11
10.617764,11.147386,18.633583,jack_in,11
11.320946,11.232804,19.844904,jack_in,11
8.13149,10.589369,20.159985,jack_in,11
8.700145,9.906274,20.026344,jack_in,11
11.024801,10.948213,21.315271,jack_in,11
11.376984,11.587621,18.072924,jack_in,11
36.197613,31.081997,20.846584,jack_in,12
33.37229,34.59566,19.835758,jack_in,12
33.562523,34.662548,18.894289,jack_in,12
33.61821,34.42651,18.563425,jack_in,12
32.530434,34.778694,19.340342,jack_in,12
34.673973,33.635326,22.816494,jack_in,12
34.792526,33.865353,22.838533,jack_in,12
34.5924,33.644535,22.816263,jack_in,12
33.7639,33.235058,23.147783,jack_in,12
35.918312,34.043446,19.853954,jack_in,12
36.356388,32.936592,11.62205,jack_in,12
36.203327,32.842266,11.695411,jack_in,12
33.40824,32.190357,14.113665,jack_in,12
34.594124,32.05549,12.814148,jack_in,12
34.036396,32.660347,12.893345,jack_in,12
33.455006,31.885578,12.461584,jack_in,12
34.11026,30.941439,13.96223,jack_in,12
35.641357,30.720161,14.082048,jack_in,12
36.1535,31.469343,14.558454,jack_in,12
35.655846,30.5238,14.07545,jack_in,12
36.99774,32.558853,13.821138,jack_in,12
37.19959,32.501705,13.30809,jack_in,12
35.79844,32.09885,13.302555,jack_in,12
34.99187,31.9863,13.073879,jack_in,12
34.77139,34.585693,20.648438,jack_in,12
35.021126,34.336308,20.865578,jack_in,12
32.893234,35.767117,15.595165,jack_in,12
32.960255,35.010624,14.258284,jack_in,12
34.740986,33.76187,14.886116,jack_in,12
33.965885,32.695427,16.12817,jack_in,12
32.76959,34.15873,16.626108,jack_in,12
36.645252,33.088818,16.036398,jack_in,12
38.372253,29.247084,16.869228,jack_in,12
32.54582,27.35534,19.089956,jack_in,12
32.261967,31.931717,20.95786,jack_in,12
35.031284,31.354355,18.308647,jack_in,12
33.798935,32.47909,18.265089,jack_in,12
37.02907,32.862247,15.992974,jack_in,12
21.956442,19.795118,16.76023,jack_in,13
17.231735,12.59966,16.125845,jack_in,13
10.325082,9.122681,15.966724,jack_in,13
10.167923,9.496824,16.460861,jack_in,13
9.532194,12.22208,16.631216,jack_in,13
14.043426,17.886982,19.070095,jack_in,13
23.061764,27.321922,19.065622,jack_in,13
120.02914,133.16617,57.813717,jack_out,13
146.08832,144.11778,65.7094,jack_out,13
29.029963,29.709883,18.916054,jack_in,13
20.365126,19.030724,17.123384,jack_in,13
17.550537,12.338569,14.776543,jack_in,13
11.842486,9.90278,14.924673,jack_in,13
12.654993,10.015807,15.967345,jack_in,13
10.277625,14.140599,16.810759,jack_in,13
16.15296,18.256393,17.809877,jack_in,13
23.15277,28.879114,20.33926,jack_in,13
124.39462,136.05418,67.17097,jack_out,13
151.885,154.1991,58.34347,jack_out,13
161.91225,154.8405,64.47211,jack_out,13
166.74467,161.15356,59.417526,jack_out,13
166.8831,159.56125,60.126656,jack_out,13
159.70036,149.79494,61.768627,jack_out,13
24.109133,28.055004,19.967213,jack_in,13
16.07633,17.958948,15.88765,jack_in,13
12.033849,12.704919,16.970287,jack_in,13
10.03658,10.322281,15.762217,jack_in,13
11.830849,10.232988,16.660078,jack_in,13
13.388692,13.391952,17.20416,jack_in,13
19.798637,18.670645,22.21272,jack_in,13
27.923532,29.143934,20.125343,jack_in,13
168.36127,165.6427,56.291763,jack_out,13
29.858492,28.931334,21.75112,jack_in,13
17.0056,16.62938,17.587082,jack_in,13
13.562269,13.069713,15.605452,jack_in,13
9.790307,10.249314,14.234915,jack_in,13
10.407167,10.351742,14.67136,jack_in,13
10.007832,15.409524,15.504577,jack_in,13
16.383345,18.02895,16.92077,jack_in,13
25.481272,29.55685,18.534052,jack_in,13
147.39551,147.62756,60.097614,jack_out,13
32.51894,37.25132,15.796338,jack_in,13
21.491018,20.636385,16.51228,jack_in,13
12.026032,16.446127,17.133589,jack_in,13
10.616559,12.112335,16.513218,jack_in,13
11.022712,10.179775,15.864341,jack_in,13
10.95659,12.687097,15.494072,jack_in,13
15.451035,15.585458,16.149313,jack_in,13
24.1303,25.06013,18.556213,jack_in,13
143.82599,140.5935,56.64321,jack_out,13
159.05878,150.40659,64.88696,jack_out,13
164.8528,170.6349,65.02979,jack_out,13
169.16586,165.0833,56.181602,jack_out,13
19.997862,18.426735,18.233114,jack_in,13
12.156428,12.316751,14.83601,jack_in,13
9.725505,9.760156,16.081202,jack_in,13
8.730077,10.146311,17.071869,jack_in,13
9.940221,12.841405,16.782822,jack_in,13
14.783852,17.786001,17.347961,jack_in,13
21.402502,29.041214,17.838762,jack_in,13
167.1993,164.9415,57.18928,jack_out,13
30.419834,26.853348,16.398558,jack_in,13
22.002083,16.062696,16.13848,jack_in,13
14.534101,11.29808,15.817701,jack_in,13
8.635039,12.899603,16.987923,jack_in,13
11.003816,10.758885,16.26227,jack_in,13
15.099251,13.380209,16.26933,jack_in,13
16.31555,19.924295,17.65664,jack_in,13
24.387848,29.557936,17.722534,jack_in,13
21.845854,21.374128,14.066488,jack_in,13
16.185839,13.048235,14.038401,jack_in,13
11.359641,10.9641695,15.532225,jack_in,13
8.892161,11.827566,14.859,jack_in,13
9.4839,12.051035,14.835478,jack_in,13
12.319664,15.137301,16.146599,jack_in,13
17.907675,22.83528,16.91596,jack_in,13
28.42999,32.835796,19.990473,jack_in,13
20.374563,19.207592,17.268864,jack_in,13
15.860431,11.224878,15.99192,jack_in,13
9.44269,12.899068,15.702377,jack_in,13
9.72316,10.92557,17.067482,jack_in,13
14.670781,12.438488,16.310688,jack_in,13
15.184063,16.631681,16.330545,jack_in,13
22.276022,28.266712,18.299707,jack_in,13
25.414965,19.975243,16.095387,jack_in,13
14.933779,14.063636,14.044974,jack_in,13
10.0566845,13.630461,13.574817,jack_in,13
8.405623,11.6798,14.4531145,jack_in,13
13.180087,12.23688,17.113918,jack_in,13
14.574842,16.74759,18.370523,jack_in,13
24.26191,24.951176,19.688839,jack_in,13
165.37077,168.46632,58.180565,jack_out,13
8.509416,11.46013,20.202345,jack_in,14
10.638557,16.183964,19.85306,jack_in,14
23.405928,23.991127,21.852625,jack_in,14
28.598017,30.523335,21.962835,jack_in,14
39.799557,29.112146,13.008879,jack_in,14
28.59813,19.167566,13.565166,jack_in,14
18.778921,15.571711,13.328934,jack_in,14
11.873249,13.344523,13.216075,jack_in,14
10.300262,17.359344,15.340457,jack_in,14
21.792522,20.699299,20.815191,jack_in,14
24.573566,28.37373,19.344427,jack_in,14
35.64613,34.08869,21.134436,jack_in,14
30.035738,29.756895,19.063341,jack_in,14
22.120096,25.14438,14.279968,jack_in,14
16.664618,12.85475,24.948349,jack_in,14
21.214846,21.15869,21.903059,jack_in,14
25.847685,32.044952,23.812258,jack_in,14
140.21843,141.1929,57.5883,jack_out,14
152.12494,151.97632,55.906555,jack_out,14
26.523556,36.51038,18.265656,jack_in,14
19.857113,29.503925,14.365448,jack_in,14
12.274302,19.427917,18.666763,jack_in,14
18.33801,16.264122,17.94307,jack_in,14
19.622581,22.024399,20.235456,jack_in,14
30.103077,28.220316,20.130278,jack_in,14
21.475231,19.72807,14.430548,jack_in,15
138.2686,141.617,64.357155,jack_out,15
142.46648,107.722374,77.15145,jack_out,16
146.48714,129.06982,76.01053,jack_out,16
146.60266,126.66801,76.16135,jack_out,16
158.56651,138.882,83.53269,jack_out,16
155.11615,140.39749,89.34299,jack_out,16
131.78886,138.69824,104.48897,jack_out,16
123.76119,135.64087,99.152596,jack_out,16
128.09811,136.17587,106.452034,jack_out,16
140.61601,143.85905,102.17202,jack_out,16
138.59615,138.65143,102.61889,jack_out,16
135.79594,142.53346,103.3526,jack_out,16
131.36853,140.60298,95.53213,jack_out,16
140.52115,149.0954,94.24662,jack_out,16
123.05653,132.24107,79.44826,jack_out,16
148.69095,158.7308,85.66741,jack_out,16
148.20966,152.08394,86.41653,jack_out,16
160.78719,157.83064,79.76224,jack_out,16
157.94063,152.46257,93.32618,jack_out,16
148.5008,140.33621,83.17749,jack_out,16
138.93784,124.957405,85.98156,jack_out,16
138.113,124.98713,78.50421,jack_out,16
136.99521,128.00252,58.054,jack_out,16
132.4955,122.06778,72.957085,jack_out,16
49.334652,14.335742,23.954184,jack_in,16
135.31842,117.237785,74.05903,jack_out,16
144.92159,120.54511,81.067245,jack_out,16
157.48282,133.1415,65.8585,jack_out,16
150.9349,139.82996,100.17958,jack_out,16
155.29123,144.08002,91.89113,jack_out,16
153.74849,149.72635,106.26577,jack_out,16
141.64955,146.90024,117.42236,jack_out,16
146.85211,147.30147,125.29558,jack_out,16
146.04883,150.47095,120.62761,jack_out,16
151.94557,153.71277,117.30584,jack_out,16
146.91801,150.53928,115.65973,jack_out,16
149.38806,156.31247,120.78861,jack_out,16
151.44322,154.84581,126.64271,jack_out,16
145.61317,153.00116,111.65173,jack_out,16
152.46748,139.22525,105.23258,jack_out,16
154.05568,143.08565,97.36072,jack_out,16
148.50253,147.35298,91.94169,jack_out,16
147.50203,136.13249,91.78752,jack_out,16
134.97906,126.19584,90.45388,jack_out,16
127.77161,125.53902,85.64806,jack_out,16
137.65434,120.540344,75.47424,jack_out,16
144.99236,135.26697,80.18028,jack_out,16
143.68327,128.0058,99.15303,jack_out,16
149.35133,141.80736,101.72662,jack_out,16
142.06573,134.19237,122.66847,jack_out,16
141.48547,145.71289,118.54812,jack_out,16
146.54921,132.67462,127.751114,jack_out,16
144.66708,150.48116,113.25842,jack_out,16
147.59569,153.15758,119.97163,jack_out,16
147.32315,151.85619,115.94337,jack_out,16
145.67717,151.09726,128.91791,jack_out,16
146.40062,149.26906,132.00188,jack_out,16
142.60777,150.57332,132.60173,jack_out,16
146.59021,149.90936,111.71823,jack_out,16
148.24916,139.71274,112.85562,jack_out,16
141.20328,136.2106,114.438416,jack_out,16
146.062,131.53307,104.54956,jack_out,16
151.17307,121.29417,90.60222,jack_out,16
143.33476,114.90794,94.69135,jack_out,16
136.24399,120.20878,74.22429,jack_out,16
144.9589,112.6455,75.36537,jack_out,16
150.43777,103.2131,96.68223,jack_out,16
155.94939,116.66125,92.00784,jack_out,16
155.37991,135.14883,78.57031,jack_out,16
153.70789,142.32162,103.34653,jack_out,16
148.79433,141.42546,113.79853,jack_out,16
140.20071,141.70552,119.016174,jack_out,16
149.10095,146.99991,118.43263,jack_out,16
147.75896,146.38017,108.68066,jack_out,16
154.86302,156.41159,99.334785,jack_out,16
156.59494,158.00285,93.244576,jack_out,16
147.05373,153.4495,108.45458,jack_out,16
153.24446,151.68642,91.33154,jack_out,16
151.1573,116.457695,109.77282,jack_out,16
147.46246,139.36491,96.20947,jack_out,16
141.98717,138.79138,109.98207,jack_out,16
144.06392,139.70407,90.18864,jack_out,16
143.5218,125.20228,108.21138,jack_out,16
125.54399,133.7686,96.71548,jack_out,16
163.88036,101.13755,99.37156,jack_out,17
143.20523,144.03374,80.42249,jack_out,17
147.94505,160.59837,84.12915,jack_out,17
143.81995,155.4069,95.22644,jack_out,17
107.33736,148.09512,102.35018,jack_out,17
148.6886,161.48383,96.18571,jack_out,17
146.10054,127.37424,109.934395,jack_out,17
9.28093,17.824343,18.14454,jack_in,17
24.329472,32.5346,13.325318,jack_in,17
7.280038,18.060932,2.862044,jack_in,17
28.943192,31.501986,12.125398,jack_in,17
150.87054,143.47878,66.70987,jack_out,17
155.95042,153.88977,72.8309,jack_out,17
24.762257,39.816444,17.386988,jack_in,18
19.89423,12.890497,15.737078,jack_in,18
9.4996395,12.717428,18.208868,jack_in,18
7.2572837,10.005611,22.263758,jack_in,18
11.291245,12.985038,16.77408,jack_in,18
35.612083,25.624197,24.716862,jack_in,18
17.904331,15.42852,13.818122,jack_in,18
9.020859,8.912156,13.814188,jack_in,18
8.843289,13.376741,24.760529,jack_in,18
5.726286,9.924836,17.035572,jack_in,18
9.454922,11.02548,14.761458,jack_in,18
16.743616,15.58397,14.099526,jack_in,18
15.333627,15.341645,13.965457,jack_in,18
10.333862,15.10625,14.634059,jack_in,18
7.8089905,11.628135,21.44792,jack_in,18
7.5012445,13.70756,17.084475,jack_in,18
10.9535885,11.858351,14.533829,jack_in,18
22.333529,39.53545,17.171108,jack_in,18
22.955626,41.53392,14.80938,jack_in,18
20.141516,17.28004,14.262194,jack_in,18
15.116036,9.420119,14.951381,jack_in,18
7.768065,8.462111,14.211216,jack_in,18
6.976623,9.458601,22.418253,jack_in,18
9.390528,13.7529545,14.749458,jack_in,18
13.521534,15.423116,14.999381,jack_in,18
28.382727,20.475895,15.834181,jack_in,18
15.060645,12.518399,17.479445,jack_in,18
9.702574,8.359685,20.832848,jack_in,18
6.275261,8.059952,23.57889,jack_in,18
11.369468,16.04143,15.846906,jack_in,18
16.326427,17.360867,16.67094,jack_in,18
9.900217,11.631726,14.730357,jack_in,18
6.7886496,8.15071,14.826284,jack_in,18
8.963833,8.055445,15.142257,jack_in,18
10.50118,14.776836,19.468033,jack_in,18
19.841553,48.44129,14.870195,jack_in,18
176.56207,74.876915,63.79025,jack_out,18
14.3212385,10.888136,16.343792,jack_in,18
7.4446054,10.962427,23.718115,jack_in,18
14.583742,14.7259245,13.378556,jack_in,18
22.025702,38.254936,17.163958,jack_in,18
20.78381,15.698034,15.841463,jack_in,18
13.140668,11.250376,15.161516,jack_in,18
7.805496,8.590159,16.491001,jack_in,18
7.06022,9.724333,14.79735,jack_in,18
9.242013,8.706442,14.085262,jack_in,18
11.007966,8.692692,13.772091,jack_in,18
12.0583935,11.041272,14.132223,jack_in,18
14.409622,11.934986,14.711757,jack_in,18
15.154908,12.785259,14.887911,jack_in,18
14.018593,7.937337,23.646553,jack_in,19
13.028116,8.698586,24.585659,jack_in,19
15.325206,12.477179,22.50035,jack_in,19
29.883272,37.434864,19.52708,jack_in,19
13.358173,25.804153,15.102318,jack_in,19
10.284035,11.044072,18.366016,jack_in,19
35.726803,14.510444,16.54113,jack_in,19
33.558598,17.2706,11.883038,jack_in,19
8.662701,11.475451,17.846954,jack_in,19
10.582397,13.135348,19.967512,jack_in,19
16.631847,36.287563,10.460892,jack_in,19
11.951457,10.968962,14.488552,jack_in,19
18.847692,15.27871,24.624784,jack_in,19
13.291508,16.633698,19.346592,jack_in,19
12.897354,35.781807,14.5994005,jack_in,19
24.20195,16.385923,21.323545,jack_in,19
9.107462,19.776857,15.344033,jack_in,19
33.844547,35.212193,11.60809,jack_in,19
41.41807,23.507723,12.132712,jack_in,19
23.187616,33.960274,12.192912,jack_in,19
15.5041685,11.776757,13.631155,jack_in,19
24.317957,13.729045,12.477021,jack_in,19
124.332085,141.58505,64.95241,jack_out,20
127.04063,135.787,69.70307,jack_out,20
135.03824,139.5422,70.13188,jack_out,20
124.225914,138.70367,76.726105,jack_out,20
152.47533,150.04536,60.276894,jack_out,20
118.63425,137.32603,63.42649,jack_out,20
139.33623,142.0165,58.04606,jack_out,20
130.25877,148.49492,56.82241,jack_out,20
121.7344,144.87946,68.79997,jack_out,20
125.27547,142.70314,75.96319,jack_out,20
123.84832,131.78969,57.52872,jack_out,20
18.215664,17.677559,21.432617,jack_in,21
18.100832,16.313131,23.02899,jack_in,21
17.158936,10.776379,21.473469,jack_in,21
20.969774,11.452237,21.062458,jack_in,21
21.880756,17.730003,24.704853,jack_in,21
27.755526,19.651463,24.46151,jack_in,21
21.408735,15.664438,24.131878,jack_in,21
30.539875,23.89033,23.893288,jack_in,21
13.422071,9.940359,10.150787,jack_in,21
11.035279,7.111271,10.121991,jack_in,21
8.2933,7.1429253,11.283516,jack_in,21
6.7322817,8.474542,10.645566,jack_in,21
6.6054783,6.9945097,10.604225,jack_in,21
6.7168536,7.7905707,10.859006,jack_in,21
7.5880923,9.764103,10.432866,jack_in,21
11.81478,12.544496,9.677962,jack_in,21
13.880311,15.5125475,10.416068,jack_in,21
15.407018,19.06859,12.857099,jack_in,21
19.040901,23.648535,10.441425,jack_in,21
19.462887,26.563677,10.869425,jack_in,21
37.453114,30.373156,14.213038,jack_in,21
33.413284,35.898895,14.13491,jack_in,21
31.171995,14.380732,13.55618,jack_in,22
21.561745,17.406816,5.486694,jack_in,22
18.103304,6.2974052,22.15908,jack_in,22
132.91664,129.12894,77.39786,jack_out,23
167.40565,166.21344,94.98316,jack_out,23
170.31802,167.44203,96.15032,jack_out,23
165.31445,163.03111,91.58757,jack_out,23
150.8318,149.07536,92.31489,jack_out,23
125.80452,128.43192,86.05386,jack_out,23
125.89968,128.00233,83.48123,jack_out,23
133.11713,128.27763,99.78033,jack_out,23
158.6969,154.55629,101.031685,jack_out,23
167.87598,167.4055,99.10033,jack_out,23
150.35289,145.52269,103.62494,jack_out,23
123.39183,127.2644,92.15511,jack_out,23
132.85144,125.39645,86.896286,jack_out,23
157.22697,152.99063,99.70509,jack_out,23
164.91808,164.12389,93.53918,jack_out,23
156.00075,157.88489,92.09651,jack_out,23
148.50604,147.46957,96.019066,jack_out,23
136.73328,137.61111,91.09275,jack_out,23
136.03006,129.13974,85.891045,jack_out,23
148.61594,144.3989,105.72197,jack_out,23
163.2734,162.31035,106.24293,jack_out,23
161.20169,162.68105,106.75027,jack_out,23
156.82571,154.87643,105.583,jack_out,23
134.77872,128.71227,94.83399,jack_out,23
25.25298,24.829039,23.810642,jack_in,23
155.11844,152.94319,88.67472,jack_out,23
160.608,159.69612,105.04292,jack_out,23
155.63449,156.54846,98.29916,jack_out,23
156.21541,158.27629,95.45876,jack_out,23
148.77408,144.62076,101.376495,jack_out,23
137.59663,137.23053,74.56902,jack_out,23
135.67184,130.82361,87.995636,jack_out,23
137.36671,138.55829,87.36348,jack_out,23
147.53445,144.5463,95.40775,jack_out,23
170.11903,169.70082,97.69555,jack_out,23
162.06752,161.6765,99.47998,jack_out,23
159.80772,159.23349,94.69498,jack_out,23
125.79399,130.52164,89.433136,jack_out,23
127.16116,123.0134,76.53745,jack_out,23
135.18596,127.92064,85.758865,jack_out,23
134.53745,140.38593,91.49789,jack_out,23
154.90695,155.53596,107.27975,jack_out,23
165.36618,163.35669,107.66047,jack_out,23
157.74568,159.27963,109.703606,jack_out,23
148.77798,147.8369,102.77601,jack_out,23
127.663605,126.816925,95.10801,jack_out,23
12.14098,22.251495,21.075386,jack_in,23
126.45457,124.08625,77.98692,jack_out,23
143.87633,144.39069,86.38812,jack_out,23
165.18575,164.93513,106.17218,jack_out,23
168.99332,166.5659,111.14897,jack_out,23
163.014,161.47607,99.55671,jack_out,23
141.69347,139.86475,101.451225,jack_out,23
136.67752,133.90498,86.54819,jack_out,23
129.66046,125.143265,84.175316,jack_out,23
27.306143,23.50362,24.09244,jack_in,23
128.86845,128.06831,75.80954,jack_out,23
138.11603,126.17774,87.54162,jack_out,23
132.8631,130.38536,91.614235,jack_out,23
156.09985,152.52592,102.31474,jack_out,23
158.55116,160.48209,92.0635,jack_out,23
156.71788,159.56757,92.662155,jack_out,23
132.18182,128.00922,102.17748,jack_out,23
132.74475,138.72108,68.892654,jack_out,23
140.89444,146.39766,76.65376,jack_out,23
148.14412,142.13774,79.381195,jack_out,23
156.67923,156.94542,94.35326,jack_out,23
172.69565,166.63316,93.721634,jack_out,23
170.0658,169.7675,93.43243,jack_out,23
159.21442,161.49728,98.05799,jack_out,23
146.89311,138.51462,103.8393,jack_out,23
145.16154,139.47926,96.766335,jack_out,23
120.69141,134.09106,84.179596,jack_out,23
134.19318,133.8133,84.34451,jack_out,23
142.26991,135.85245,94.06429,jack_out,23
167.32675,165.53647,96.036545,jack_out,23
173.81381,169.16861,96.76937,jack_out,23
162.16013,161.56577,100.70488,jack_out,23
154.03844,153.71898,100.33233,jack_out,23
135.58081,134.39178,84.64248,jack_out,23
130.689,129.79315,79.53895,jack_out,23
156.86617,158.82869,93.76915,jack_out,23
13.445077,11.025427,9.967288,jack_in,24
35.1109,8.8442,22.904568,jack_in,24
17.386793,20.348581,21.103992,jack_in,24
34.52335,13.973831,22.593317,jack_in,24
138.20395,133.75346,66.897194,jack_out,24
128.15846,126.33199,66.11303,jack_out,24
126.858925,128.7119,62.582767,jack_out,24
14.540019,13.207244,20.786198,jack_in,24
25.150908,42.43825,19.657127,jack_in,24
150.7764,155.14429,61.53746,jack_out,24
149.8591,154.77039,73.16702,jack_out,24
152.85571,160.44527,73.74487,jack_out,24
148.257,158.21265,73.9637,jack_out,24
140.23824,141.14044,74.997086,jack_out,24
137.1189,133.17853,69.967896,jack_out,24
147.89238,141.42188,62.77602,jack_out,24
21.30404,33.78872,22.862823,jack_in,24
146.67432,149.20985,61.316853,jack_out,24
148.83238,132.15083,69.78194,jack_out,24
148.31015,142.88222,73.37448,jack_out,24
145.76955,145.88947,73.94655,jack_out,24
137.15526,140.47981,72.193596,jack_out,24
134.06859,133.3226,68.86286,jack_out,24
140.73624,134.67813,65.080154,jack_out,24
9.8315735,15.810282,12.611865,jack_in,25
9.822189,15.419905,12.50082,jack_in,25
13.671195,16.181108,13.098194,jack_in,25
22.356623,18.459097,12.313853,jack_in,25
28.873493,23.361244,16.125563,jack_in,25
30.50445,23.323017,13.73093,jack_in,25
31.193325,18.290743,12.164825,jack_in,25
16.002478,12.29924,11.352669,jack_in,25
12.477827,11.23014,12.019228,jack_in,25
13.286962,15.115773,10.506443,jack_in,25
23.954958,22.289362,18.501762,jack_in,25
21.456549,21.918058,13.452449,jack_in,25
17.498945,16.19353,12.293564,jack_in,25
21.4492,22.436459,11.496991,jack_in,25
33.60159,20.282394,15.413855,jack_in,25
19.31089,17.901854,12.971641,jack_in,25
12.723834,11.599976,13.4736,jack_in,25
9.371105,5.390088,14.689202,jack_in,25
14.52065,16.508532,14.520908,jack_in,25
23.380424,22.37933,12.166512,jack_in,25
25.329271,22.52405,9.322848,jack_in,25
20.923462,18.783546,11.574114,jack_in,25
32.358044,27.955088,11.709403,jack_in,25
27.373217,21.218546,15.603344,jack_in,25
18.176435,15.920887,13.9717245,jack_in,25
14.775084,14.339988,12.236719,jack_in,25
8.351506,9.688075,13.333644,jack_in,25
7.787522,10.213708,11.665234,jack_in,25
12.815518,15.564382,14.194374,jack_in,25
20.190483,19.022762,14.471739,jack_in,25
14.344496,14.469374,11.598701,jack_in,25
23.741488,21.819092,12.90728,jack_in,25
29.911575,24.275595,14.966292,jack_in,25
43.18913,23.61738,14.755438,jack_in,25
29.12332,22.30298,13.942613,jack_in,25
18.002459,16.941948,12.428194,jack_in,25
13.908499,11.861027,12.345024,jack_in,25
10.916376,11.20834,12.464669,jack_in,25
10.070698,9.52743,14.1810255,jack_in,25
10.880359,9.872609,15.305217,jack_in,25
10.711657,9.71956,14.902446,jack_in,25
14.326953,8.844734,14.580189,jack_in,26
13.354655,9.420245,14.146175,jack_in,26
13.61406,8.647382,15.834432,jack_in,26
14.011922,10.022344,14.178099,jack_in,26
11.6147585,15.757237,14.487939,jack_in,26
16.993917,20.289831,17.365307,jack_in,26
21.943287,26.40392,17.987614,jack_in,26
32.859524,23.560741,15.089716,jack_in,26
21.05707,23.65971,12.265334,jack_in,26
14.8871,19.29619,12.312443,jack_in,26
13.363744,9.247519,12.574853,jack_in,26
18.141851,13.630127,14.480661,jack_in,26
21.83257,18.849543,11.360664,jack_in,26
15.762027,11.50475,13.11053,jack_in,26
11.375807,14.443848,13.867879,jack_in,26
14.153468,17.981354,15.460684,jack_in,26
19.588089,23.916145,18.175264,jack_in,26
25.456535,32.70113,19.094738,jack_in,26
157.31584,165.94118,56.58509,jack_out,26
41.079647,27.182777,17.388771,jack_in,26
24.498415,19.386374,15.169962,jack_in,26
16.820086,17.87131,13.751446,jack_in,26
11.7432785,8.595988,13.085605,jack_in,26
20.9958,19.193916,12.997146,jack_in,26
16.155807,11.344703,15.137092,jack_in,26
13.460285,9.066442,12.50358,jack_in,26
13.130028,11.106703,11.623898,jack_in,26
13.671556,21.157127,15.454943,jack_in,26
18.54112,23.41448,17.712019,jack_in,26
26.335806,32.20375,19.89443,jack_in,26
40.26566,28.198202,18.376081,jack_in,26
22.88774,22.99164,14.755412,jack_in,26
17.038708,18.227678,15.073204,jack_in,26
12.378953,11.848326,16.382654,jack_in,26
8.90973,14.137202,18.131727,jack_in,26
13.712949,8.024728,15.676461,jack_in,26
8.225834,10.946235,16.29576,jack_in,26
10.331673,15.466307,14.344126,jack_in,26
12.433159,19.137672,16.011358,jack_in,26
18.620026,24.227545,19.221798,jack_in,26
25.548578,32.14998,18.933502,jack_in,26
25.05905,23.52899,16.826622,jack_in,26
17.473715,16.743782,14.980685,jack_in,26
12.458085,9.18164,13.401487,jack_in,26
7.1756983,13.355734,12.3982935,jack_in,26
13.25237,9.3183565,13.9514265,jack_in,26
11.556842,9.493699,13.779232,jack_in,26
17.253119,11.941046,13.3780985,jack_in,26
12.458054,17.406109,15.392343,jack_in,26
17.104874,23.447906,18.409506,jack_in,26
26.183352,32.48487,19.580833,jack_in,26
152.0338,153.88873,56.422497,jack_out,26
37.464584,22.762596,16.355583,jack_in,26
22.545233,18.832294,13.509917,jack_in,26
17.532942,10.673353,11.491508,jack_in,26
7.875368,14.599793,14.430316,jack_in,26
10.5205555,10.794519,17.931282,jack_in,26
11.151059,9.573454,12.490166,jack_in,26
10.950946,12.471613,12.952031,jack_in,26
11.693793,20.642122,15.162613,jack_in,26
19.650518,27.282043,17.50175,jack_in,26
26.279076,34.85174,18.461449,jack_in,26
163.6359,160.51477,56.170525,jack_out,26
36.791798,23.800447,17.4794,jack_in,26
22.715284,15.544692,16.145397,jack_in,26
15.752872,12.452369,12.867929,jack_in,26
16.723763,7.3053546,13.237822,jack_in,26
17.307682,6.272229,12.87538,jack_in,26
11.230508,13.776206,16.71095,jack_in,27
11.134943,11.887184,13.420689,jack_in,27
13.066494,11.329676,16.065327,jack_in,27
11.911879,20.935804,19.012566,jack_in,27
14.366811,15.55268,19.292738,jack_in,27
15.6448345,10.850593,19.704575,jack_in,27
14.07208,12.185213,18.557589,jack_in,27
18.535986,21.384161,17.673645,jack_in,27
14.320617,16.337091,13.062068,jack_in,27
13.537198,14.232095,12.291702,jack_in,27
11.363351,12.878154,13.427308,jack_in,27
10.585001,13.354167,12.979565,jack_in,27
10.08666,11.398275,13.307898,jack_in,27
9.511923,11.140919,15.878303,jack_in,27
14.571518,11.935614,20.423405,jack_in,28
14.737649,11.582893,20.643478,jack_in,28
16.556896,18.26498,21.715824,jack_in,28
21.292881,42.23917,22.5649,jack_in,28
134.02971,135.46913,58.10021,jack_out,28
159.29526,155.09097,60.797703,jack_out,28
25.819613,17.148756,15.266652,jack_in,28
14.567838,9.668634,16.121014,jack_in,28
9.7412815,13.200157,18.733452,jack_in,28
12.129526,13.4095745,16.343136,jack_in,28
11.648415,14.185012,16.048397,jack_in,28
17.420864,22.793186,16.616259,jack_in,28
141.06343,142.75836,57.567837,jack_out,28
149.95662,148.8656,61.78405,jack_out,28
149.18701,148.34401,61.815475,jack_out,28
150.84193,153.86917,61.640472,jack_out,28
162.13539,162.76688,57.242466,jack_out,28
146.80986,147.43433,59.347744,jack_out,28
146.83014,147.83209,60.796745,jack_out,28
144.74255,139.80635,57.623394,jack_out,28
28.55995,16.10568,17.017714,jack_in,28
12.437061,10.880756,16.25124,jack_in,28
14.35362,11.114394,17.925425,jack_in,28
15.151432,19.20836,18.181152,jack_in,28
14.025344,12.954362,22.515633,jack_in,28
20.988394,23.344797,18.770073,jack_in,28
131.9808,133.86905,62.723694,jack_out,28
133.75714,134.47568,63.7677,jack_out,28
141.80844,138.26564,61.53772,jack_out,28
149.42252,149.02704,65.31732,jack_out,28
154.10532,152.95268,62.03239,jack_out,28
162.64557,158.9016,58.785297,jack_out,28
161.40662,159.94392,58.39659,jack_out,28
149.87103,148.27429,56.944935,jack_out,28
134.96178,126.01489,57.273647,jack_out,28
21.223509,17.93624,17.09449,jack_in,28
11.743665,12.881341,18.495068,jack_in,28
10.975458,19.92186,19.0214,jack_in,28
14.975281,14.879536,19.256361,jack_in,28
16.996092,15.85932,21.036081,jack_in,28
36.00953,26.241184,17.137728,jack_in,28
145.7427,144.5675,62.94737,jack_out,28
149.72467,153.9023,60.624317,jack_out,28
158.51605,159.06813,57.16886,jack_out,28
151.81073,155.51546,58.850838,jack_out,28
33.757442,29.490341,17.662302,jack_in,28
18.7671,16.19872,15.936379,jack_in,28
7.4972677,12.374843,22.395782,jack_in,28
7.634143,11.101507,18.295782,jack_in,28
11.252617,14.733392,17.884035,jack_in,28
22.63908,19.007492,16.81691,jack_in,28
139.88043,139.49844,63.60702,jack_out,28
152.9462,150.42715,74.867935,jack_out,28
154.55824,157.53186,65.79067,jack_out,28
159.74956,157.9677,67.09195,jack_out,28
161.63809,160.56003,67.095894,jack_out,28
166.96252,168.93095,65.05313,jack_out,28
163.13467,163.29536,60.758274,jack_out,28
150.27396,147.90178,61.782116,jack_out,28
155.49559,153.03728,59.657814,jack_out,28
153.05264,150.10747,59.39893,jack_out,28
23.832745,28.497877,20.389978,jack_in,28
22.920969,27.020775,19.090437,jack_in,28
117.39836,142.21721,58.94537,jack_out,29
118.76514,132.46822,59.074207,jack_out,29
136.88716,148.14505,64.01988,jack_out,29
128.6902,148.76651,60.274635,jack_out,30
129.42535,132.27127,86.740746,jack_out,30
128.22389,134.91547,89.95315,jack_out,30
133.5697,130.9107,86.28341,jack_out,30
137.5127,134.55165,93.27798,jack_out,30
136.49431,133.10364,86.29928,jack_out,30
125.14064,150.68195,86.776276,jack_out,30
122.36646,143.22546,89.491066,jack_out,30
122.63339,156.5545,93.77978,jack_out,30
128.0176,157.94214,97.95491,jack_out,30
146.09186,155.15065,94.471535,jack_out,30
142.40836,158.23485,90.52948,jack_out,30
126.34789,156.50587,91.84504,jack_out,30
121.89976,147.57164,93.44966,jack_out,30
124.31818,157.49356,96.74708,jack_out,30
123.79381,165.96796,98.27252,jack_out,30
132.84232,166.60437,98.52369,jack_out,30
135.18523,149.85822,95.20793,jack_out,30
131.87201,137.66196,91.49902,jack_out,30
136.0854,135.91594,90.70702,jack_out,30
118.85173,144.27596,87.88311,jack_out,30
129.60286,149.9799,93.18791,jack_out,30
127.34816,165.3186,91.77098,jack_out,30
129.1089,165.12997,93.7334,jack_out,30
129.31027,161.2753,95.786354,jack_out,30
131.92044,144.99043,93.29969,jack_out,30
122.212006,131.88918,87.5735,jack_out,30
133.2064,145.8559,89.081985,jack_out,30
137.20207,148.56648,87.19799,jack_out,30
144.69566,143.35909,91.23745,jack_out,30
144.86975,158.2988,89.816505,jack_out,30
141.80205,155.84042,90.87725,jack_out,30
146.62424,145.9471,85.79825,jack_out,30
125.17784,148.33882,90.16451,jack_out,30
132.24524,153.64848,98.295006,jack_out,30
142.4376,150.01581,95.80392,jack_out,30
146.07214,150.13148,97.79597,jack_out,30
135.16585,157.4185,93.699905,jack_out,30
131.4652,151.20279,85.42087,jack_out,30
129.19661,130.19002,84.070366,jack_out,30
154.63615,113.9845,91.97405,jack_out,30
127.3731,145.2895,97.31487,jack_out,30
129.43375,146.2362,94.42719,jack_out,30
142.56406,147.76566,91.628914,jack_out,30
137.479,156.47256,96.45752,jack_out,30
133.85895,166.21065,96.94131,jack_out,30
139.36073,154.70244,89.91313,jack_out,30
134.68436,137.99408,83.71063,jack_out,30
129.7665,148.75917,94.466934,jack_out,30
131.8227,161.96558,97.15813,jack_out,30
139.59506,158.26323,94.25712,jack_out,30
139.11806,155.78792,100.20234,jack_out,30
142.31378,158.64735,97.73034,jack_out,30
131.20403,164.22112,91.0495,jack_out,30
129.99846,152.08092,83.696365,jack_out,30
122.704475,138.83096,94.33119,jack_out,30
29.984041,32.408085,21.396532,jack_in,31
18.990004,20.557093,20.75855,jack_in,31
19.575483,22.863405,22.980333,jack_in,31
32.5094,31.497196,20.69924,jack_in,31
35.470688,34.118034,24.688995,jack_in,31
28.830364,27.714792,23.399935,jack_in,31
32.72955,29.605406,24.947304,jack_in,31
29.183533,24.599504,23.804705,jack_in,31
30.446686,26.308487,23.966143,jack_in,31
34.96011,32.621807,23.804466,jack_in,31
34.75586,32.10006,24.242188,jack_in,31
33.755016,31.693798,23.750528,jack_in,31
28.100208,25.05442,21.61046,jack_in,31
27.84584,23.749773,20.414907,jack_in,31
18.827713,17.277685,20.182705,jack_in,31
19.736404,16.13832,24.411963,jack_in,31
28.430344,25.381014,16.791004,jack_in,31
29.782543,24.820036,16.4913,jack_in,31
33.312717,28.737125,15.300584,jack_in,31
21.613668,13.581319,19.098894,jack_in,31
29.749386,17.325558,24.403847,jack_in,31
16.896029,12.057903,24.968575,jack_in,31
37.847942,21.918608,20.669771,jack_in,31
36.281574,24.03464,20.840183,jack_in,31
23.737068,27.206076,21.02055,jack_in,31
23.686716,26.943993,20.751081,jack_in,31
32.843147,27.21677,20.518866,jack_in,31
29.374794,29.296053,21.62785,jack_in,31
29.87109,30.008572,21.862514,jack_in,31
17.184267,17.14732,20.645523,jack_in,31
19.142754,14.755425,19.918251,jack_in,31
37.2962,30.80744,24.500696,jack_in,31
35.83449,29.710539,24.60326,jack_in,31
28.629007,21.542797,21.42756,jack_in,31
22.531092,24.208622,21.219254,jack_in,31
21.832973,26.329016,21.883844,jack_in,31
16.48484,12.926164,14.068624,jack_in,31
16.85105,13.186241,13.899318,jack_in,31
22.641829,16.85045,18.169472,jack_in,31
15.977709,11.459132,17.444029,jack_in,31
15.791972,11.281823,17.065166,jack_in,31
38.55018,30.227654,15.678092,jack_in,31
38.218,30.182064,15.793239,jack_in,31
22.811895,33.42341,23.692387,jack_in,31
22.845978,31.33498,23.795986,jack_in,31
24.70445,21.234543,18.74521,jack_in,31
29.904364,21.80654,15.806121,jack_in,31
29.92162,20.797424,15.11483,jack_in,31
28.494219,22.220495,16.60687,jack_in,31
31.457346,24.919762,19.25949,jack_in,31
30.916409,24.48662,19.296894,jack_in,31
32.449066,27.028381,21.753883,jack_in,31
34.982594,30.015684,21.775389,jack_in,31
31.0258,37.61781,16.767937,jack_in,31
22.962849,13.743571,15.747625,jack_in,31
20.984446,12.211477,15.464885,jack_in,31
17.969578,12.202917,15.679407,jack_in,31
23.38507,17.267012,15.693919,jack_in,31
23.562492,17.577744,15.523817,jack_in,31
35.269573,34.64799,19.712666,jack_in,31
29.829613,28.88884,17.767578,jack_in,31
16.724463,10.92173,19.423615,jack_in,31
17.446909,13.613901,18.02459,jack_in,31
23.189655,10.455642,16.848646,jack_in,31
16.247189,14.245591,18.708021,jack_in,31
23.908932,19.846281,18.743074,jack_in,31
38.125122,31.769995,18.81624,jack_in,31
38.735462,24.133242,13.826269,jack_in,31
36.890232,23.399504,14.00333,jack_in,31
16.465137,19.131252,15.880911,jack_in,31
17.979185,23.052853,18.279205,jack_in,31
18.393007,18.45516,17.795612,jack_in,31
38.40096,30.98286,19.148066,jack_in,31
27.833803,18.856073,15.25064,jack_in,31
26.327953,19.059044,16.678034,jack_in,31
23.999247,15.857482,19.303589,jack_in,31
16.829407,15.065875,18.957779,jack_in,31
16.9006,14.708073,20.045391,jack_in,31
36.732674,30.119062,18.00005,jack_in,31
36.744667,29.387184,18.082994,jack_in,31
127.79477,124.38837,78.093346,jack_out,32
134.79169,132.03233,76.26646,jack_out,32
141.11255,156.57674,85.8852,jack_out,32
143.70076,152.81007,84.196335,jack_out,32
141.22507,154.38202,80.269165,jack_out,32
135.0382,148.03403,87.60922,jack_out,32
139.328,150.14561,83.43739,jack_out,32
136.02814,151.85025,75.277626,jack_out,32
134.21826,141.1919,80.88054,jack_out,32
131.13373,130.97264,71.7893,jack_out,32
129.99904,122.672844,75.58011,jack_out,32
128.56787,142.63954,78.088425,jack_out,32
138.91211,153.74934,84.601875,jack_out,32
144.07146,148.54689,86.04327,jack_out,32
145.25249,148.2708,91.19268,jack_out,32
147.29483,151.17435,94.33236,jack_out,32
142.1383,158.60991,95.83411,jack_out,32
141.942,158.68504,92.02324,jack_out,32
144.16718,148.21179,79.01799,jack_out,32
134.01201,141.155,80.79214,jack_out,32
127.788506,140.36185,77.00398,jack_out,32
127.0913,123.624725,56.976166,jack_out,32
128.21614,128.61368,72.657234,jack_out,32
130.71306,133.69351,65.06447,jack_out,32
137.43399,144.90486,74.5379,jack_out,32
150.95267,154.25278,78.77138,jack_out,32
156.1881,145.94823,78.32873,jack_out,32
150.65298,140.17508,78.26911,jack_out,32
133.8383,146.62585,69.53768,jack_out,32
131.27422,153.31267,75.133316,jack_out,32
131.4167,142.19371,68.732666,jack_out,32
132.07848,124.3551,74.341644,jack_out,32
139.77324,133.9455,72.79311,jack_out,32
146.06773,131.92152,76.74287,jack_out,32
153.71245,140.58087,67.774994,jack_out,32
152.32588,133.28941,75.406265,jack_out,32
152.19319,119.77119,76.44559,jack_out,32
149.26396,133.94772,74.9977,jack_out,32
136.98846,130.08434,74.111404,jack_out,32
138.58813,127.32018,70.429245,jack_out,32
131.79668,133.70367,78.35055,jack_out,32
124.08787,132.0041,66.079094,jack_out,32
125.13993,128.06183,63.85533,jack_out,32
137.07695,128.61246,70.00041,jack_out,32
147.64624,136.1884,74.237434,jack_out,32
149.89565,118.06854,80.6191,jack_out,32
114.40115,165.62495,60.44475,jack_out,32
152.50403,139.8483,73.50271,jack_out,32
148.64543,140.45825,71.25425,jack_out,32
146.67459,142.94273,68.5654,jack_out,32
139.1653,140.11229,66.080765,jack_out,32
138.75966,137.88846,74.86354,jack_out,32
133.1963,139.62943,67.92898,jack_out,32
128.21898,126.476,73.12259,jack_out,33
128.26707,127.32587,76.15377,jack_out,33
128.03067,127.49982,76.65582,jack_out,33
128.06079,127.48817,75.667336,jack_out,33
128.06079,127.48817,75.667336,jack_out,33
6.970913,30.41522,24.514627,jack_in,33
24.764769,24.260887,24.63183,jack_in,33
153.60425,130.87445,58.218147,jack_out,33
153.60425,130.87445,58.218147,jack_out,33
131.524,148.52292,74.57016,jack_out,34
175.98198,168.79102,59.327675,jack_out,34
176.5181,167.90399,59.23814,jack_out,34
174.69507,167.62904,55.604733,jack_out,34
176.03497,168.95197,56.96901,jack_out,34
174.7815,169.61021,56.73116,jack_out,34
178.26912,171.53032,62.161495,jack_out,34
172.8812,165.74396,60.252293,jack_out,34
165.23056,166.21251,56.152115,jack_out,34
160.45154,163.06612,56.34215,jack_out,34
163.00441,162.62947,59.179207,jack_out,34
27.986082,32.12538,20.041416,jack_in,34
12.73067,28.773727,19.418201,jack_in,34
14.3539505,24.783627,19.582384,jack_in,34
14.786275,20.419245,21.81927,jack_in,34
11.449003,17.262373,21.99656,jack_in,34
10.202878,19.027771,20.104292,jack_in,34
24.366947,25.353807,23.792906,jack_in,34
17.460756,33.68462,23.664324,jack_in,38
26.654959,39.31567,11.89315,jack_in,38
31.663393,35.595688,19.224806,jack_in,38
31.13088,18.086636,19.423841,jack_in,38
32.515057,22.295773,21.664707,jack_in,38
32.23214,22.55103,21.596556,jack_in,38
26.67107,23.95283,19.428637,jack_in,38
23.145184,25.960247,11.592381,jack_in,38
19.11883,8.353998,4.6098914,jack_in,38
54.831264,8.79388,16.080376,jack_in,38
61.804424,7.936991,15.1574545,jack_in,38
27.138884,41.021694,21.34371,jack_in,38
40.38496,25.253235,12.316799,jack_in,38
7.0540485,7.6529884,15.838561,jack_in,38
52.30537,3.0950956,15.062315,jack_in,38
163.27596,167.41132,63.225815,jack_out,38
8.064821,5.2528863,22.927307,jack_in,38
24.944843,42.95629,17.001417,jack_in,38
10.006377,41.902657,13.365592,jack_in,38
11.38356,45.945316,9.597326,jack_in,38
9.797515,57.380028,14.498336,jack_in,38
11.579406,46.554874,16.405922,jack_in,38
20.423857,40.92255,24.903969,jack_in,38
34.624706,31.536825,7.8814974,jack_in,38
22.963549,31.76758,10.940424,jack_in,38
18.766792,47.35042,12.752873,jack_in,38
15.541711,8.942833,10.411571,jack_in,38
34.963547,5.94465,13.092707,jack_in,38
32.2479,7.813589,13.59828,jack_in,38
1.6529189,46.89844,11.755337,jack_in,38
24.87206,22.17206,20.699163,jack_in,38
11.971542,41.768955,21.703737,jack_in,38
49.44877,12.100041,12.828244,jack_in,38
23.449253,12.649505,15.118732,jack_in,38
13.191271,37.61175,16.970358,jack_in,38
8.131972,12.637319,8.10915,jack_in,38
24.36574,34.33415,12.041888,jack_in,38
140.79308,165.23491,61.294537,jack_out,38
148.3296,163.4528,62.388897,jack_out,38
160.79091,152.88219,59.645103,jack_out,38
35.9923,25.95334,13.708597,jack_in,38
29.108953,35.158245,9.939172,jack_in,38
137.23302,122.323685,57.06412,jack_out,39
136.0785,121.958374,56.68044,jack_out,39
139.4776,122.88678,57.43085,jack_out,39
20.217756,17.552519,22.050192,jack_in,39
12.660759,20.055723,21.613493,jack_in,39
20.260393,29.965586,21.066153,jack_in,39
21.617506,37.163,21.812954,jack_in,39
151.2212,145.82645,64.73581,jack_out,39
149.40271,140.55759,69.40287,jack_out,39
150.22633,137.50385,70.68579,jack_out,39
142.26549,138.19081,63.43686,jack_out,39
34.342285,27.446161,14.576567,jack_in,39
24.563667,20.552288,12.936496,jack_in,39
24.205181,12.480419,13.780208,jack_in,39
26.020214,10.247069,12.342212,jack_in,39
29.335571,11.819917,13.604684,jack_in,39
24.948948,12.650846,11.062775,jack_in,39
19.281965,16.208046,13.386568,jack_in,39
21.283209,25.80241,17.8015,jack_in,39
142.43594,138.89839,90.16135,jack_out,39
149.29367,140.6391,58.94683,jack_out,39
148.54861,141.17194,59.999718,jack_out,39
20.536776,19.267916,23.405697,jack_in,39
15.8695135,14.792227,23.039373,jack_in,39
20.894352,8.689392,20.603443,jack_in,39
22.20401,10.644273,15.350084,jack_in,39
21.858183,10.127158,15.10026,jack_in,39
13.287704,17.452728,17.027794,jack_in,39
13.183157,24.329258,23.317652,jack_in,39
24.33839,21.10367,23.872252,jack_in,39
21.036263,15.7616,21.788937,jack_in,39
11.570658,11.185776,21.76737,jack_in,39
13.086616,11.85629,17.403906,jack_in,39
18.368639,11.888444,16.334406,jack_in,39
13.081003,16.53339,17.85364,jack_in,39
19.941996,25.775337,23.660255,jack_in,39
27.202991,35.75157,24.367245,jack_in,39
23.41779,34.261234,23.96637,jack_in,39
140.33585,142.16235,56.84979,jack_out,39
19.217274,11.521228,24.74606,jack_in,39
12.274847,13.325126,19.032076,jack_in,39
11.618625,16.51681,23.927961,jack_in,39
144.61392,142.78688,58.352398,jack_out,39
143.6748,140.14616,56.617393,jack_out,39
18.80232,35.542793,19.177456,jack_in,39
19.015596,12.262183,23.361923,jack_in,39
14.438987,12.60041,15.783851,jack_in,39
13.150038,13.328978,20.439001,jack_in,39
144.60262,134.13698,61.032825,jack_out,39
141.22781,113.97744,55.728573,jack_out,39
14.983882,22.069561,20.581656,jack_in,39
15.958169,16.152763,23.147886,jack_in,39
20.961548,16.19598,22.74273,jack_in,39
11.13314,14.781483,24.997118,jack_in,39
146.83372,130.53429,61.170147,jack_out,39
154.97879,137.57373,69.81292,jack_out,39
143.2339,118.05909,79.488884,jack_out,39
24.685038,20.329786,19.257368,jack_in,39
15.699664,12.743371,21.76666,jack_in,39
14.457931,13.042637,21.823706,jack_in,39
16.628664,12.770993,19.654243,jack_in,39
22.239326,30.663927,20.839588,jack_in,39
31.958412,35.399696,23.154036,jack_in,39
148.35318,141.2705,55.022118,jack_out,39
145.90952,147.61569,56.367855,jack_out,39
19.780117,19.7954,19.928465,jack_in,39
19.080639,14.041047,21.191637,jack_in,39
22.934559,15.97164,22.226032,jack_in,39
24.181232,26.668894,21.073696,jack_in,39
15.666488,15.680734,20.63691,jack_in,39
21.597141,26.15009,23.952772,jack_in,39
14.972928,25.848429,23.540834,jack_in,39
165.59795,140.72957,64.8932,jack_out,40
164.86816,148.52147,57.365875,jack_out,40
160.13527,147.17755,63.889557,jack_out,40
157.81886,132.31969,83.58362,jack_out,40
145.77396,133.44257,96.514404,jack_out,40
138.6284,113.32197,102.24866,jack_out,40
140.69441,137.85487,108.14267,jack_out,40
157.57074,138.31477,98.996124,jack_out,40
163.36372,150.87122,83.03508,jack_out,40
164.33543,151.73718,71.106125,jack_out,40
158.92566,149.4795,68.35205,jack_out,40
155.75102,146.48685,112.08012,jack_out,40
154.59305,146.28151,119.757,jack_out,40
139.28621,133.43005,129.80638,jack_out,40
131.28687,121.68839,110.53045,jack_out,40
120.93072,130.7082,111.64845,jack_out,40
141.9097,143.53987,107.59451,jack_out,40
158.44081,141.50706,63.64143,jack_out,40
162.09123,153.97655,59.25984,jack_out,40
160.42322,152.36334,66.36019,jack_out,40
158.85802,141.72583,66.41842,jack_out,40
154.89342,138.26027,98.29962,jack_out,40
138.12393,136.16347,113.42074,jack_out,40
125.73159,125.27368,115.46251,jack_out,40
130.22923,128.65805,110.43565,jack_out,40
151.36722,143.01958,73.68711,jack_out,40
157.59238,147.74803,80.12779,jack_out,40
157.87021,147.01271,62.915173,jack_out,40
160.8263,150.95638,64.67675,jack_out,40
154.20357,144.08179,78.280136,jack_out,40
147.26201,138.83794,81.832466,jack_out,40
121.69558,132.7814,107.89296,jack_out,40
145.71068,137.01868,56.09733,jack_out,41
155.59476,152.59041,67.311516,jack_out,41
152.32915,150.93155,76.9127,jack_out,41
146.71515,147.82089,78.57278,jack_out,41
140.15001,135.93506,67.10941,jack_out,41
130.02466,131.01025,56.88699,jack_out,41
26.80733,19.002321,16.006144,jack_in,41
35.38813,31.41753,14.814135,jack_in,41
158.52592,156.374,59.000687,jack_out,41
147.48984,145.8721,61.919273,jack_out,41
16.807571,24.267992,14.466929,jack_in,41
18.383556,22.974463,20.432545,jack_in,41
30.85732,28.713448,13.447133,jack_in,41
25.821995,14.206918,19.165955,jack_in,42
26.37779,16.762999,19.265928,jack_in,42
25.23888,11.354872,21.045803,jack_in,42
23.503399,18.026114,20.61564,jack_in,42
17.286674,15.186254,18.16245,jack_in,42
27.4562,27.220707,16.356396,jack_in,42
27.568336,27.594336,16.459124,jack_in,42
33.93861,32.069344,22.886484,jack_in,42
20.047167,9.086964,21.38169,jack_in,42
20.109985,9.646363,20.978437,jack_in,42
15.332568,7.9022408,19.166111,jack_in,42
16.05824,7.6683855,19.917671,jack_in,42
23.234434,17.292591,19.021643,jack_in,42
30.620728,14.081908,19.558588,jack_in,42
20.625105,11.632556,18.066715,jack_in,42
20.917522,17.748957,15.147879,jack_in,42
20.60365,17.99523,14.64353,jack_in,42
8.291406,9.066875,19.644352,jack_in,42
8.44592,9.265629,19.357555,jack_in,42
36.266075,29.830065,16.221315,jack_in,42
34.045883,35.311077,16.617668,jack_in,42
15.97524,13.786801,22.320503,jack_in,42
14.511098,12.039874,18.223093,jack_in,42
14.059827,11.185142,18.584482,jack_in,42
10.930451,5.484229,18.625757,jack_in,42
8.997001,5.1632323,19.17679,jack_in,42
15.958827,14.121211,21.749119,jack_in,42
15.353542,15.199311,21.74805,jack_in,42
15.162626,15.24703,20.077877,jack_in,42
10.635561,8.564605,13.519752,jack_in,42
7.5362177,8.536813,18.433746,jack_in,42
7.8380933,8.205017,17.734287,jack_in,42
6.6038446,8.01976,20.289751,jack_in,42
6.962776,7.9233274,19.424643,jack_in,42
11.997512,12.496654,14.114561,jack_in,42
41.356583,26.97545,13.8098545,jack_in,42
40.44307,26.2374,13.899631,jack_in,42
21.006502,26.525948,12.171274,jack_in,42
21.133602,25.48636,12.2773695,jack_in,42
12.125154,9.527141,9.0836115,jack_in,42
9.959214,9.729892,8.717039,jack_in,42
11.348278,11.1130295,14.934534,jack_in,42
17.169107,19.54082,14.46388,jack_in,42
16.285765,17.837402,13.403359,jack_in,42
27.416643,23.988749,12.673249,jack_in,42
28.486887,23.91757,11.777711,jack_in,42
132.26251,120.856064,59.923206,jack_out,44
139.13252,133.19232,83.809204,jack_out,44
143.85254,140.42786,82.48251,jack_out,44
142.87405,146.12276,72.26909,jack_out,44
140.0812,140.5748,72.142136,jack_out,44
136.10042,140.12021,78.5658,jack_out,44
134.055,136.45116,87.281494,jack_out,44
133.64551,120.980705,99.023705,jack_out,44
137.6658,125.48722,96.3099,jack_out,44
144.5491,130.56297,96.63772,jack_out,44
149.62619,133.89607,116.054276,jack_out,44
149.56253,132.51212,92.646576,jack_out,44
148.86588,125.78497,105.71778,jack_out,44
145.81233,126.2406,95.89004,jack_out,44
143.53732,132.02122,91.23194,jack_out,44
138.66777,130.19897,98.22393,jack_out,44
140.3457,136.52544,102.5122,jack_out,44
125.82187,124.58987,83.674545,jack_out,44
139.94221,135.30634,82.0503,jack_out,44
144.75447,137.08836,97.32371,jack_out,44
145.29807,138.04858,86.12081,jack_out,44
149.30017,142.57822,79.96619,jack_out,44
141.72148,132.88297,96.690765,jack_out,44
140.63008,136.49925,90.633,jack_out,44
144.6932,139.24193,92.838646,jack_out,44
138.0014,129.8537,91.05689,jack_out,44
142.08957,135.27876,83.759346,jack_out,44
133.76744,123.44386,72.210365,jack_out,44
129.15317,121.9457,71.06896,jack_out,44
140.30438,121.769615,80.61996,jack_out,44
136.54816,128.44435,82.26898,jack_out,44
144.96223,134.82538,72.04647,jack_out,44
146.58119,128.82776,89.86484,jack_out,44
146.01416,128.1066,89.86333,jack_out,44
146.75089,126.395454,72.21347,jack_out,44
144.615,123.189705,73.234474,jack_out,44
134.37491,127.17782,74.23021,jack_out,44
135.96237,129.02911,74.85796,jack_out,44
134.60182,118.31715,69.8867,jack_out,44
141.84135,128.09045,86.08134,jack_out,44
144.45213,125.453,92.59219,jack_out,44
137.83928,128.25436,90.88486,jack_out,44
141.18779,131.6342,102.48205,jack_out,44
140.29472,127.95942,95.36985,jack_out,44
139.99953,126.153915,81.08431,jack_out,44
133.08969,123.66423,79.03144,jack_out,44
136.69737,115.37479,79.27973,jack_out,44
26.064615,19.932861,24.749151,jack_in,44
159.93626,95.48787,82.83595,jack_out,45
151.97002,123.21636,76.223976,jack_out,45
123.00241,131.63446,89.7001,jack_out,45
146.41946,138.7764,78.25782,jack_out,45
157.18883,157.45839,91.3431,jack_out,45
142.79143,147.22354,86.38342,jack_out,45
123.188736,140.30695,100.37794,jack_out,45
121.37024,146.33716,127.340904,jack_out,45
170.04686,166.55226,120.319756,jack_out,45
165.01035,166.95905,119.254166,jack_out,45
160.06949,167.01776,89.03316,jack_out,45
103.89726,165.41644,145.45401,jack_out,45
90.34669,161.06314,147.19897,jack_out,45
123.38064,138.1763,126.22394,jack_out,45
108.82501,148.82364,115.211555,jack_out,45
124.068085,131.00061,97.83278,jack_out,45
116.37507,146.99152,109.29059,jack_out,45
124.80159,148.6847,75.78917,jack_out,45
98.723656,158.65202,108.60181,jack_out,45
98.47178,154.41508,95.739746,jack_out,45
131.85991,118.65291,67.87693,jack_out,45
136.27036,141.79082,57.421314,jack_out,45
128.79094,149.72662,56.457108,jack_out,45
137.86105,151.05608,56.29676,jack_out,45
118.48663,148.46326,78.66502,jack_out,45
128.87294,149.01453,84.69612,jack_out,45
119.80673,151.24908,62.677406,jack_out,45
139.71382,126.12948,76.18414,jack_out,45
167.33241,83.992714,148.29352,jack_out,46
168.68858,95.97988,120.3726,jack_out,46
169.97826,99.94568,113.1663,jack_out,46
170.86513,118.14814,116.44734,jack_out,46
168.7075,122.70027,125.56126,jack_out,46
175.80782,110.453316,115.84913,jack_out,46
166.73213,118.71025,119.41256,jack_out,46
171.30424,111.32945,111.27025,jack_out,46
169.0102,124.3059,119.736435,jack_out,46
172.10883,106.99057,112.65847,jack_out,46
27.607737,35.080257,1.6555215,jack_in,46
94.994514,160.12547,132.35458,jack_out,46
170.14401,103.39234,115.21676,jack_out,46
163.13397,109.87554,127.45952,jack_out,46
157.69714,146.60625,87.29445,jack_out,46
148.2471,111.8631,105.54443,jack_out,46
153.91676,116.897095,104.661705,jack_out,46
158.54166,124.98203,114.10821,jack_out,46
157.56662,115.01979,116.91622,jack_out,46
164.33028,90.099625,124.333885,jack_out,46
173.7446,87.988014,114.61834,jack_out,46
162.3059,102.40087,122.63268,jack_out,46
170.10677,98.25479,115.11439,jack_out,46
162.54521,111.20994,115.67649,jack_out,46
152.14757,138.30981,126.18065,jack_out,46
133.39825,163.0092,91.02165,jack_out,46
77.83281,178.3882,73.141464,jack_out,47
135.57706,119.394485,67.58894,jack_out,47
116.942055,153.2246,56.167217,jack_out,47
130.9921,129.03056,88.74107,jack_out,47
111.51618,140.20355,55.77809,jack_out,47
15.140519,16.735542,14.983605,jack_in,47
20.285053,29.946983,22.499128,jack_in,48
16.947443,18.35308,24.77807,jack_in,48
10.152725,17.163206,21.70383,jack_in,48
15.263527,36.378494,22.989933,jack_in,48
23.08207,39.025757,22.226456,jack_in,48
9.068565,12.35885,24.8041,jack_in,48
11.773728,22.23475,21.554626,jack_in,48
32.31178,35.136272,21.7007,jack_in,48
17.910639,15.294707,22.955791,jack_in,48
13.0,15.838948,21.363106,jack_in,48
20.846603,22.621132,19.723394,jack_in,48
13.902232,13.608967,23.687294,jack_in,48
19.554842,12.149388,21.563622,jack_in,48
13.502211,9.73486,19.042116,jack_in,48
15.896467,10.4906435,18.137037,jack_in,48
16.777037,14.283775,17.117388,jack_in,48
29.854427,27.430916,23.707663,jack_in,48
18.330843,19.291569,23.009897,jack_in,48
20.030281,19.118536,21.378372,jack_in,48
9.083352,12.22945,16.916922,jack_in,48
11.098757,10.400568,21.974731,jack_in,48
36.782295,21.117418,21.490562,jack_in,48
12.957225,12.709623,20.045322,jack_in,48
14.561225,21.7991,21.550497,jack_in,48
13.061555,15.383579,23.220026,jack_in,48
20.845442,20.308899,23.885927,jack_in,48
18.599253,18.728722,24.768429,jack_in,48
23.758244,25.355139,20.350655,jack_in,48
10.956751,11.9823885,22.619987,jack_in,48
14.6247015,19.64491,23.14853,jack_in,48
22.788647,47.053947,23.695301,jack_in,48
15.809869,26.06404,23.246326,jack_in,48
10.529417,15.054269,24.78393,jack_in,48
152.25935,160.08905,73.88981,jack_out,48
17.274925,12.620339,22.448364,jack_in,48
8.956685,13.124419,24.821287,jack_in,48
9.153453,11.398949,22.526466,jack_in,48
160.24048,156.47824,64.06041,jack_out,49
123.109375,134.56842,60.316593,jack_out,49
31.271097,15.429419,21.546547,jack_in,49
122.86755,127.86242,61.372585,jack_out,49
164.1363,162.84644,64.37358,jack_out,49
162.35466,162.63896,64.591324,jack_out,49
167.42778,154.31146,65.643524,jack_out,49
147.68942,145.49243,65.029915,jack_out,49
163.63788,150.02187,61.612366,jack_out,49
37.25511,26.431408,19.883297,jack_in,49
148.65184,169.58575,70.95644,jack_out,49
164.30592,155.37198,68.00014,jack_out,49
166.80876,166.8688,66.33115,jack_out,49
161.40082,155.38412,69.94732,jack_out,49
156.48613,150.69421,67.93118,jack_out,49
132.86348,127.44255,59.205074,jack_out,49
150.7744,136.93361,59.545074,jack_out,49
144.46584,138.66545,67.97806,jack_out,49
168.34174,163.4044,62.1742,jack_out,49
161.28267,154.55293,77.96566,jack_out,49
156.33673,153.09573,76.332436,jack_out,49
126.30189,125.9261,73.11872,jack_out,49
31.966154,30.692245,23.70169,jack_in,49
24.707548,13.840823,12.784272,jack_in,49
125.7296,130.46744,63.829926,jack_out,49
149.63916,142.12764,70.180374,jack_out,49
163.4686,162.01541,59.500023,jack_out,49
162.8094,158.81334,65.968575,jack_out,49
147.30707,144.87636,71.09533,jack_out,49
23.550545,24.411343,24.421274,jack_in,49
129.29768,127.59872,64.43613,jack_out,49
135.5061,160.68413,56.157845,jack_out,49
166.38997,167.1296,55.53476,jack_out,49
169.81181,166.64246,70.50317,jack_out,49
170.80768,163.27011,72.91485,jack_out,49
164.0307,154.32315,68.30035,jack_out,49
30.286016,28.829561,20.149895,jack_in,49
141.86884,136.1063,63.172287,jack_out,49
140.86615,166.72166,61.715557,jack_out,49
168.45413,166.13815,64.059746,jack_out,49
169.81654,163.23018,67.847466,jack_out,49
164.58754,157.43529,67.01016,jack_out,49
167.74957,160.4375,63.793076,jack_out,49
30.313147,27.012047,21.98067,jack_in,49
124.51455,128.75766,107.34674,jack_out,49
122.544136,143.48055,117.54813,jack_out,49
117.101234,152.57677,113.62463,jack_out,49
117.35868,152.68445,115.42162,jack_out,49
116.61718,149.86887,115.4131,jack_out,49
114.50154,147.65247,115.3785,jack_out,49
122.34469,137.34923,114.628365,jack_out,49
121.02284,141.57202,111.84363,jack_out,49
108.12267,153.14981,114.651764,jack_out,49
109.324165,154.94469,108.81509,jack_out,49
104.51567,159.68639,103.179596,jack_out,49
105.878075,159.48811,106.507835,jack_out,49
104.55951,158.32285,106.81719,jack_out,49
111.552475,148.2649,111.140434,jack_out,49
114.25105,138.44284,126.47466,jack_out,49
120.61805,129.87083,110.46551,jack_out,49
129.04735,138.47226,112.22579,jack_out,49
116.062614,151.33583,102.702866,jack_out,49
130.65465,147.72365,105.54625,jack_out,49
114.53519,156.11496,100.96096,jack_out,49
118.22193,154.7897,102.22333,jack_out,49
107.03012,151.37057,104.79014,jack_out,49
108.40472,143.08517,100.00668,jack_out,49
118.4641,145.75899,111.61747,jack_out,49
120.77026,149.72968,113.09856,jack_out,49
121.870705,149.0945,113.463615,jack_out,49
112.62539,154.3141,111.487755,jack_out,49
104.21775,156.79369,114.9419,jack_out,49
125.55256,143.07155,112.84264,jack_out,49
121.905594,130.74907,99.500465,jack_out,49
124.971695,131.23076,110.31695,jack_out,49
11.588335,9.951431,12.1859255,jack_in,50
11.773812,13.727808,13.467692,jack_in,50
17.852627,17.191986,14.603626,jack_in,50
20.89622,19.538225,15.695157,jack_in,50
36.918476,28.86392,19.07573,jack_in,50
25.903292,21.0511,13.171232,jack_in,50
12.426813,13.220048,14.306278,jack_in,50
11.630795,10.598099,13.601795,jack_in,50
10.420771,13.475681,15.350447,jack_in,50
12.9321165,17.320728,13.643438,jack_in,50
20.91541,20.808193,12.5690155,jack_in,50
21.638094,20.90896,12.496543,jack_in,50
35.80203,26.560102,13.005176,jack_in,50
152.99219,155.73544,65.102356,jack_out,50
27.204695,23.996283,12.962905,jack_in,50
21.95383,20.452961,11.589066,jack_in,50
12.6366005,13.835969,13.011153,jack_in,50
13.16534,15.3836565,13.208664,jack_in,50
14.429727,17.932014,15.354987,jack_in,50
18.18516,17.884058,15.505573,jack_in,50
19.94475,20.569101,13.820123,jack_in,50
20.96525,21.006035,13.972982,jack_in,50
29.2827,27.212431,14.184859,jack_in,50
33.984818,28.735909,14.740656,jack_in,50
26.085848,22.058996,13.664271,jack_in,50
13.06305,17.456736,13.131803,jack_in,50
14.268832,20.498524,14.454278,jack_in,50
14.258395,18.873638,15.811535,jack_in,50
21.094713,22.50159,14.420897,jack_in,50
37.40375,26.866705,14.805531,jack_in,50
113.48971,148.873,63.02224,jack_out,51
128.51855,144.48337,76.303665,jack_out,52
137.7845,145.30728,73.89915,jack_out,52
125.21956,128.38025,67.35693,jack_out,52
126.62542,129.26222,64.42208,jack_out,52
127.26569,129.93387,73.80664,jack_out,52
136.48811,128.73912,69.62408,jack_out,52
125.61015,135.31474,69.52838,jack_out,52
142.79958,147.3136,82.08084,jack_out,52
138.5578,129.9821,74.03288,jack_out,52
155.70163,144.71342,65.19255,jack_out,52
139.18097,130.82152,76.408104,jack_out,52
129.34067,125.78391,74.0063,jack_out,52
136.92622,125.01487,83.00489,jack_out,52
125.50139,133.45728,84.267654,jack_out,52
143.34937,149.18306,91.90804,jack_out,52
148.51877,153.15475,77.90038,jack_out,52
157.17932,152.365,80.1139,jack_out,52
159.522,148.34862,76.56705,jack_out,52
165.37132,146.90042,78.27244,jack_out,52
148.97992,144.58344,94.42123,jack_out,52
131.56978,130.83919,81.73497,jack_out,52
145.9479,146.46268,65.813225,jack_out,52
132.07314,129.37627,64.06539,jack_out,52
129.42628,137.5152,80.83468,jack_out,52
133.90942,123.050224,74.44224,jack_out,52
133.00284,125.79722,69.63962,jack_out,52
136.12613,137.16461,74.16457,jack_out,52
130.86403,128.19427,74.51402,jack_out,52
147.88197,147.67699,67.67155,jack_out,52
131.0717,133.35608,67.36378,jack_out,52
126.2529,125.989006,74.92332,jack_out,52
133.99101,133.30315,76.89317,jack_out,52
134.25462,132.21365,77.51217,jack_out,52
26.366934,39.769775,23.65247,jack_in,52
133.81705,140.40933,77.828995,jack_out,52
141.35974,147.30582,77.307014,jack_out,52
161.47128,149.6539,71.17042,jack_out,52
145.62457,140.5118,61.253967,jack_out,52
150.60257,146.0284,67.88834,jack_out,52
136.2584,122.0999,64.971855,jack_out,52
126.45592,129.71362,83.472916,jack_out,52
141.91203,144.84958,86.2418,jack_out,52
157.76405,155.98903,88.41538,jack_out,52
149.48497,146.10362,63.36898,jack_out,52
163.3014,151.6951,79.02452,jack_out,52
131.74954,132.47609,78.07767,jack_out,52
131.38661,123.33634,77.11325,jack_out,52
125.83978,135.06007,82.81334,jack_out,52
136.38744,147.16245,73.78218,jack_out,52
132.37785,136.38905,64.7581,jack_out,52
117.98707,134.08325,63.039433,jack_out,52
135.55687,133.25832,61.4176,jack_out,52
139.20198,142.57945,69.62138,jack_out,52
115.506294,137.47745,68.10589,jack_out,52
141.6082,137.97964,79.60812,jack_out,52
153.53906,157.63385,82.06204,jack_out,52
124.41605,129.79144,72.66457,jack_out,52
133.04341,137.72047,70.873375,jack_out,52
145.54567,149.65924,74.84543,jack_out,52
146.48819,145.91815,97.017555,jack_out,52
137.26816,136.69775,97.466675,jack_out,52
141.20175,132.77428,87.48329,jack_out,52
17.950584,19.83001,24.844301,jack_in,52
125.98541,138.35458,88.82744,jack_out,52
142.42146,147.5179,81.35455,jack_out,52
153.87894,152.12517,79.63774,jack_out,52
156.1508,150.6309,71.74355,jack_out,52
159.03877,149.94511,78.90241,jack_out,52
161.75317,149.69322,83.2558,jack_out,52
137.44098,131.83658,87.174995,jack_out,52
132.43314,129.83163,67.985016,jack_out,53
133.51984,131.74852,72.446,jack_out,53
140.58937,141.5318,84.65661,jack_out,53
136.76863,140.3041,87.81304,jack_out,53
145.04788,155.75055,101.482796,jack_out,53
154.32896,150.99518,89.74357,jack_out,53
156.2967,155.41968,83.248375,jack_out,53
158.33502,159.61949,88.70861,jack_out,53
146.95654,142.90369,84.13462,jack_out,53
150.13792,149.89531,94.72196,jack_out,53
148.5756,143.70952,86.750824,jack_out,53
157.38498,151.68083,86.56542,jack_out,53
144.77737,134.30127,79.34685,jack_out,53
132.5909,127.939285,75.49919,jack_out,53
117.11376,140.16441,82.353645,jack_out,53
122.76435,131.17258,76.59946,jack_out,53
133.35107,133.76102,82.06943,jack_out,53
131.93413,133.81023,86.54434,jack_out,53
151.8422,155.07578,105.527695,jack_out,53
150.94139,153.32713,101.44616,jack_out,53
162.0086,159.12352,98.695244,jack_out,53
163.96031,156.76044,96.62939,jack_out,53
159.40138,159.11848,106.539925,jack_out,53
153.76617,149.96994,93.73657,jack_out,53
152.08168,152.28226,93.99173,jack_out,53
151.28807,147.9136,85.408104,jack_out,53
133.73723,120.25025,69.88296,jack_out,53
135.66364,127.70934,77.27019,jack_out,53
132.16512,130.7201,89.764946,jack_out,53
147.9465,146.03561,94.909996,jack_out,53
152.76372,157.1943,105.36561,jack_out,53
147.75826,151.74458,105.61113,jack_out,53
156.89182,152.82253,98.89157,jack_out,53
140.27623,137.04929,94.00553,jack_out,53
159.9791,159.31825,93.46396,jack_out,53
157.88245,153.91315,86.1671,jack_out,53
154.65146,153.78236,103.632515,jack_out,53
149.33229,145.16911,90.48958,jack_out,53
135.57397,126.55538,81.43931,jack_out,53
138.41408,130.19548,72.790794,jack_out,53
135.57939,137.054,76.277985,jack_out,53
139.17465,138.45325,82.94145,jack_out,53
147.80766,158.67511,80.52922,jack_out,53
153.75238,156.2954,98.7503,jack_out,53
154.93674,155.10033,73.25965,jack_out,53
166.72798,162.37428,96.39983,jack_out,53
164.4954,161.87859,93.37896,jack_out,53
166.02483,160.59094,93.57817,jack_out,53
160.17628,155.42162,90.83433,jack_out,53
154.19806,140.4701,88.37139,jack_out,53
145.71077,120.62582,83.0497,jack_out,53
138.70137,112.280045,78.268166,jack_out,53
138.22775,136.39006,72.37541,jack_out,53
129.25557,128.85115,79.494286,jack_out,53
136.13223,133.39258,86.74006,jack_out,53
144.27722,141.08751,92.10683,jack_out,53
151.53809,152.68384,98.16657,jack_out,53
154.8596,154.8664,97.68327,jack_out,53
158.92209,157.76831,111.673615,jack_out,53
164.51807,157.19965,102.6431,jack_out,53
163.81776,162.33992,91.05994,jack_out,53
158.24962,157.79431,93.40573,jack_out,53
158.3491,155.93845,102.046684,jack_out,53
152.9416,151.37874,87.873215,jack_out,53
146.59903,132.66266,80.81442,jack_out,53
141.75664,141.64368,71.65216,jack_out,53
144.96222,138.9744,78.52182,jack_out,53
137.43356,140.81172,85.93773,jack_out,53
149.81999,148.92703,87.37106,jack_out,53
153.81425,154.95645,105.97991,jack_out,53
151.2778,150.59337,76.05269,jack_out,53
164.65599,160.76776,84.2838,jack_out,53
159.27284,157.30424,75.109344,jack_out,53
168.24524,166.59369,92.85849,jack_out,53
155.90521,155.09598,85.487045,jack_out,53
159.39062,153.79985,94.40513,jack_out,53
155.4721,146.28276,88.0114,jack_out,53
131.06314,125.61374,76.61428,jack_out,53
142.29881,121.32733,72.72739,jack_out,53
134.03497,122.6171,65.63716,jack_out,53
9.979238,11.350917,22.976736,jack_in,54
12.055663,18.006624,23.815454,jack_in,54
34.95221,25.735088,24.407713,jack_in,54
163.55057,151.43279,55.10353,jack_out,54
22.570692,31.502262,15.929575,jack_in,55
21.506851,28.185268,13.284465,jack_in,55
21.103138,30.353792,15.066413,jack_in,55
19.698933,27.545393,14.714353,jack_in,55
26.080956,32.127438,15.706678,jack_in,55
24.865532,35.13857,17.259497,jack_in,55
25.18843,28.17722,18.518822,jack_in,55
29.702677,32.687798,19.804422,jack_in,55
28.799229,33.665173,23.69485,jack_in,55
31.05248,38.88811,24.594046,jack_in,55
30.29692,38.18219,23.877483,jack_in,55
29.400585,35.764908,20.48424,jack_in,55
25.398394,40.486885,17.042355,jack_in,55
27.67779,41.008865,17.188753,jack_in,55
6.3710446,10.081181,22.413568,jack_in,56
7.448663,13.116928,23.296167,jack_in,56
8.985418,9.738011,22.672174,jack_in,56
10.770369,12.642984,22.01377,jack_in,56
16.787895,12.591501,22.722403,jack_in,56
26.077545,19.49569,21.967045,jack_in,56
32.22277,25.929312,23.406796,jack_in,56
14.982364,19.42884,24.634455,jack_in,56
6.628565,11.25657,24.647951,jack_in,56
7.3164387,10.876847,23.589842,jack_in,56
10.0099535,12.2685175,22.25055,jack_in,56
11.212819,15.976456,23.381973,jack_in,56
14.185193,20.250242,24.924217,jack_in,56
18.664234,16.149952,24.610651,jack_in,56
132.868,126.12865,81.003296,jack_out,57
138.77562,137.22575,55.35839,jack_out,57
143.81883,148.207,64.37514,jack_out,57
145.3209,144.57297,65.3669,jack_out,57
141.36441,141.7493,74.23996,jack_out,57
133.70044,134.13902,65.79372,jack_out,57
134.59457,134.20714,58.04338,jack_out,57
23.533583,15.978267,16.738626,jack_in,57
15.054165,13.963716,16.745384,jack_in,57
24.00034,15.82424,20.965107,jack_in,57
27.666899,22.506329,18.947412,jack_in,57
145.76466,142.61888,59.80891,jack_out,57
143.74457,144.61217,64.056435,jack_out,57
134.94875,137.84323,70.77633,jack_out,57
142.64964,142.2912,63.798664,jack_out,57
147.29935,142.82228,64.868706,jack_out,57
141.60318,139.18263,66.9161,jack_out,57
138.85022,133.36644,62.760693,jack_out,57
132.41127,131.83003,57.111923,jack_out,57
19.288956,18.11215,15.87141,jack_in,57
16.249569,14.187716,23.026333,jack_in,57
18.969454,36.042,20.150154,jack_in,57
28.136997,27.234232,20.07753,jack_in,57
144.07524,139.17621,56.335613,jack_out,57
146.86917,147.86906,68.967445,jack_out,57
135.09116,138.47607,63.095303,jack_out,57
135.05711,136.98625,63.879524,jack_out,57
143.4287,143.03421,63.10156,jack_out,57
135.93144,133.51054,67.564705,jack_out,57
132.18726,128.10399,64.092674,jack_out,57
22.921839,32.797295,17.660433,jack_in,57
17.843945,13.212115,17.10275,jack_in,57
141.3109,142.55846,58.720634,jack_out,57
144.05962,143.37274,68.0468,jack_out,57
143.55045,145.15866,60.372894,jack_out,57
143.68256,144.27242,63.183487,jack_out,57
141.75441,140.05733,60.41267,jack_out,57
139.23785,140.81216,59.864017,jack_out,57
134.7024,135.85683,58.05821,jack_out,57
20.496395,14.308337,15.214296,jack_in,57
16.67113,14.360906,23.886644,jack_in,57
16.730656,11.935762,18.858936,jack_in,57
26.093033,16.1002,18.328335,jack_in,57
29.967255,29.21225,16.456905,jack_in,57
144.15848,149.2737,63.106144,jack_out,57
131.76189,127.482864,72.20212,jack_out,58
127.30072,125.41131,77.089874,jack_out,58
14.348852,21.635548,17.245113,jack_in,58
124.28956,127.444435,74.72952,jack_out,58
141.34694,136.37767,67.99465,jack_out,58
132.49716,125.1796,58.27312,jack_out,58
132.71155,127.2524,63.445663,jack_out,58
135.55461,136.61684,75.37013,jack_out,58
129.08577,123.131615,73.99993,jack_out,58
133.7045,117.37028,84.47908,jack_out,58
130.71019,122.94146,77.61856,jack_out,59
129.88022,130.06114,73.07596,jack_out,59
134.20818,137.48096,56.289158,jack_out,59
143.09221,145.74307,69.039795,jack_out,59
145.74745,146.58066,82.010376,jack_out,59
151.28232,146.56712,72.30174,jack_out,59
152.43527,145.4405,77.82484,jack_out,59
148.20602,141.81738,77.7835,jack_out,59
145.95866,136.11227,83.04714,jack_out,59
133.25922,130.15994,78.90706,jack_out,59
126.352196,127.99286,90.83599,jack_out,59
127.46484,125.97461,74.40723,jack_out,59
133.41515,134.68442,71.3043,jack_out,59
138.14357,135.30809,74.18903,jack_out,59
143.73347,138.30107,86.92632,jack_out,59
136.26016,135.73499,68.822044,jack_out,59
130.81348,130.84193,75.40091,jack_out,59
126.19848,132.49466,79.23803,jack_out,59
134.22017,133.4044,109.133354,jack_out,59
135.78221,137.2845,81.55113,jack_out,59
141.265,144.00363,83.12594,jack_out,59
153.06819,146.12056,78.25899,jack_out,59
147.42563,146.06575,70.4773,jack_out,59
155.65208,147.96526,84.99083,jack_out,59
150.4402,148.03549,84.5018,jack_out,59
136.76881,145.70795,80.85671,jack_out,59
129.33867,139.02272,86.75886,jack_out,59
124.91495,133.20988,92.79185,jack_out,59
130.3774,129.23988,112.52679,jack_out,59
139.24097,132.06236,104.73518,jack_out,59
144.69582,132.66273,105.14734,jack_out,59
146.76643,140.14748,98.18351,jack_out,59
148.7276,146.22852,90.880005,jack_out,59
145.73692,140.35349,82.84619,jack_out,59
142.11557,126.47237,95.23128,jack_out,59
135.5662,129.78465,77.3444,jack_out,59
129.36873,127.60186,82.23,jack_out,59
128.30757,133.04211,58.79648,jack_out,59
132.57265,127.59716,71.25075,jack_out,59
133.73679,132.07578,69.54345,jack_out,59
128.72772,123.89681,80.455055,jack_out,59
170.13953,171.32089,85.353226,jack_out,60
167.71744,171.37811,79.966194,jack_out,60
172.06859,168.52394,77.82154,jack_out,60
177.50636,170.92282,77.912926,jack_out,60
173.27718,166.64699,81.62347,jack_out,60
147.84053,150.8176,85.99657,jack_out,60
145.26833,141.64708,83.78653,jack_out,60
148.64676,136.24246,92.2313,jack_out,60
158.03847,149.06592,91.73686,jack_out,60
169.112,163.3175,90.50367,jack_out,60
174.74419,171.50616,84.782104,jack_out,60
171.61725,170.59085,91.30937,jack_out,60
173.57066,164.66678,85.68427,jack_out,60
167.02843,169.35448,73.76394,jack_out,60
172.75285,170.50702,77.37012,jack_out,60
174.09511,170.22028,83.09598,jack_out,60
158.52884,156.32057,90.18383,jack_out,60
145.80608,145.01132,79.817894,jack_out,60
141.46182,134.7637,82.58342,jack_out,60
147.7909,145.32246,91.57908,jack_out,60
170.39537,167.90718,93.57057,jack_out,60
178.23962,171.25398,92.336,jack_out,60
173.4959,174.33235,83.17804,jack_out,60
173.25082,173.83388,89.16101,jack_out,60
172.73604,170.95726,76.73202,jack_out,60
176.67155,176.43057,80.1407,jack_out,60
168.66548,168.68752,81.597595,jack_out,60
161.93993,162.36633,93.07903,jack_out,60
140.82475,149.84966,94.835594,jack_out,60
129.7608,134.21274,84.25153,jack_out,60
131.23128,136.4595,75.42724,jack_out,60
143.85501,142.81158,77.9634,jack_out,60
146.36072,141.18121,92.13275,jack_out,60
154.79669,151.19862,95.87979,jack_out,60
171.92906,165.63408,96.49233,jack_out,60
175.44443,172.89113,84.91495,jack_out,60
175.10194,171.50853,85.84581,jack_out,60
173.74529,160.05255,86.32897,jack_out,60
170.82353,171.297,88.40826,jack_out,60
176.5275,175.43875,85.66588,jack_out,60
162.06601,157.41818,90.78715,jack_out,60
161.35042,159.98521,96.70142,jack_out,60
150.56741,151.47937,91.08953,jack_out,60
159.72531,161.55234,85.9628,jack_out,60
139.79271,146.0132,73.99891,jack_out,60
147.69261,143.73961,81.1994,jack_out,60
150.52818,146.04478,92.513695,jack_out,60
155.80553,154.96259,89.18137,jack_out,60
170.46655,168.45306,88.077644,jack_out,60
168.94276,173.712,85.27323,jack_out,60
174.44687,165.29704,85.282455,jack_out,60
171.43027,158.34435,77.21778,jack_out,60
174.02838,161.7692,78.11164,jack_out,60
171.87193,168.45857,88.0603,jack_out,60
167.77618,166.61583,100.46882,jack_out,60
157.04158,157.25977,88.91466,jack_out,60
161.1951,160.63435,89.44203,jack_out,60
137.22249,143.79233,81.09948,jack_out,60
144.26558,143.6201,74.291725,jack_out,60
148.4308,142.90868,83.99929,jack_out,60
151.29001,149.39886,87.80074,jack_out,60
173.24368,165.01117,88.66307,jack_out,60
178.06963,170.65639,81.73952,jack_out,60
173.67441,167.47658,84.530304,jack_out,60
171.66962,167.57747,77.407074,jack_out,60
173.54514,154.111,77.96755,jack_out,60
173.96924,158.83449,84.138794,jack_out,60
175.59247,165.57533,83.68542,jack_out,60
150.91663,153.1992,88.20492,jack_out,60
161.2746,163.14531,89.81588,jack_out,60
147.43631,156.75456,92.604996,jack_out,60
124.53503,137.79083,89.248886,jack_out,60
147.32692,149.13945,83.615906,jack_out,60
136.49014,141.35681,70.27478,jack_out,60
144.55568,139.28954,83.53368,jack_out,60
142.32977,138.5117,97.91819,jack_out,60
157.56242,158.03021,90.38613,jack_out,60
161.15123,162.16632,92.107445,jack_out,60
175.35472,175.478,94.66244,jack_out,60
171.96576,176.54395,92.45153,jack_out,60
169.09581,174.80167,77.00068,jack_out,60
171.9959,178.16666,81.846245,jack_out,60
178.44014,174.13191,90.56677,jack_out,60
160.12198,160.08179,94.77666,jack_out,60
166.88353,167.00925,85.3021,jack_out,60
171.75232,169.78607,88.362946,jack_out,60
145.0421,154.74202,85.59867,jack_out,60
132.75732,144.37895,78.707565,jack_out,60
135.687,142.47546,67.292946,jack_out,60
150.62665,144.31999,84.289474,jack_out,60
147.50131,145.22208,91.685974,jack_out,60
162.64522,159.54324,94.27598,jack_out,60
173.569,170.83154,98.833664,jack_out,60
176.51007,168.89247,93.02916,jack_out,60
172.58182,167.76143,96.547386,jack_out,60
171.6017,166.62784,101.05681,jack_out,60
172.88373,170.82812,92.14732,jack_out,60
174.60976,165.55539,92.11788,jack_out,60
171.09456,167.60797,90.19636,jack_out,60
157.91783,162.38791,89.04182,jack_out,60
164.33641,162.93921,88.10695,jack_out,60
141.2165,145.13759,83.37821,jack_out,60
132.90086,132.67438,64.54614,jack_out,60
134.76419,135.48122,71.63811,jack_out,60
155.8115,155.8727,89.879776,jack_out,60
164.99643,163.19551,91.55116,jack_out,60
156.60442,156.91298,95.693855,jack_out,60
173.17517,171.55632,90.423416,jack_out,60
167.01004,173.87874,90.58509,jack_out,60
169.44128,169.9067,84.73887,jack_out,60
168.34778,174.63179,95.569084,jack_out,60
172.24725,166.0524,87.05416,jack_out,60
174.33202,160.56995,92.60787,jack_out,60
176.0155,166.57372,99.8092,jack_out,60
163.75478,162.42656,100.942604,jack_out,60
142.36003,149.44223,96.60027,jack_out,60
141.21776,141.79698,92.25471,jack_out,60
143.60257,144.19633,89.81529,jack_out,60
126.60699,133.63347,76.430786,jack_out,60
125.974594,124.22403,79.81495,jack_out,60
151.39589,142.46416,97.36892,jack_out,60
169.55841,165.30215,96.68881,jack_out,60
170.59782,168.06468,96.2462,jack_out,60
177.07335,171.89215,89.37299,jack_out,60
176.90135,169.0102,89.82963,jack_out,60
170.991,167.59589,76.45578,jack_out,60
175.24666,164.29613,83.93153,jack_out,60
176.09149,174.31558,84.51993,jack_out,60
176.08638,171.50307,95.42551,jack_out,60
147.36147,153.47162,96.941696,jack_out,60
165.66182,167.707,86.81342,jack_out,60
131.56995,137.71231,79.79465,jack_out,60
119.60953,130.65977,72.14222,jack_out,60
142.00452,142.61162,82.280815,jack_out,60
156.31383,151.87155,91.96964,jack_out,60
159.38689,159.763,94.27824,jack_out,60
173.8739,168.33066,92.61876,jack_out,60
177.53883,172.41592,87.97977,jack_out,60
170.18686,170.66171,79.56558,jack_out,60
177.02406,145.99803,90.44215,jack_out,60
177.14375,154.89418,90.79148,jack_out,60
175.42627,157.82,89.37733,jack_out,60
175.14618,168.22711,93.33785,jack_out,60
149.79366,150.46306,94.99547,jack_out,60
150.44067,155.26295,93.09324,jack_out,60
149.23393,147.6618,89.592384,jack_out,60
27.11577,27.854239,20.768513,jack_in,61
40.916332,25.096033,21.463446,jack_in,61
8.860179,10.341037,24.462046,jack_in,61
36.674324,31.04344,19.37531,jack_in,61
20.992445,36.767235,16.28367,jack_in,61
26.621603,24.86475,16.088621,jack_in,61
34.51978,33.829193,17.068052,jack_in,61
23.637014,25.418785,14.995,jack_in,61
33.700478,32.713814,15.939289,jack_in,61
8.248954,8.026244,19.136578,jack_in,61
9.322848,8.517489,19.2241,jack_in,61
19.678192,13.1655655,13.280139,jack_in,61
22.781187,17.936052,14.406231,jack_in,61
27.264715,19.290651,14.119517,jack_in,61
13.227259,28.162586,23.796951,jack_in,61
9.217335,21.445631,20.08443,jack_in,61
11.014332,24.344389,24.659243,jack_in,61
5.306663,22.665468,20.902653,jack_in,61
9.780723,25.695957,21.76492,jack_in,61
20.341234,24.007416,19.818117,jack_in,61
15.257362,30.581026,23.283913,jack_in,61
7.753119,24.763521,23.228842,jack_in,61
18.385267,23.727766,19.969793,jack_in,61
18.02481,44.063854,21.679197,jack_in,61
12.910246,26.773407,17.496845,jack_in,61
7.991855,21.915195,24.692675,jack_in,61
19.166183,22.119171,22.769524,jack_in,61
14.519996,26.102913,24.402922,jack_in,61
10.618486,27.704834,20.796202,jack_in,61
9.137101,26.9787,22.970987,jack_in,61
13.464275,24.583591,21.398787,jack_in,61
18.755674,20.797838,20.262798,jack_in,61
145.94664,145.86687,70.97428,jack_out,61
16.393282,29.623201,23.7904,jack_in,61
11.792509,26.349989,18.419764,jack_in,61
10.685922,29.491423,21.214573,jack_in,61
6.2191157,24.324368,18.591724,jack_in,61
17.09585,25.745005,20.330406,jack_in,61
127.39848,132.59003,64.12618,jack_out,61
144.99878,145.94272,55.311974,jack_out,61
16.721529,21.549242,19.174202,jack_in,61
11.145178,26.650017,17.384794,jack_in,61
9.548884,29.792263,21.643124,jack_in,61
7.031097,24.65058,22.776873,jack_in,61
12.017555,24.491909,21.199015,jack_in,61
17.552553,25.576736,17.97062,jack_in,61
151.22449,150.91396,67.77634,jack_out,61
20.24879,31.565044,18.655876,jack_in,61
8.547573,28.7229,20.567293,jack_in,61
8.971326,28.209034,17.459253,jack_in,61
10.112368,26.788074,21.561596,jack_in,61
14.711757,21.28083,19.828913,jack_in,61
19.075018,22.94982,20.837275,jack_in,61
13.558875,27.87079,18.296793,jack_in,61
9.962097,33.621235,18.70997,jack_in,61
5.048534,29.91914,21.30469,jack_in,61
6.970069,37.64896,17.037786,jack_in,61
21.102531,42.001587,20.520533,jack_in,61
140.717,132.44815,100.726295,jack_out,62
130.76186,136.71432,101.02034,jack_out,62
145.10199,149.38763,99.701775,jack_out,62
159.64615,159.20027,96.43867,jack_out,62
155.86699,157.25862,109.49403,jack_out,62
158.27142,161.42757,114.321846,jack_out,62
143.45177,146.87125,103.81709,jack_out,62
136.23181,126.70433,100.03023,jack_out,62
142.02943,126.646935,103.76596,jack_out,62
137.91484,123.80645,74.36422,jack_out,62
141.26555,111.31843,61.191006,jack_out,62
151.70216,124.48023,74.08993,jack_out,62
138.32076,133.36615,101.72323,jack_out,62
138.36995,151.53485,99.730286,jack_out,62
162.38553,162.35384,75.99259,jack_out,62
160.22083,159.85464,66.17593,jack_out,62
148.9646,144.87871,106.40821,jack_out,62
150.94037,156.0857,93.35497,jack_out,62
148.49803,152.69894,86.44751,jack_out,62
151.67888,123.74801,94.15822,jack_out,62
148.90051,125.88472,92.24241,jack_out,62
20.330425,21.497766,24.684998,jack_in,62
136.89775,115.79067,68.31058,jack_out,62
133.52946,132.51599,72.5203,jack_out,62
148.26416,143.65767,79.18486,jack_out,62
148.89479,117.641304,60.90087,jack_out,62
152.90752,134.2039,89.14953,jack_out,62
128.95782,129.61794,104.96362,jack_out,62
138.29286,157.5289,104.16179,jack_out,62
153.3218,160.78291,74.80594,jack_out,62
161.62622,163.86948,70.13317,jack_out,62
160.40404,157.79106,101.298355,jack_out,62
161.40071,159.59512,99.54159,jack_out,62
160.10606,157.5939,98.05374,jack_out,62
140.31633,132.0666,97.55833,jack_out,62
142.72557,126.79012,94.81522,jack_out,62
138.54465,140.92717,105.55614,jack_out,62
152.53291,126.792786,86.69557,jack_out,62
141.91843,131.34152,100.5863,jack_out,62
136.70349,122.168526,101.101814,jack_out,62
136.28215,150.11293,85.8086,jack_out,62
160.6747,160.96442,86.5568,jack_out,62
161.94258,166.75441,89.09355,jack_out,62
162.27899,164.49434,126.20963,jack_out,62
160.32181,160.40924,89.89928,jack_out,62
144.09007,145.18272,98.81812,jack_out,62
133.84772,149.22183,114.597984,jack_out,62
147.04857,148.30046,99.79543,jack_out,62
141.80531,142.23187,87.768585,jack_out,62
130.34209,133.47559,68.33617,jack_out,62
138.35779,148.60617,65.51354,jack_out,62
143.44424,130.29385,70.49617,jack_out,62
130.0682,136.31972,67.91304,jack_out,62
111.48019,148.5,112.06538,jack_out,62
167.79123,163.23328,65.192406,jack_out,62
162.7777,166.1804,84.099434,jack_out,62
161.76006,166.34622,82.64791,jack_out,62
157.30807,156.34407,117.761795,jack_out,62
145.97722,117.898224,104.07902,jack_out,62
152.26724,112.274315,78.37519,jack_out,62
146.24454,135.42397,79.885185,jack_out,62
119.042336,137.27779,66.21176,jack_out,63
119.304436,140.15947,66.47936,jack_out,63
16.725376,11.590086,13.697467,jack_in,64
13.980787,10.943267,16.570301,jack_in,64
19.23648,17.607798,14.311653,jack_in,64
30.92475,23.398825,15.0028,jack_in,64
29.89293,33.08525,15.774569,jack_in,64
24.164536,23.354595,12.318384,jack_in,64
10.406998,15.459043,15.898686,jack_in,64
8.969837,10.737039,14.407467,jack_in,64
13.687555,12.509872,17.125519,jack_in,64
20.7748,16.881207,18.793184,jack_in,64
35.889435,25.088503,18.299894,jack_in,64
36.619614,29.259808,19.220865,jack_in,64
21.835754,18.940142,15.586945,jack_in,64
11.802013,12.988487,13.858172,jack_in,64
6.884158,11.598939,14.689499,jack_in,64
10.216905,9.516385,15.614539,jack_in,64
25.803534,21.057106,18.711685,jack_in,64
23.931389,24.601677,16.700829,jack_in,64
23.339909,19.357073,13.524835,jack_in,64
10.0774145,11.374005,13.091758,jack_in,64
10.101975,10.227661,14.832356,jack_in,64
14.675162,12.730654,22.639338,jack_in,64
24.492281,19.745192,15.715834,jack_in,64
148.10406,147.98859,59.187344,jack_out,64
28.178299,28.637524,15.295148,jack_in,64
19.62861,18.583443,12.444923,jack_in,64
12.460492,13.231661,13.111222,jack_in,64
8.899362,9.660294,13.942245,jack_in,64
11.161668,11.4297695,20.388027,jack_in,64
18.599028,17.37313,15.51113,jack_in,64
32.450134,26.406193,20.257326,jack_in,64
157.00969,150.436,56.202766,jack_out,64
146.9008,146.34166,65.29951,jack_out,64
152.75327,143.63348,58.694695,jack_out,64
23.984087,27.792538,17.979958,jack_in,64
21.85989,20.502111,13.608154,jack_in,64
8.759167,12.949516,12.958231,jack_in,64
7.51063,9.018551,14.826979,jack_in,64
12.461616,11.748059,16.60656,jack_in,64
25.597147,23.762465,22.273733,jack_in,64
147.91292,148.3866,57.2893,jack_out,64
163.59143,157.10081,56.344414,jack_out,64
162.41556,155.71353,58.073326,jack_out,64
36.08826,33.872288,18.78397,jack_in,64
27.112398,24.896862,14.7027445,jack_in,64
15.528895,17.762037,16.341898,jack_in,64
9.670566,10.560898,16.323427,jack_in,64
11.144806,10.688537,14.269373,jack_in,64
17.404488,14.74236,17.264376,jack_in,64
25.495693,21.963821,15.599217,jack_in,64
29.564852,26.403414,14.232331,jack_in,64
19.638388,17.39542,13.416347,jack_in,64
11.607971,12.957972,13.709548,jack_in,64
8.888184,9.834013,14.0293455,jack_in,64
12.974303,10.417012,14.713048,jack_in,64
12.859662,12.460507,14.776903,jack_in,64
17.881254,41.74965,13.651312,jack_in,65
16.644468,49.179134,24.167822,jack_in,65
12.049072,50.300385,19.920849,jack_in,65
2.7916899,44.883476,7.7548904,jack_in,65
12.545721,21.128305,22.866974,jack_in,65
19.065592,28.116154,21.707708,jack_in,65
19.20563,27.335459,17.641535,jack_in,65
13.726857,23.323086,7.4857416,jack_in,65
38.588818,25.260366,15.99663,jack_in,65
160.61293,163.91168,84.992325,jack_out,66
160.51779,165.06876,84.05693,jack_out,66
159.18947,161.59657,90.92794,jack_out,66
170.54819,175.05183,94.30136,jack_out,66
168.1187,173.21487,91.82915,jack_out,66
164.86221,170.27527,94.5638,jack_out,66
161.21526,168.51646,81.618416,jack_out,66
128.27856,138.2611,77.71555,jack_out,66
136.15187,144.63594,75.203835,jack_out,66
13.689634,21.56978,24.244343,jack_in,66
137.52464,128.38956,81.59106,jack_out,66
121.916916,131.42767,86.58079,jack_out,66
136.79054,136.8343,100.04203,jack_out,66
166.95117,162.3196,102.12661,jack_out,66
165.78378,151.81,99.67181,jack_out,66
162.91821,157.03801,96.89097,jack_out,66
144.6304,145.4862,93.0099,jack_out,66
136.90561,132.25864,83.40119,jack_out,66
131.84993,136.50279,71.858505,jack_out,66
20.218418,49.257633,18.690735,jack_in,66
120.198425,130.7287,85.57597,jack_out,66
135.71625,131.72978,95.034294,jack_out,66
158.65831,156.58896,104.1891,jack_out,66
155.74835,164.31348,102.213844,jack_out,66
152.4473,155.41669,97.33899,jack_out,66
151.0221,157.56056,100.91071,jack_out,66
132.03738,139.06477,91.63828,jack_out,66
128.67444,140.24376,86.24278,jack_out,66
19.104225,38.429054,17.75262,jack_in,66
8.641656,19.761824,16.616245,jack_in,66
10.049779,6.51662,24.144571,jack_in,66
19.918402,12.115395,24.324041,jack_in,66
27.079838,25.334835,24.03578,jack_in,66
126.39032,129.43399,84.96107,jack_out,66
127.94238,131.51337,90.942665,jack_out,66
135.13638,137.02362,92.21626,jack_out,66
170.45146,163.44514,97.36508,jack_out,66
169.13176,165.80072,94.758156,jack_out,66
169.4089,168.38416,95.11029,jack_out,66
143.47371,148.82056,90.49137,jack_out,66
134.18903,120.380905,88.20225,jack_out,66
151.37195,152.43266,85.61006,jack_out,66
138.98714,137.2327,71.09352,jack_out,66
15.023511,28.43129,21.293125,jack_in,66
12.480845,17.148294,19.642015,jack_in,66
6.495432,12.014964,22.55567,jack_in,66
127.951385,126.78595,75.2282,jack_out,66
137.34166,139.09541,78.05498,jack_out,66
139.52383,138.5641,88.980705,jack_out,66
159.80876,156.72078,99.808464,jack_out,66
139.45659,158.33514,99.028625,jack_out,66
115.19104,154.99356,95.32351,jack_out,66
144.0347,148.37498,94.32496,jack_out,66
136.185,136.36691,95.534004,jack_out,66
125.95906,133.45377,87.29218,jack_out,66
132.82706,141.23279,79.16197,jack_out,66
127.23112,131.6345,65.4361,jack_out,66
18.632011,22.041931,23.540358,jack_in,66
12.128064,15.221699,20.250578,jack_in,66
17.646402,17.755184,22.693333,jack_in,66
131.00912,128.33504,60.816727,jack_out,66
148.53891,147.71738,100.617,jack_out,66
142.24857,142.75505,91.92422,jack_out,66
158.91783,161.33296,88.55919,jack_out,66
127.970375,157.72125,95.27935,jack_out,66
145.84398,118.27401,91.888275,jack_out,66
152.21495,153.48149,94.589874,jack_out,66
129.20595,136.38646,89.34509,jack_out,66
143.9879,145.50337,89.34225,jack_out,66
141.73006,144.32587,77.198875,jack_out,66
126.584984,137.95052,64.97449,jack_out,66
35.523872,30.04766,21.151999,jack_in,67
35.646015,30.371616,21.78245,jack_in,67
35.072296,27.322977,16.185028,jack_in,67
35.801468,27.18677,19.964302,jack_in,67
36.98406,30.17805,12.052311,jack_in,67
37.61023,27.378607,18.911608,jack_in,67
31.882328,20.136847,8.076571,jack_in,67
28.250519,26.091152,17.002853,jack_in,67
27.910074,24.714975,12.742164,jack_in,67
25.121471,20.96464,17.08695,jack_in,67
16.897827,13.946794,16.312693,jack_in,67
16.0198,12.558277,16.68403,jack_in,67
29.998114,16.179403,20.928215,jack_in,67
37.496174,30.127922,23.017637,jack_in,67
28.786531,16.77414,18.431347,jack_in,67
12.952412,9.968353,15.071247,jack_in,67
12.363092,9.760699,15.546234,jack_in,67
15.484827,11.167347,20.80528,jack_in,67
24.88328,18.17361,16.648676,jack_in,67
141.79956,132.81616,56.34965,jack_out,67
152.57399,149.01933,83.656784,jack_out,67
144.94716,151.98845,68.01508,jack_out,67
148.28137,150.14796,70.616615,jack_out,67
151.17633,145.98314,60.03438,jack_out,67
153.93867,151.47246,71.34509,jack_out,67
27.370646,19.088598,16.462307,jack_in,67
13.679269,12.938249,14.93798,jack_in,67
14.754741,10.238484,20.624958,jack_in,67
14.4322605,11.161085,18.684584,jack_in,67
28.265032,16.545208,20.59535,jack_in,67
29.775757,27.489859,15.853807,jack_in,67
148.74457,148.52377,63.181965,jack_out,67
146.89622,152.28171,77.03366,jack_out,67
136.95927,144.44797,78.530815,jack_out,67
150.53232,159.13884,60.763626,jack_out,67
140.35292,148.26187,68.18372,jack_out,67
151.53352,153.42201,61.415043,jack_out,67
150.6275,152.84534,57.71844,jack_out,67
24.307678,20.943268,24.848885,jack_in,67
13.129637,12.746746,15.60036,jack_in,67
11.3132715,10.272532,15.389513,jack_in,67
11.829848,10.17297,14.357462,jack_in,67
17.905706,14.828767,15.37499,jack_in,67
27.661123,28.136505,22.23624,jack_in,67
142.29965,142.7054,55.152523,jack_out,67
155.23715,154.21165,58.230446,jack_out,67
153.988,159.543,68.0238,jack_out,67
159.20692,159.636,55.392056,jack_out,67
155.12933,153.21556,59.221924,jack_out,67
25.63687,20.0629,23.526388,jack_in,67
11.808591,12.899205,15.172168,jack_in,67
10.451821,12.199039,20.213596,jack_in,67
9.758543,11.55488,15.440519,jack_in,67
11.274891,15.049916,15.358403,jack_in,67
26.13961,33.12713,18.19333,jack_in,68
21.097816,24.042519,13.456881,jack_in,68
18.258736,18.393234,15.200249,jack_in,68
20.639032,14.157252,22.905699,jack_in,68
22.033731,19.212667,18.502354,jack_in,68
28.995617,25.980734,13.607602,jack_in,68
25.991442,17.237246,10.973788,jack_in,68
19.890083,13.770383,10.230046,jack_in,68
17.296246,13.069908,13.759791,jack_in,68
20.631075,19.819035,13.483344,jack_in,68
23.299475,25.01695,15.3517885,jack_in,68
33.93474,30.383623,14.532848,jack_in,68
28.686268,36.31513,19.402737,jack_in,68
27.147404,27.757998,16.379566,jack_in,68
20.650345,22.076777,13.775417,jack_in,68
29.369747,17.103842,15.628261,jack_in,68
19.960701,12.81598,12.105466,jack_in,68
19.52519,14.238956,10.284016,jack_in,68
14.293987,10.835924,11.033174,jack_in,68
14.460652,15.780033,14.431191,jack_in,68
17.860666,18.147226,10.826892,jack_in,68
14.284896,10.824437,16.333036,jack_in,68
26.553495,22.053177,19.649899,jack_in,68
26.370972,18.57491,13.424072,jack_in,68
29.649584,35.62715,21.133774,jack_in,68
27.166317,28.563236,19.869596,jack_in,68
19.620922,21.420454,16.406006,jack_in,68
22.62679,19.011087,15.057371,jack_in,68
11.487118,9.844166,14.944788,jack_in,68
7.845352,10.151195,18.470701,jack_in,68
11.2438965,11.190053,16.678486,jack_in,68
13.592091,10.393281,13.627576,jack_in,68
12.877188,12.106442,13.91766,jack_in,68
13.063066,12.254302,11.324129,jack_in,68
22.22865,16.543373,24.566765,jack_in,68
21.477547,18.180027,16.309277,jack_in,68
27.471853,25.22946,13.022327,jack_in,68
33.47871,33.970467,15.442072,jack_in,68
33.02645,35.79471,15.856443,jack_in,68
32.27931,26.691597,16.145666,jack_in,68
21.643448,18.35859,13.771387,jack_in,68
13.395269,11.930874,15.519184,jack_in,68
13.413934,11.950368,19.258982,jack_in,68
11.2518635,10.7876425,19.55568,jack_in,68
12.907984,9.937371,14.21347,jack_in,68
17.513557,9.760699,15.327803,jack_in,68
17.21958,8.97809,11.83333,jack_in,68
25.826551,13.641122,14.602325,jack_in,68
31.79976,23.120089,14.096176,jack_in,68
40.473022,27.72253,15.553993,jack_in,68
33.988445,35.818848,20.157242,jack_in,68
28.793983,32.3263,18.356194,jack_in,68
26.183043,21.806374,14.927072,jack_in,68
18.416294,17.054445,13.604365,jack_in,68
19.655636,17.488527,15.088195,jack_in,68
10.177669,8.598112,14.129692,jack_in,68
9.860471,14.896655,15.354741,jack_in,68
13.236882,14.197591,12.3196,jack_in,68
13.20536,10.766639,10.351039,jack_in,68
16.037895,14.413325,10.144101,jack_in,68
26.243069,18.965588,12.852233,jack_in,68
26.742634,20.461325,13.322132,jack_in,68
33.07995,27.891193,13.503,jack_in,68
33.44145,34.188713,16.522503,jack_in,68
14.26631,36.162037,15.75618,jack_in,69
26.658224,23.093243,14.199234,jack_in,69
19.34889,18.260654,14.307508,jack_in,69
8.015745,11.680374,17.366106,jack_in,69
12.129396,13.866055,19.783548,jack_in,69
8.617461,12.230127,19.667236,jack_in,69
11.633471,14.305587,18.990969,jack_in,69
17.50409,18.918793,21.562944,jack_in,69
15.411271,20.48019,19.05733,jack_in,69
24.458748,26.59842,17.50083,jack_in,69
34.172543,34.941372,16.869148,jack_in,69
29.686668,27.23929,14.930929,jack_in,69
19.678265,17.17481,15.978441,jack_in,69
11.070442,12.241842,19.247816,jack_in,69
7.8651423,9.021992,17.573502,jack_in,69
8.964425,6.5401692,14.2004175,jack_in,69
8.118732,7.976194,14.512162,jack_in,69
11.458995,10.138398,15.903235,jack_in,69
13.5705385,16.057093,20.92,jack_in,69
21.140667,21.724304,20.697445,jack_in,69
31.691956,30.378098,18.660477,jack_in,69
30.993082,38.954063,7.8218493,jack_in,69
12.336475,13.676136,15.929226,jack_in,69
9.425564,12.937288,15.778614,jack_in,69
14.794676,6.7925777,17.102715,jack_in,69
8.719675,5.4080906,16.830503,jack_in,69
8.760064,8.8846245,15.560206,jack_in,69
12.749052,14.187186,18.901037,jack_in,69
20.679811,20.5014,15.098765,jack_in,69
27.27884,24.660536,18.979097,jack_in,69
31.050999,31.635921,18.164236,jack_in,69
145.90706,145.78123,56.0117,jack_out,69
31.893253,30.909336,18.458557,jack_in,69
23.681955,21.526684,15.564319,jack_in,69
9.953881,11.255941,14.531773,jack_in,69
9.567127,7.436245,14.038386,jack_in,69
11.9822235,10.064055,14.65582,jack_in,69
10.775667,12.32904,17.641106,jack_in,69
15.322582,10.935691,19.95674,jack_in,69
17.468288,17.643494,15.058017,jack_in,69
18.547884,19.662903,15.181585,jack_in,69
23.196724,23.979809,18.00806,jack_in,69
35.638893,33.323627,18.77436,jack_in,69
150.51146,148.43196,60.865726,jack_out,69
157.6314,146.12901,56.97952,jack_out,69
141.14403,148.34438,57.585186,jack_out,69
20.756132,21.493917,13.611651,jack_in,69
14.943067,16.612986,15.9160795,jack_in,69
8.762282,11.184948,13.762116,jack_in,69
9.095458,7.6674643,12.667441,jack_in,69
9.531432,10.78474,13.9923315,jack_in,69
10.777621,10.61515,24.58459,jack_in,69
14.867574,18.187643,17.306248,jack_in,69
18.519146,22.91071,15.318705,jack_in,69
21.338005,23.550068,17.304123,jack_in,69
30.69645,33.424675,18.424282,jack_in,69
137.34729,136.00723,58.530334,jack_out,69
141.6019,138.44421,57.8603,jack_out,69
25.060904,30.249708,19.374395,jack_in,69
17.247072,20.08299,16.84465,jack_in,69
10.185898,13.907831,15.8198805,jack_in,69
7.748181,6.6431346,20.09527,jack_in,69
18.683134,12.323713,16.13961,jack_in,69
9.6670885,7.945766,14.799664,jack_in,69
10.3361845,10.133333,15.094084,jack_in,69
12.402413,14.890676,24.017242,jack_in,69
15.935894,17.251413,16.471018,jack_in,69
21.960398,25.36596,16.224043,jack_in,69
27.767763,31.608051,18.775833,jack_in,69
141.08528,138.73038,56.144913,jack_out,69
140.5971,139.46109,55.661057,jack_out,69
25.118753,27.073723,15.836985,jack_in,69
13.077714,15.245056,13.937468,jack_in,69
10.593698,8.564766,13.350278,jack_in,69
14.343435,12.010516,12.677872,jack_in,69
10.391767,8.550123,14.199053,jack_in,69
8.217356,11.48609,15.5985565,jack_in,69
12.538519,18.021908,13.9884615,jack_in,69
16.45299,20.556616,14.028416,jack_in,69
24.270975,24.428442,15.358856,jack_in,69
28.442148,30.603508,17.010817,jack_in,69
147.32306,145.47493,57.344837,jack_out,69
143.16624,139.86261,56.108715,jack_out,69
24.590452,27.074083,14.192731,jack_in,69
15.1442585,19.767065,13.470126,jack_in,69
8.732012,11.994176,14.11907,jack_in,69
15.104599,9.719621,12.019162,jack_in,69
9.15899,7.4063153,14.02733,jack_in,69
10.116238,8.573154,21.963457,jack_in,69
11.848658,13.232929,17.350838,jack_in,69
18.937248,19.975792,14.698223,jack_in,69
20.220879,25.219923,13.640499,jack_in,69
27.152508,41.09229,14.987528,jack_in,69
29.042755,33.643784,17.018019,jack_in,69
24.286142,28.333755,12.514665,jack_in,69
11.122187,15.123237,12.336843,jack_in,69
9.550613,9.332961,11.9460945,jack_in,69
11.630302,5.61332,13.523257,jack_in,69
10.883253,9.98568,15.353128,jack_in,69
11.323173,8.333335,23.961258,jack_in,69
14.757276,15.827383,15.14682,jack_in,69
20.629225,22.747463,14.511943,jack_in,69
26.762049,24.911955,14.989204,jack_in,69
33.717678,35.080326,17.775658,jack_in,69
131.10498,136.80415,55.94121,jack_out,69
135.71953,138.81358,56.116764,jack_out,69
138.001,137.03638,55.727215,jack_out,69
22.601938,29.133528,12.085957,jack_in,69
40.70578,21.322325,8.55591,jack_in,69
31.077112,23.558434,23.614807,jack_in,70
10.730932,14.688287,23.490978,jack_in,70
11.427374,14.742346,23.253187,jack_in,70
13.8921795,14.404008,23.736609,jack_in,70
9.628717,12.484812,24.887865,jack_in,70
39.542515,28.308012,21.93229,jack_in,70
9.463047,13.518188,14.037766,jack_in,70
9.32837,12.831997,11.436832,jack_in,70
18.603525,20.769447,19.01745,jack_in,70
11.288926,10.323805,21.510382,jack_in,70
10.899465,13.759906,11.821,jack_in,70
20.367569,16.555075,13.774284,jack_in,70
7.4784513,16.04091,10.424734,jack_in,70
11.205089,12.863728,14.879694,jack_in,70
18.125898,25.322695,17.30728,jack_in,70
12.47389,10.650225,15.929064,jack_in,70
9.793179,13.892734,18.786886,jack_in,70
12.13185,17.685474,15.018608,jack_in,70
18.032227,21.614058,15.342124,jack_in,70
7.0134144,13.800823,19.656113,jack_in,70
10.94512,16.592417,9.175067,jack_in,70
15.894297,20.815056,12.991328,jack_in,70
7.593134,11.093363,11.413231,jack_in,70
7.436799,14.08275,13.065241,jack_in,70
18.067827,26.066349,13.165985,jack_in,70
23.808697,25.696028,13.870315,jack_in,70
13.6589365,19.074883,10.836814,jack_in,70
31.204475,28.465843,18.211948,jack_in,71
131.14587,135.83162,72.80925,jack_out,71
179.90308,118.221275,85.118385,jack_out,71
141.426,113.12369,62.63693,jack_out,71
14.255926,16.160175,23.875416,jack_in,71
18.741064,34.804165,19.146503,jack_in,71
29.427343,35.658344,17.94818,jack_in,72
23.917173,38.66866,13.936942,jack_in,72
21.670256,24.317368,13.542521,jack_in,72
22.102703,11.814247,12.460918,jack_in,72
25.029322,26.255432,12.08426,jack_in,72
29.864092,39.40351,13.694251,jack_in,72
31.758408,31.108553,14.394106,jack_in,72
18.852566,14.854073,13.045996,jack_in,72
13.633909,17.800875,13.216463,jack_in,72
14.953949,16.132053,14.183005,jack_in,72
12.033012,12.225564,13.172416,jack_in,72
11.483722,12.88206,15.136622,jack_in,72
133.4768,154.36969,61.601536,jack_out,74
152.0156,161.54398,64.41924,jack_out,74
144.50868,163.0136,61.52692,jack_out,74
155.27527,155.75665,64.70076,jack_out,74
147.06989,151.94865,67.205956,jack_out,74
121.07791,142.16183,71.39762,jack_out,74
124.28012,146.11908,65.80459,jack_out,74
124.63068,152.1926,71.367546,jack_out,74
147.0332,151.3322,68.138054,jack_out,74
149.66122,153.89763,73.667175,jack_out,74
141.38728,156.52394,69.85463,jack_out,74
150.83704,151.69223,73.76074,jack_out,74
143.04012,150.7078,72.73813,jack_out,74
138.63493,153.19458,63.043816,jack_out,74
134.22289,151.37866,60.148876,jack_out,74
125.64378,150.79404,62.083656,jack_out,74
120.2305,149.1233,55.133205,jack_out,74
131.46982,160.99014,61.067497,jack_out,74
142.22658,160.16307,61.74847,jack_out,74
149.44997,156.99123,61.997902,jack_out,74
139.32982,159.51476,74.91575,jack_out,74
128.22507,157.46223,82.84818,jack_out,74
130.1188,154.58943,78.12673,jack_out,74
143.5827,158.36882,73.673454,jack_out,74
137.95807,150.95222,85.49506,jack_out,74
136.63173,158.10104,70.95939,jack_out,74
145.7143,160.137,61.693504,jack_out,74
122.45556,148.7391,59.0313,jack_out,74
158.5908,161.31425,58.55781,jack_out,74
132.52048,152.06465,71.38643,jack_out,74
163.2583,163.65674,62.44843,jack_out,74
108.48301,141.834,55.177387,jack_out,74
145.25262,163.13245,68.45679,jack_out,74
144.91827,158.8155,70.40723,jack_out,74
141.58064,143.46443,60.869152,jack_out,74
132.83188,144.7919,60.493084,jack_out,74
137.59521,150.97954,55.929157,jack_out,74
120.58171,148.59131,55.488533,jack_out,74
152.2274,157.95837,62.23209,jack_out,74
146.10823,153.86356,67.766846,jack_out,74
153.2929,154.3961,80.37338,jack_out,74
154.17677,159.13692,64.07041,jack_out,74
145.28072,155.0878,62.626915,jack_out,74
146.18071,152.33981,60.465057,jack_out,74
146.5156,147.41757,64.19887,jack_out,74
126.18029,137.76643,64.78562,jack_out,74
135.65419,136.98561,62.74304,jack_out,74
131.67415,149.81075,59.98908,jack_out,74
11.666399,11.617727,12.330624,jack_in,75
14.413189,14.001651,16.045767,jack_in,75
16.982977,16.792812,11.043929,jack_in,75
24.529356,19.650244,11.816565,jack_in,75
32.149017,20.784899,19.018896,jack_in,75
33.513123,22.768394,11.860876,jack_in,75
23.500076,20.424395,14.401948,jack_in,75
30.437462,26.95375,12.105775,jack_in,75
27.809174,22.465727,14.678614,jack_in,75
26.55342,21.56847,17.43416,jack_in,75
40.719097,26.25147,11.667074,jack_in,75
39.719505,27.809143,13.18705,jack_in,75
33.12564,30.876856,11.112286,jack_in,75
24.279007,18.755684,16.286667,jack_in,75
30.533993,23.198275,19.289782,jack_in,75
31.061861,20.256023,10.714982,jack_in,75
28.254654,27.325827,14.11099,jack_in,75
16.746,18.233639,13.588618,jack_in,75
23.060926,22.120115,14.959097,jack_in,75
34.612907,34.40323,14.913782,jack_in,75
33.56573,32.286743,13.859812,jack_in,75
29.22745,23.97096,12.853369,jack_in,75
21.326307,20.962101,23.428896,jack_in,75
39.792698,23.909859,19.39779,jack_in,75
40.35876,27.34053,16.55047,jack_in,75
26.417303,26.590462,24.557055,jack_in,75
15.804051,22.615778,11.159884,jack_in,75
29.37489,25.266376,21.699232,jack_in,75
27.701359,24.272223,7.7946005,jack_in,75
39.024307,26.353037,13.184086,jack_in,75
32.741383,25.680397,18.846413,jack_in,75
27.639267,24.544785,12.285686,jack_in,75
28.388157,25.541157,10.366385,jack_in,75
13.127021,15.587655,13.404464,jack_in,75
9.08452,11.891411,14.453663,jack_in,75
10.465893,8.021621,15.5844145,jack_in,75
10.84484,7.6904407,18.760147,jack_in,75
23.370226,18.919361,23.709719,jack_in,75
128.2534,121.763145,57.272163,jack_out,76
129.17293,121.614,63.19713,jack_out,76
31.867758,11.615641,18.8851,jack_in,76
133.01967,128.77171,58.361935,jack_out,76
133.02557,128.77238,57.57524,jack_out,76
137.05598,134.0281,57.07915,jack_out,76
135.68184,135.327,59.421665,jack_out,76
131.53572,129.03801,56.597546,jack_out,76
30.984789,23.78582,23.230791,jack_in,76
131.17915,126.75664,61.833782,jack_out,76
136.07661,133.60783,62.163364,jack_out,76
132.63298,129.77988,56.56394,jack_out,76
33.129436,25.451902,16.185163,jack_in,76
127.13334,123.456894,62.76066,jack_out,76
129.89252,129.17558,66.736565,jack_out,76
130.52682,131.1212,63.53299,jack_out,76
126.821526,126.05286,62.59187,jack_out,76
135.52383,132.83043,58.621326,jack_out,76
133.20062,130.9576,63.680542,jack_out,76
132.6546,132.83553,60.790287,jack_out,76
128.75694,126.248825,56.92923,jack_out,76
39.424583,27.267883,20.250954,jack_in,76
22.96726,22.145096,5.736921,jack_in,76
131.35135,127.827614,63.59815,jack_out,76
134.31326,132.34087,62.7368,jack_out,76
137.1062,138.84181,59.31079,jack_out,76
133.95097,134.8966,58.811977,jack_out,76
134.43816,132.88298,59.825718,jack_out,76
135.32399,137.07164,55.830074,jack_out,76
133.13553,138.7805,56.969933,jack_out,76
24.389692,15.918098,22.203674,jack_in,76
133.053,128.88531,62.05841,jack_out,76
125.414986,125.83146,62.858433,jack_out,76
134.86385,134.79208,61.049828,jack_out,76
137.25568,137.00877,55.487175,jack_out,76
135.14655,134.95563,57.064182,jack_out,76
128.65283,123.30147,59.533592,jack_out,76
136.2801,132.98874,60.910744,jack_out,76
135.22977,135.19429,60.862366,jack_out,76
131.54013,132.94023,62.52919,jack_out,76
129.58325,130.53624,55.81387,jack_out,76
126.85429,124.82677,56.323273,jack_out,76
133.79126,132.26796,55.26506,jack_out,76
132.15512,131.61888,56.103233,jack_out,76
146.94687,116.655716,94.57758,jack_out,77
153.35497,148.23796,95.50596,jack_out,77
142.32849,149.90408,118.18982,jack_out,77
155.7884,152.18594,108.6972,jack_out,77
164.96727,163.67964,100.508835,jack_out,77
161.37424,160.74347,102.66416,jack_out,77
149.34006,157.12439,106.09731,jack_out,77
139.41687,146.17412,97.529655,jack_out,77
124.06001,130.42084,79.338974,jack_out,77
139.07059,112.25164,85.57542,jack_out,77
146.69273,104.44514,95.010414,jack_out,77
143.13185,129.2926,100.130516,jack_out,77
151.12735,134.60854,104.14782,jack_out,77
143.864,152.19977,113.220184,jack_out,77
164.679,159.32521,107.57191,jack_out,77
171.28036,171.10233,101.18064,jack_out,77
167.85338,164.46587,86.9002,jack_out,77
156.14044,163.82367,106.032616,jack_out,77
149.19006,157.38373,107.4354,jack_out,77
125.23621,140.60173,96.12837,jack_out,77
125.78699,135.54446,90.62133,jack_out,77
125.70137,128.82408,84.64989,jack_out,77
137.95238,133.74924,96.16241,jack_out,77
144.55052,145.51262,107.41584,jack_out,77
154.60123,154.32253,110.35086,jack_out,77
165.41995,159.29903,102.86825,jack_out,77
167.85162,165.33078,102.203125,jack_out,77
162.06299,155.34773,104.79558,jack_out,77
143.52945,156.04189,101.39766,jack_out,77
123.781845,136.89185,87.7046,jack_out,77
115.45415,134.57924,85.051476,jack_out,77
145.51721,155.92671,100.18456,jack_out,77
152.77588,145.08762,104.79386,jack_out,77
154.03023,155.16562,104.08257,jack_out,77
168.50217,163.87268,107.19312,jack_out,77
170.09477,169.65157,97.02638,jack_out,77
165.73956,161.45435,101.369896,jack_out,77
152.07875,151.98276,107.61242,jack_out,77
143.69096,144.41806,103.33966,jack_out,77
126.14811,132.69536,81.88961,jack_out,77
137.43156,124.649,79.74333,jack_out,77
138.88042,127.39268,85.84452,jack_out,77
144.68146,147.82758,91.7033,jack_out,77
142.75389,152.09714,101.10315,jack_out,77
142.5135,148.31668,105.09516,jack_out,77
165.9597,163.90991,107.862015,jack_out,77
164.7387,162.8542,93.01546,jack_out,77
160.20833,159.88034,98.09066,jack_out,77
148.48863,152.85905,105.63237,jack_out,77
122.597404,138.9228,97.7564,jack_out,77
149.69542,127.76987,84.25686,jack_out,77
120.7703,133.56958,75.63326,jack_out,77
154.73753,138.44862,104.08229,jack_out,77
144.7004,152.0132,104.690865,jack_out,77
164.34137,163.16634,107.9242,jack_out,77
169.40909,163.89545,107.656654,jack_out,77
168.53955,166.09882,105.12018,jack_out,77
163.8506,164.34161,99.7245,jack_out,77
149.83705,152.38718,102.660034,jack_out,77
134.64174,138.06772,97.70405,jack_out,77
129.75204,126.51234,87.20565,jack_out,77
143.94722,110.68237,96.71849,jack_out,77
133.02225,121.271255,100.12594,jack_out,77
152.12285,137.062,104.71467,jack_out,77
144.18735,160.3107,114.4584,jack_out,77
166.57584,157.03256,112.83852,jack_out,77
168.55437,163.35374,108.66912,jack_out,77
166.15695,160.8419,96.19551,jack_out,77
154.4583,154.21121,105.130745,jack_out,77
125.086205,131.7873,96.950356,jack_out,77
131.92786,135.01717,90.02473,jack_out,77
139.96397,129.01492,81.27281,jack_out,77
137.24292,114.156555,69.26306,jack_out,77
33.806107,31.946238,15.966092,jack_in,78
31.109682,29.409857,17.660254,jack_in,78
11.623982,8.971305,15.630682,jack_in,78
14.880625,10.481917,12.58274,jack_in,78
16.64393,12.171534,12.192249,jack_in,78
17.159744,16.565954,10.477637,jack_in,78
20.677906,18.60695,11.644745,jack_in,78
27.87667,27.42918,14.7729,jack_in,78
30.810873,22.38715,15.765761,jack_in,78
20.196657,19.557669,11.675464,jack_in,78
34.727554,34.540184,11.084786,jack_in,78
43.84959,16.971,10.82211,jack_in,78
43.96316,17.224148,13.38735,jack_in,78
10.202744,31.974695,16.331944,jack_in,78
6.2134075,56.555676,21.336596,jack_in,78
28.385944,11.403199,23.138138,jack_in,78
28.751059,40.4992,21.053837,jack_in,78
12.401713,13.598513,21.544611,jack_in,78
15.563898,18.193277,20.136559,jack_in,78
24.148037,28.713434,13.218823,jack_in,78
28.2603,23.395514,11.448934,jack_in,78
28.444084,17.035816,12.310313,jack_in,78
42.57854,22.093073,11.659506,jack_in,78
38.54025,16.26161,15.771028,jack_in,78
26.297743,22.972197,21.870325,jack_in,78
27.05097,17.147715,22.5293,jack_in,78
33.391026,22.08993,17.039406,jack_in,78
29.358442,25.936333,17.781685,jack_in,78
26.696302,13.300076,18.080872,jack_in,78
16.30008,13.821395,17.513262,jack_in,78
19.819365,9.12337,15.624444,jack_in,78
26.63596,16.535229,14.09776,jack_in,78
35.667843,20.43136,15.960616,jack_in,78
31.127384,24.25427,11.04965,jack_in,78
22.844685,13.995735,9.167333,jack_in,78
12.978318,15.6315565,11.760884,jack_in,78
10.502192,10.996138,16.157341,jack_in,78
18.312355,19.675282,15.683715,jack_in,78
30.188387,25.408194,11.947102,jack_in,78
9.661575,14.375011,11.986105,jack_in,78
17.347528,29.80148,13.450613,jack_in,78
11.249553,37.106377,13.620849,jack_in,78
5.7698636,48.392334,16.687931,jack_in,78
8.287686,46.96134,20.40207,jack_in,78
19.962793,23.135078,20.114485,jack_in,78
11.123178,16.292011,19.559761,jack_in,78
10.84248,11.357734,18.118729,jack_in,78
22.779793,11.760583,17.654972,jack_in,78
20.55868,13.518028,16.88672,jack_in,78
17.346909,16.450504,14.91532,jack_in,78
23.980894,22.44264,14.387441,jack_in,78
28.168917,27.596762,12.773032,jack_in,79
18.424553,19.911013,12.767687,jack_in,79
15.5966015,15.700598,10.355657,jack_in,79
12.528243,15.203244,9.704823,jack_in,79
10.391919,13.967097,10.472584,jack_in,79
11.115528,18.081993,12.322113,jack_in,79
12.0809,18.253513,10.224969,jack_in,79
10.144043,16.323744,9.989184,jack_in,79
8.328692,13.676583,11.5170555,jack_in,79
9.918891,13.989704,12.565062,jack_in,79
11.201942,16.32062,13.52038,jack_in,79
14.696649,20.23923,15.302032,jack_in,79
22.77068,26.985409,18.333103,jack_in,79
33.4638,32.19351,13.660946,jack_in,79
22.141264,24.259815,11.760818,jack_in,79
14.2554,15.366332,11.528151,jack_in,79
13.041517,14.399971,11.454748,jack_in,79
11.9349375,13.385181,10.836832,jack_in,79
9.490137,14.553494,9.82441,jack_in,79
8.999927,15.432615,9.90409,jack_in,79
9.985108,16.187883,8.995471,jack_in,79
9.340286,18.003454,10.407621,jack_in,79
10.154179,14.916622,10.395383,jack_in,79
10.472847,14.362502,9.878364,jack_in,79
13.550351,18.670519,12.825998,jack_in,79
21.354752,23.481056,15.292868,jack_in,79
32.553825,36.527733,18.505194,jack_in,79
23.455381,28.780233,16.551958,jack_in,79
13.063292,19.396763,12.55977,jack_in,79
12.03044,15.164532,10.898995,jack_in,79
10.586785,13.704518,10.76876,jack_in,79
8.725035,12.701549,10.858064,jack_in,79
8.441454,12.309769,16.543972,jack_in,79
9.4492035,13.630388,14.013939,jack_in,79
10.668835,15.042747,17.092075,jack_in,79
11.4506035,14.894689,14.83377,jack_in,79
12.612507,13.488924,11.106826,jack_in,79
13.909324,13.885052,13.388235,jack_in,79
23.247236,21.985634,13.557797,jack_in,79
24.00948,23.361622,12.883424,jack_in,79
17.166643,19.743896,13.4320135,jack_in,79
13.9741,16.884392,13.635358,jack_in,79
11.228649,14.252015,13.091411,jack_in,79
10.13314,13.791514,12.535499,jack_in,79
9.129701,13.231929,11.429407,jack_in,79
9.16834,11.724606,10.635542,jack_in,79
8.877811,10.864462,10.39402,jack_in,79
9.779879,12.528007,9.804536,jack_in,79
9.866393,13.573726,8.623044,jack_in,79
9.865934,14.299753,10.120242,jack_in,79
10.400396,14.167428,8.667597,jack_in,79
10.74021,14.190948,8.971917,jack_in,79
147.46678,149.433,61.060776,jack_out,80
140.68605,144.18716,58.145992,jack_out,80
152.88245,150.08133,73.5747,jack_out,80
153.24506,152.96011,69.000496,jack_out,80
133.95555,139.18977,69.01202,jack_out,80
122.32986,128.48921,58.90737,jack_out,80
153.31409,151.56897,67.76687,jack_out,80
166.72333,157.80185,73.06186,jack_out,80
172.27988,166.31026,77.59586,jack_out,80
161.64069,175.87218,83.64085,jack_out,80
165.79068,173.96007,87.5482,jack_out,80
168.20305,171.73196,83.64365,jack_out,80
162.20847,156.59525,80.84091,jack_out,80
155.58354,152.23491,71.5459,jack_out,80
133.035,133.08682,68.226395,jack_out,80
131.66505,137.64287,68.17387,jack_out,80
138.63739,145.97957,71.81171,jack_out,80
149.97519,146.08829,79.48622,jack_out,80
145.68814,146.61688,80.2062,jack_out,80
146.07486,147.71272,65.8241,jack_out,80
155.37953,153.81447,65.997345,jack_out,80
150.05852,149.80142,65.36282,jack_out,80
155.43797,149.80307,76.38465,jack_out,80
155.02211,151.3577,72.29812,jack_out,80
133.64603,126.68361,70.51259,jack_out,80
135.48914,129.81767,63.93287,jack_out,80
151.92653,144.83084,71.00988,jack_out,80
155.50752,144.77205,75.88286,jack_out,80
158.95808,157.08058,73.6031,jack_out,80
160.98001,158.99275,79.13723,jack_out,80
161.15128,157.07462,75.61199,jack_out,80
148.65813,147.54053,72.828804,jack_out,80
140.96608,138.81033,77.08942,jack_out,80
137.79515,133.53435,77.81182,jack_out,80
126.1811,134.30063,76.4631,jack_out,80
132.82275,131.86284,60.282932,jack_out,80
147.62656,136.79422,70.387764,jack_out,80
152.58748,146.6537,77.30259,jack_out,80
151.82985,148.31291,78.49845,jack_out,80
160.63283,160.12544,80.61364,jack_out,80
162.79854,159.90067,82.139946,jack_out,80
140.93439,146.06723,73.282814,jack_out,80
131.46703,133.35641,78.23944,jack_out,80
147.32825,142.91463,75.813644,jack_out,80
123.647575,135.1712,72.84675,jack_out,80
150.55872,163.7813,60.7917,jack_out,81
150.81815,172.33864,68.661896,jack_out,81
152.3659,169.3971,71.18614,jack_out,81
136.33018,156.99246,59.702454,jack_out,81
121.003914,148.42845,59.336178,jack_out,81
127.62973,152.93741,63.25998,jack_out,81
148.34236,169.4543,72.874565,jack_out,81
151.62453,173.93195,78.61752,jack_out,81
142.8683,175.71582,74.76642,jack_out,81
151.40617,175.03043,73.966385,jack_out,81
146.96413,171.94438,67.331955,jack_out,81
147.98071,162.85661,55.467365,jack_out,81
153.047,166.13301,66.39437,jack_out,81
152.82492,175.36476,79.120636,jack_out,81
146.97029,172.57375,77.18238,jack_out,81
141.02223,158.13985,59.529385,jack_out,81
8.94514,7.973806,11.150335,jack_in,82
14.064282,17.405937,10.504084,jack_in,82
14.160575,17.213823,10.5059,jack_in,82
19.972612,17.554626,11.898568,jack_in,82
30.980598,25.903378,15.570807,jack_in,82
48.27556,14.168112,17.932825,jack_in,82
29.258278,14.218838,18.338987,jack_in,82
7.4392,10.766987,13.464408,jack_in,82
17.79311,24.338888,17.63546,jack_in,82
8.992238,7.4625072,10.464334,jack_in,82
8.940724,7.825287,10.007792,jack_in,82
15.234922,15.076434,10.608511,jack_in,82
21.808441,17.247993,10.505152,jack_in,82
28.99157,25.80536,16.961884,jack_in,82
21.367222,39.722027,23.666382,jack_in,82
24.931883,15.108883,16.407518,jack_in,82
18.649918,3.7146235,18.633272,jack_in,82
36.15363,4.7856097,13.394517,jack_in,82
34.74791,6.0704727,13.704922,jack_in,82
17.195223,34.345543,11.313411,jack_in,82
20.214653,7.841949,14.372797,jack_in,82
7.619656,11.210026,11.317623,jack_in,82
12.897966,16.72292,16.270584,jack_in,82
12.859892,16.709919,16.236053,jack_in,82
27.093472,30.991518,15.295885,jack_in,82
21.78033,23.947245,15.591582,jack_in,82
19.400404,17.65996,13.255556,jack_in,82
20.822302,18.464155,13.651384,jack_in,82
15.955909,14.675162,14.257244,jack_in,82
24.944988,11.809108,17.356598,jack_in,82
58.603527,9.898807,18.251421,jack_in,82
57.976242,10.625935,23.241507,jack_in,82
57.882607,10.60326,23.678085,jack_in,82
40.722107,10.548798,19.20346,jack_in,82
37.308937,19.657421,18.13447,jack_in,82
36.11927,22.31123,13.650545,jack_in,82
18.74929,4.1935325,12.347547,jack_in,82
3.1971455,3.8513258,9.922063,jack_in,82
29.311598,39.970337,12.808634,jack_in,82
15.129466,30.63543,14.454469,jack_in,82
7.826515,12.085419,16.465899,jack_in,82
14.253263,10.735389,11.182114,jack_in,82
25.474312,23.177946,12.807201,jack_in,82
31.577503,12.720795,14.182072,jack_in,82
21.73363,7.2468686,13.452302,jack_in,82
31.47705,11.80016,14.668798,jack_in,82
31.374596,11.523194,14.50131,jack_in,82
36.82662,23.305588,17.90572,jack_in,82
6.321302,11.740393,8.085997,jack_in,82
13.208007,22.398884,16.44685,jack_in,82
12.775411,13.217568,13.644293,jack_in,82
27.635706,26.239935,13.766021,jack_in,82
27.304722,26.51479,14.291966,jack_in,82
27.543,27.587957,19.376854,jack_in,82
19.534447,32.303593,23.149773,jack_in,82
10.120319,20.917046,14.725857,jack_in,82
11.635232,20.115644,14.661176,jack_in,82
15.289695,16.453785,15.202815,jack_in,82
17.746538,11.504254,21.468401,jack_in,82
17.986595,11.23277,20.212252,jack_in,82
11.202259,20.028767,22.711853,jack_in,82
24.632847,23.28393,13.976603,jack_in,82
32.978325,31.4917,13.949684,jack_in,82
156.41177,154.98051,55.06004,jack_out,83
149.1063,153.2568,59.581894,jack_out,83
145.14938,152.97424,55.766647,jack_out,83
143.07489,163.04242,56.456287,jack_out,83
137.31406,154.15346,55.24025,jack_out,83
19.112852,19.408709,13.880341,jack_in,84
23.352121,24.279413,13.86423,jack_in,84
29.455862,27.361433,17.772938,jack_in,84
163.06874,165.73798,59.220585,jack_out,84
171.9449,157.46112,58.16043,jack_out,84
176.25769,165.32863,59.492947,jack_out,84
178.12633,167.60924,60.398327,jack_out,84
174.8134,165.32423,57.126656,jack_out,84
26.490614,24.183975,15.452944,jack_in,84
17.792137,16.27993,14.8389845,jack_in,84
13.017493,10.775648,15.025961,jack_in,84
11.822217,10.815723,16.200129,jack_in,84
10.347523,12.834641,17.506464,jack_in,84
14.89951,17.64372,17.441874,jack_in,84
19.185396,19.509838,15.590744,jack_in,84
28.193192,24.963194,16.628017,jack_in,84
142.75856,143.43623,57.748734,jack_out,84
157.39836,146.76656,57.64161,jack_out,84
163.90538,160.73058,57.643745,jack_out,84
168.55667,167.20769,59.532856,jack_out,84
175.39027,170.40414,61.482376,jack_out,84
177.27983,171.90253,63.214066,jack_out,84
176.41618,171.03615,61.348415,jack_out,84
175.58855,166.78381,63.371475,jack_out,84
157.34325,158.12814,60.300964,jack_out,84
25.991512,27.006489,16.209148,jack_in,84
17.225761,17.49722,13.104537,jack_in,84
13.456822,13.159117,13.8115425,jack_in,84
12.640051,13.018266,16.501066,jack_in,84
13.544286,17.676615,17.028097,jack_in,84
18.533215,19.514849,17.283916,jack_in,84
26.164785,24.066181,16.624247,jack_in,84
32.472927,26.38344,18.162428,jack_in,84
152.94041,152.39003,55.951157,jack_out,84
161.6605,153.83232,55.560684,jack_out,84
169.1709,159.98209,56.499218,jack_out,84
177.04765,168.8,55.55935,jack_out,84
175.43575,168.37305,56.532703,jack_out,84
177.17429,174.67969,63.060085,jack_out,84
177.12363,174.8387,61.623924,jack_out,84
170.60577,161.27312,58.42698,jack_out,84
165.21046,158.81735,58.809517,jack_out,84
34.530304,29.440336,20.610605,jack_in,84
23.96742,21.338991,19.129826,jack_in,84
15.194399,15.544526,17.668234,jack_in,84
16.834797,14.637289,19.617313,jack_in,84
11.96227,12.448219,19.619041,jack_in,84
12.178966,12.315838,17.88477,jack_in,84
16.42515,12.777032,17.509869,jack_in,84
16.170124,13.651935,19.96066,jack_in,84
17.92975,15.282585,17.993738,jack_in,84
18.35013,16.369802,18.61721,jack_in,84
19.326746,17.78599,17.028437,jack_in,84
19.79785,16.984415,17.774101,jack_in,84
19.763975,17.357685,19.548872,jack_in,84
19.31723,16.643274,18.537018,jack_in,84
18.70158,16.324131,17.13833,jack_in,84
16.956709,15.464475,17.163403,jack_in,84
17.115646,15.21613,16.470331,jack_in,84
169.3552,145.11722,89.59925,jack_out,85
159.92654,171.71368,115.197365,jack_out,85
141.50386,139.31883,112.89092,jack_out,85
26.458591,29.149805,21.959593,jack_in,85
158.4779,165.70172,73.4364,jack_out,85
152.39687,148.15887,103.74083,jack_out,85
162.18129,128.91621,97.76173,jack_out,85
153.8256,118.1263,93.20569,jack_out,85
145.73479,136.27031,72.677444,jack_out,85
140.43254,126.64746,75.83499,jack_out,85
15.397078,17.42254,21.381979,jack_in,85
127.74529,122.43268,71.37544,jack_out,85
134.33405,131.0363,91.636475,jack_out,85
136.68088,139.42569,78.41923,jack_out,85
156.18132,164.81516,110.754585,jack_out,85
166.76764,164.55666,106.6244,jack_out,85
166.60135,170.81726,116.20512,jack_out,85
161.679,164.85904,112.86691,jack_out,85
138.85512,114.77988,72.13847,jack_out,85
162.26021,158.55217,107.61143,jack_out,85
145.596,144.35979,122.46064,jack_out,85
146.93651,124.93265,66.6146,jack_out,85
128.13657,130.2897,84.655045,jack_out,85
136.35641,143.85226,88.39591,jack_out,85
145.50035,156.72919,90.10766,jack_out,85
147.00417,159.98076,107.14654,jack_out,85
160.36667,167.45346,117.35584,jack_out,85
176.10382,178.88934,101.96207,jack_out,85
178.72481,161.41371,104.5863,jack_out,85
171.05875,149.87961,99.94326,jack_out,85
157.57042,141.51881,95.03051,jack_out,85
129.8806,136.92616,90.131676,jack_out,85
133.90167,120.77142,90.48359,jack_out,85
129.62813,124.614006,80.7276,jack_out,85
131.6438,139.84172,92.43206,jack_out,85
130.5348,124.72837,59.32903,jack_out,85
45.075455,17.38014,22.104147,jack_in,86
10.446718,12.682632,18.145975,jack_in,86
16.578192,20.53221,14.590089,jack_in,86
25.051218,18.469028,17.334808,jack_in,86
147.5339,146.70451,57.906353,jack_out,86
159.16577,153.3819,59.303074,jack_out,86
33.54717,21.9811,15.485106,jack_in,86
15.396692,15.325115,16.065079,jack_in,86
11.838475,14.361113,18.677473,jack_in,86
8.774627,14.179019,17.006546,jack_in,86
11.011507,12.73837,16.922848,jack_in,86
12.722423,16.236456,15.325695,jack_in,86
25.163221,18.955729,17.49607,jack_in,86
34.850487,27.63253,23.722336,jack_in,86
145.72946,152.53479,78.40209,jack_out,86
149.55934,160.8196,78.494484,jack_out,86
150.43312,156.38812,79.27819,jack_out,86
144.35411,155.38202,64.72536,jack_out,86
28.938936,23.232132,14.456248,jack_in,86
26.520298,18.061052,16.352962,jack_in,86
12.518636,13.98808,15.852619,jack_in,86
9.885329,18.183298,15.868589,jack_in,86
10.724255,14.416247,15.861256,jack_in,86
22.93511,17.924936,16.607025,jack_in,86
31.243513,21.638132,16.268341,jack_in,86
34.375587,31.976133,18.649416,jack_in,86
157.7081,156.40564,58.32889,jack_out,86
149.96365,161.68993,82.0159,jack_out,86
152.27893,159.77386,68.61941,jack_out,86
32.311306,22.117992,14.936986,jack_in,86
31.014688,18.765486,19.356289,jack_in,86
12.153704,15.19625,15.769367,jack_in,86
9.113889,12.781587,15.388804,jack_in,86
9.87233,12.638163,16.249006,jack_in,86
12.636039,13.659674,15.991659,jack_in,86
26.073706,17.754166,16.833075,jack_in,86
33.2192,26.691923,19.615929,jack_in,86
153.84563,157.80663,66.465614,jack_out,86
157.12596,162.30745,77.85083,jack_out,86
160.57108,162.30327,67.05402,jack_out,86
30.649826,22.031828,18.51011,jack_in,86
20.802347,19.05915,18.7139,jack_in,86
13.528324,14.138167,18.529476,jack_in,86
11.889919,12.228644,19.3042,jack_in,86
11.911217,11.010184,19.820755,jack_in,86
12.554084,11.096876,18.701036,jack_in,86
13.541807,11.941062,18.283682,jack_in,86
10.784522,12.89841,19.00981,jack_in,86
12.110268,9.797395,14.969638,jack_in,87
13.943294,11.374421,13.8115,jack_in,87
18.568981,13.399588,12.497443,jack_in,87
26.797932,17.628773,21.229263,jack_in,87
40.790676,29.15823,12.647399,jack_in,87
28.296978,21.752989,17.934134,jack_in,87
19.480621,8.806315,15.027515,jack_in,87
10.75852,7.770642,17.642109,jack_in,87
13.053391,7.809293,14.677642,jack_in,87
14.689243,10.246167,14.575264,jack_in,87
23.532745,12.6621,15.82677,jack_in,87
33.356476,26.52338,15.537197,jack_in,87
30.381544,29.880842,19.943407,jack_in,87
18.437773,9.040028,16.518358,jack_in,87
15.082853,7.358714,16.775986,jack_in,87
15.805281,8.038123,16.709206,jack_in,87
23.63611,15.860705,19.82854,jack_in,87
26.553709,21.90412,18.243328,jack_in,87
35.854115,25.6252,16.472717,jack_in,87
166.78122,171.24475,57.149483,jack_out,88
171.33932,171.93134,58.843353,jack_out,88
176.75749,175.08313,60.149033,jack_out,88
176.40074,176.64589,61.078663,jack_out,88
178.21161,178.29933,64.39813,jack_out,88
177.3549,179.7944,63.453983,jack_out,88
171.98679,176.73816,60.299057,jack_out,88
175.36658,169.54198,57.310448,jack_out,88
152.31134,151.05208,55.80954,jack_out,88
162.39745,157.75034,58.749977,jack_out,88
168.52507,160.5957,57.98801,jack_out,88
177.9352,172.42412,58.293816,jack_out,88
173.90727,176.22102,58.611202,jack_out,88
165.47911,164.34322,56.960724,jack_out,88
139.08365,142.12714,55.067764,jack_out,88
174.41618,161.49617,58.135212,jack_out,88
175.94951,172.5322,58.8695,jack_out,88
179.5244,171.98657,60.937195,jack_out,88
168.80806,165.52373,62.60335,jack_out,88
175.31758,174.62006,63.74685,jack_out,88
172.5123,169.62625,63.07999,jack_out,88
177.26231,172.54967,65.1328,jack_out,88
169.77783,167.36821,56.107235,jack_out,88
171.00494,168.20688,59.434563,jack_out,88
176.44685,175.58984,60.431393,jack_out,88
177.26956,171.40147,63.174812,jack_out,88
173.94873,179.35593,61.13436,jack_out,88
172.59792,171.95149,56.327232,jack_out,88
160.40785,156.12135,55.505867,jack_out,88
171.94304,167.17911,60.645725,jack_out,88
168.75827,170.61777,64.17528,jack_out,88
176.73253,175.2439,62.215027,jack_out,88
175.61067,176.1564,62.209003,jack_out,88
172.6045,175.63103,62.54725,jack_out,88
170.43036,168.72939,56.772034,jack_out,88
31.739464,32.103306,12.836855,jack_in,88
164.31967,159.2073,57.811626,jack_out,88
174.29977,176.29651,60.421497,jack_out,88
175.81165,177.24977,62.548725,jack_out,88
176.86687,175.98227,62.1214,jack_out,88
172.60771,173.94063,60.254124,jack_out,88
171.43341,166.00209,55.814167,jack_out,88
31.276934,9.199836,22.177109,jack_in,89
23.691706,22.3984,13.4420805,jack_in,89
20.549524,7.7357335,12.24722,jack_in,89
19.63596,13.404302,21.695045,jack_in,89
24.668465,42.693356,20.050842,jack_in,89
15.601681,28.056196,16.41708,jack_in,89
20.373533,8.07623,17.37518,jack_in,89
17.068586,9.540482,14.524408,jack_in,89
36.392803,33.042656,17.71312,jack_in,89
11.024337,16.044975,15.880813,jack_in,89
16.772093,9.049326,22.797295,jack_in,89
15.119492,10.084301,18.47651,jack_in,89
23.49664,25.006887,18.987064,jack_in,89
24.667679,13.226005,22.086151,jack_in,89
24.81603,24.442106,24.34984,jack_in,89
26.207813,23.085894,22.862648,jack_in,89
19.843657,16.352055,18.840355,jack_in,89
130.77626,123.59122,99.60509,jack_out,90
135.68227,144.53899,103.45039,jack_out,90
146.04465,146.51685,102.554756,jack_out,90
153.67625,156.82826,107.78277,jack_out,90
157.55392,158.6389,103.683975,jack_out,90
160.8103,158.38492,93.08037,jack_out,90
161.02733,158.28186,100.97237,jack_out,90
155.95058,157.42712,105.16448,jack_out,90
149.5426,153.77675,107.76726,jack_out,90
137.9373,146.77267,102.215225,jack_out,90
127.148224,134.25679,97.790184,jack_out,90
128.2106,123.05037,102.67745,jack_out,90
137.25294,121.81511,109.30816,jack_out,90
139.20573,140.3429,105.49173,jack_out,90
156.16124,146.6984,102.797104,jack_out,90
161.74908,150.11235,108.39526,jack_out,90
163.16136,143.72745,102.204956,jack_out,90
160.13506,157.05827,106.14245,jack_out,90
155.36627,151.67099,106.92008,jack_out,90
148.442,149.18246,113.17584,jack_out,90
141.39029,144.17368,105.889114,jack_out,90
132.15176,131.58339,95.29057,jack_out,90
123.601585,140.71803,105.708725,jack_out,90
138.45757,152.90205,110.63644,jack_out,90
156.67879,154.37448,105.988304,jack_out,90
154.04941,149.13707,104.99556,jack_out,90
161.66331,152.9678,107.07147,jack_out,90
160.87032,153.11717,107.066055,jack_out,90
155.69336,146.85515,104.23922,jack_out,90
144.3551,146.0688,103.23561,jack_out,90
128.4893,128.34077,97.44365,jack_out,90
117.16267,133.40602,104.19436,jack_out,90
123.76484,132.23222,105.67789,jack_out,90
139.73201,145.8663,103.90353,jack_out,90
152.18307,136.99214,105.05566,jack_out,90
157.71744,158.69246,107.877815,jack_out,90
157.05458,158.26399,112.26531,jack_out,90
151.74306,157.3313,107.130684,jack_out,90
144.86604,146.34395,110.98217,jack_out,90
133.47557,131.3803,104.81304,jack_out,90
126.16722,126.87671,100.385666,jack_out,90
129.44302,121.149025,123.90727,jack_out,92
20.313698,25.841621,24.921284,jack_in,92
127.68927,127.26908,86.9035,jack_out,92
23.457165,28.454191,21.555323,jack_in,92
17.61642,21.86863,22.330376,jack_in,92
40.947685,23.363363,13.10782,jack_in,93
34.358856,32.306072,12.146419,jack_in,93
28.529877,21.91006,11.238151,jack_in,93
36.475986,22.042004,11.362293,jack_in,93
37.499306,28.47674,13.583981,jack_in,93
32.898846,28.008533,17.556189,jack_in,93
14.42316,11.720067,14.898713,jack_in,93
14.123409,10.21365,14.870608,jack_in,93
13.685001,10.23981,14.850621,jack_in,93
24.775358,23.873053,14.587296,jack_in,93
36.755833,32.94814,16.447163,jack_in,93
45.27825,12.376802,18.421871,jack_in,93
9.19272,11.399986,20.602688,jack_in,93
16.62027,10.923605,19.896748,jack_in,93
27.26868,14.780184,19.975733,jack_in,93
40.04405,13.361174,16.74645,jack_in,93
53.256245,11.840123,12.25369,jack_in,93
28.55427,12.046487,11.394612,jack_in,93
14.98247,10.579181,24.880154,jack_in,93
26.823084,12.354013,12.427924,jack_in,93
39.485046,29.841934,13.171428,jack_in,93
25.953918,31.807186,19.02311,jack_in,93
10.105344,10.0082245,14.343946,jack_in,93
10.974417,10.8981285,15.649354,jack_in,93
16.966764,20.229532,15.665728,jack_in,93
176.62096,165.60622,62.354023,jack_out,93
166.11688,158.13083,59.99843,jack_out,93
141.87334,119.47612,58.300278,jack_out,94
147.17422,132.27592,67.67257,jack_out,94
149.27509,131.75388,69.52499,jack_out,94
141.65244,129.23985,64.69977,jack_out,94
33.679768,22.211464,18.925753,jack_in,94
16.225119,9.754816,17.77295,jack_in,94
20.540243,5.8639765,16.037004,jack_in,94
37.59304,9.227457,19.97763,jack_in,94
16.850471,16.980757,24.326714,jack_in,94
143.23373,126.77022,69.55168,jack_out,94
152.56229,151.9238,63.740948,jack_out,94
149.16165,125.88979,79.866554,jack_out,94
147.82443,122.97901,86.44838,jack_out,94
149.65865,141.12115,55.902172,jack_out,94
32.666943,22.496996,20.439568,jack_in,94
12.464543,17.527693,23.390491,jack_in,94
25.766964,15.3850975,20.232168,jack_in,94
27.117098,13.306709,21.77061,jack_in,94
22.179255,20.440653,22.57893,jack_in,94
26.743242,27.57994,23.851618,jack_in,94
139.65416,111.74991,69.78318,jack_out,94
148.20105,129.12251,59.935646,jack_out,94
151.37422,139.75208,61.63462,jack_out,94
150.75563,135.01093,72.11884,jack_out,94
17.695557,5.1110945,21.186714,jack_in,94
147.29315,116.56827,65.77024,jack_out,94
150.44745,130.16586,57.51818,jack_out,94
138.40018,111.67826,55.449272,jack_out,94
14.279415,19.343807,21.949171,jack_in,94
17.907074,5.006329,21.037832,jack_in,94
18.71871,28.177885,24.588902,jack_in,94
23.281216,20.90695,18.358297,jack_in,94
18.934124,6.107851,16.204155,jack_in,94
11.226106,5.1701717,22.508936,jack_in,94
149.913,116.88237,55.955452,jack_out,94
153.58282,101.42558,57.01323,jack_out,94
11.3341255,24.214369,21.004044,jack_in,94
28.629435,7.3462787,21.284754,jack_in,94
23.638155,3.0950325,22.002459,jack_in,94
11.457069,17.098476,22.484863,jack_in,94
146.02698,122.83247,61.07831,jack_out,94
152.41553,134.29585,56.48691,jack_out,94
151.31262,139.3382,56.51038,jack_out,94
142.0746,125.47545,59.952072,jack_out,94
15.105962,9.368148,18.867556,jack_in,94
24.205498,7.810474,17.867012,jack_in,94
33.82957,17.812769,21.435589,jack_in,94
21.364183,27.168875,21.850552,jack_in,94
19.359657,16.377823,23.079979,jack_in,94
12.889702,12.160904,21.502054,jack_in,94
8.865255,5.583178,22.519512,jack_in,94
9.011947,4.7923594,20.079021,jack_in,94
10.276878,10.244419,20.09653,jack_in,94
18.352928,11.665013,18.382992,jack_in,94
18.76695,37.66974,18.522877,jack_in,94
136.16833,120.094086,74.81276,jack_out,94
140.42255,127.93946,65.06136,jack_out,94
31.61733,36.065266,16.829266,jack_in,94
23.020039,11.111028,14.809767,jack_in,94
6.2516274,4.922985,17.467049,jack_in,94
7.698934,3.3039901,18.354176,jack_in,94
6.6803155,3.367611,22.082655,jack_in,94
7.2575274,5.638923,20.402168,jack_in,94
23.688986,10.227007,19.847057,jack_in,94
27.997929,39.03534,20.844782,jack_in,94
21.94602,36.535633,22.889065,jack_in,94
28.89858,28.914951,24.879221,jack_in,94
19.548822,38.499275,17.896774,jack_in,94
15.728714,15.713766,15.243667,jack_in,94
5.751627,8.010355,17.170773,jack_in,94
9.198981,5.377932,17.181273,jack_in,94
6.0832157,5.1003876,19.337475,jack_in,94
6.7535434,9.276482,15.91938,jack_in,94
18.907278,10.423903,16.620796,jack_in,94
18.49062,27.205128,20.338455,jack_in,94
27.169947,30.156046,23.908798,jack_in,94
21.192753,27.169123,18.043917,jack_in,96
23.044758,26.904133,18.740225,jack_in,96
27.081367,26.3021,18.458948,jack_in,96
27.50401,22.738876,23.384762,jack_in,96
27.42571,22.879976,23.025925,jack_in,96
32.41315,29.94768,23.28761,jack_in,96
14.077318,14.712417,21.410484,jack_in,96
16.983398,17.17747,19.50494,jack_in,96
15.378042,16.336605,20.951225,jack_in,96
15.290731,16.638577,21.615328,jack_in,96
20.066942,19.866943,21.6697,jack_in,96
24.215658,27.794207,23.97627,jack_in,96
18.378605,16.173815,19.960741,jack_in,96
14.027668,19.286112,20.35208,jack_in,96
13.011578,17.953377,20.942722,jack_in,96
15.239872,17.536377,19.556944,jack_in,96
19.932901,15.946128,20.922754,jack_in,96
26.973719,42.504547,22.435368,jack_in,96
22.562193,22.321331,22.158854,jack_in,96
21.524153,12.976265,19.542135,jack_in,96
21.730938,13.5832815,19.781248,jack_in,96
15.890268,14.932321,20.732405,jack_in,96
15.900954,13.395549,23.604805,jack_in,96
14.265229,13.224497,22.317204,jack_in,96
22.43772,18.870567,18.984083,jack_in,96
22.96585,18.870333,19.22212,jack_in,96
17.678041,17.836924,24.627316,jack_in,96
13.449805,12.494602,18.944466,jack_in,96
14.036373,13.853537,19.81989,jack_in,96
18.05526,10.797072,20.149857,jack_in,96
18.23556,10.478651,20.469364,jack_in,96
14.070928,23.805128,21.752895,jack_in,96
24.957779,29.24797,18.556665,jack_in,96
24.96126,30.793947,21.467077,jack_in,96
23.24548,19.428585,20.523046,jack_in,96
11.319658,12.984885,21.713856,jack_in,96
12.948099,14.6150675,20.08298,jack_in,96
13.377376,14.60009,20.221659,jack_in,96
13.993871,11.141749,21.021948,jack_in,96
15.65672,15.834693,23.458391,jack_in,96
25.420694,22.067852,18.416294,jack_in,96
25.02944,29.689344,21.590126,jack_in,96
12.7856455,14.147573,20.056429,jack_in,96
12.854582,14.163409,20.176191,jack_in,96
16.456171,14.400589,18.800117,jack_in,96
13.309113,16.498854,19.28425,jack_in,96
16.114567,13.518612,19.077192,jack_in,96
15.35638,15.401116,18.75987,jack_in,96
15.229034,15.485542,18.564144,jack_in,96
14.305062,13.874787,18.476465,jack_in,96
27.220697,30.342396,21.601175,jack_in,97
19.517546,21.63853,21.330204,jack_in,97
10.159891,13.646927,14.747754,jack_in,97
8.978485,12.292681,13.685189,jack_in,97
9.491835,11.51478,15.685358,jack_in,97
8.323574,14.854459,14.059053,jack_in,97
16.341011,12.828045,12.817412,jack_in,97
15.385214,12.446095,12.968217,jack_in,97
23.375881,19.940022,15.003141,jack_in,97
32.859978,32.782524,18.610632,jack_in,97
31.63251,30.028484,17.08552,jack_in,97
28.96023,33.004776,15.142427,jack_in,97
23.923439,27.358885,14.968236,jack_in,97
14.38252,19.455393,15.007851,jack_in,97
10.125119,9.480085,17.372547,jack_in,97
11.123,11.849323,17.54442,jack_in,97
20.850424,7.957591,19.482515,jack_in,97
167.61115,132.70782,84.310234,jack_out,98
39.687622,9.544518,20.160006,jack_in,98
169.83974,159.0122,65.08894,jack_out,98
147.97247,139.51161,57.91704,jack_out,98
151.65987,135.59775,65.20739,jack_out,98
124.10391,146.49837,58.183243,jack_out,98
10.966826,21.981337,13.9422865,jack_in,98
24.726627,11.064181,13.544869,jack_in,98
143.01859,173.56607,66.68326,jack_out,98
131.84518,139.96373,59.90366,jack_out,98
137.96396,132.56725,57.076176,jack_out,98
102.37615,175.89592,70.47962,jack_out,98
122.7062,144.3556,69.62071,jack_out,98
171.54547,129.43668,56.75615,jack_out,98
158.36992,157.98294,63.06595,jack_out,98
152.527,147.0023,71.98328,jack_out,98
126.622765,129.068,81.08585,jack_out,98
7.371661,52.420372,11.372309,jack_in,98
34.225147,18.958893,23.188059,jack_in,99
34.179913,19.605072,23.579487,jack_in,99
9.969478,15.435991,21.389706,jack_in,99
9.773402,16.583948,20.217182,jack_in,99
8.861909,17.980621,23.277145,jack_in,99
6.742005,15.536521,24.672703,jack_in,99
21.891996,19.458736,24.949432,jack_in,99
16.134327,14.956556,23.758394,jack_in,99
21.004244,27.76459,16.759056,jack_in,99
29.416086,40.244812,17.498583,jack_in,99
14.012303,13.197241,19.366116,jack_in,99
15.877804,15.090332,18.81665,jack_in,99
12.455996,9.50479,20.024359,jack_in,99
12.079088,8.722874,19.995356,jack_in,99
16.713375,33.989532,16.927374,jack_in,99
15.471607,34.90927,16.55964,jack_in,99
13.696328,11.904398,16.49159,jack_in,99
12.918421,11.827784,16.718967,jack_in,99
13.477058,8.418182,20.120132,jack_in,99
14.353233,8.049447,20.284256,jack_in,99
14.462129,10.885423,19.70738,jack_in,99
14.788574,9.990346,19.137327,jack_in,99
13.661119,9.890818,21.48136,jack_in,99
13.862149,9.870976,21.201763,jack_in,99
14.391646,9.822809,18.326294,jack_in,99
14.69195,9.957596,18.67345,jack_in,99
126.451836,143.69594,100.7854,jack_out,100
123.55583,148.9773,99.83886,jack_out,100
121.44874,170.22571,98.35348,jack_out,100
117.977715,162.21681,104.13419,jack_out,100
128.87848,155.07956,116.54055,jack_out,100
167.49448,85.31263,131.2004,jack_out,100
135.84264,123.54194,126.39412,jack_out,100
112.56667,148.3782,140.53668,jack_out,100
115.22581,135.00955,133.07922,jack_out,100
126.96553,150.6897,135.21222,jack_out,100
121.98685,167.58852,128.21268,jack_out,100
125.960945,125.192116,138.619,jack_out,100
152.37914,134.20831,138.0846,jack_out,100
130.8344,133.1426,110.097374,jack_out,100
128.05998,135.50818,113.49361,jack_out,100
130.77057,125.2508,108.734505,jack_out,100
121.16591,146.24596,100.8974,jack_out,100
122.05542,163.94724,106.1606,jack_out,100
164.51186,95.97674,134.36491,jack_out,100
162.03218,154.29805,125.19763,jack_out,100
157.18584,157.82437,130.09561,jack_out,100
163.90427,132.38261,117.86791,jack_out,100
171.92093,120.70874,129.01949,jack_out,100
136.4977,142.0497,129.3586,jack_out,100
129.30612,153.20163,116.781586,jack_out,100
126.6264,154.48041,107.18292,jack_out,100
133.33485,120.13718,89.546936,jack_out,100
129.84521,127.50621,89.44184,jack_out,100
132.97021,142.06625,92.31392,jack_out,100
133.42715,145.1857,100.17941,jack_out,100
134.955,143.9413,113.17181,jack_out,100
127.02789,140.19164,107.88073,jack_out,100
126.820244,153.52278,113.183754,jack_out,100
125.364456,135.51288,128.2471,jack_out,100
162.77428,101.26623,129.14215,jack_out,100
137.46059,150.03178,132.08037,jack_out,100
154.03783,160.73146,135.0821,jack_out,100
135.34222,160.50659,121.369064,jack_out,100
170.61,101.92442,115.63168,jack_out,100
129.93793,131.84402,106.56718,jack_out,100
142.87093,140.38667,97.46949,jack_out,101
174.32083,159.74481,103.939995,jack_out,101
132.17348,134.90648,115.52883,jack_out,101
142.52777,131.62486,83.06021,jack_out,101
139.96794,135.97636,87.74468,jack_out,101
141.51743,135.97876,61.654762,jack_out,101
163.78287,89.287704,135.05635,jack_out,101
167.28423,150.88913,71.91362,jack_out,101
134.74692,121.6017,87.31572,jack_out,101
142.62697,140.69737,109.03685,jack_out,101
78.48887,175.74258,88.42996,jack_out,103
83.667496,175.81726,76.95661,jack_out,103
106.70371,165.14297,106.23103,jack_out,103
95.01682,155.82875,103.434586,jack_out,103
102.2059,150.39201,85.7111,jack_out,103
91.990486,158.38687,76.17736,jack_out,103
95.55768,160.36755,90.25533,jack_out,103
83.408745,168.06638,85.88319,jack_out,103
77.66985,172.90361,89.436455,jack_out,103
79.754456,172.52025,96.68381,jack_out,103
82.935524,167.88005,93.10651,jack_out,103
90.588165,168.68658,107.70511,jack_out,103
97.86774,163.58527,100.786995,jack_out,103
96.652504,159.24478,103.2041,jack_out,103
93.32808,161.48274,105.34708,jack_out,103
93.37186,159.1482,105.913704,jack_out,103
106.52612,149.02951,105.7622,jack_out,103
115.09,165.99707,104.89909,jack_out,104
130.70976,168.96692,98.1787,jack_out,104
122.39665,169.06296,103.489555,jack_out,104
126.31758,171.33891,111.86733,jack_out,104
120.30757,173.24817,111.28286,jack_out,104
119.88156,176.1819,114.59074,jack_out,104
115.14782,174.32286,98.64096,jack_out,104
140.12,173.24017,82.30197,jack_out,104
126.052284,167.21284,107.474014,jack_out,104
120.856636,168.17032,106.771904,jack_out,104
122.73238,161.3277,101.30179,jack_out,104
123.67517,163.81276,80.65726,jack_out,104
127.859085,163.17789,90.1647,jack_out,104
128.97194,157.56944,99.10926,jack_out,104
127.9002,174.19373,105.570496,jack_out,104
126.76104,173.48256,74.51787,jack_out,104
129.3211,172.12498,86.986885,jack_out,104
138.59976,176.91225,87.91129,jack_out,104
127.562164,174.60228,56.04656,jack_out,104
138.77911,167.62328,104.24917,jack_out,104
128.74641,147.31311,93.301994,jack_out,104
126.31594,129.91602,69.17491,jack_out,104
110.94006,161.14868,75.71453,jack_out,104
130.2734,152.84291,80.37173,jack_out,104
125.98581,151.727,99.22941,jack_out,104
145.44176,155.64194,92.60435,jack_out,104
120.08513,173.10893,105.536064,jack_out,104
110.148,175.86028,99.46391,jack_out,104
108.4448,173.79982,95.54931,jack_out,104
117.548996,173.35857,98.748695,jack_out,104
125.71094,174.79643,116.74066,jack_out,104
113.96454,154.13264,108.869835,jack_out,104
118.57914,167.7389,95.79515,jack_out,104
121.55189,134.7679,86.47758,jack_out,104
129.54869,169.11607,94.68037,jack_out,104
131.66043,170.95822,99.31362,jack_out,104
124.562096,172.17767,111.22278,jack_out,104
119.312645,175.51768,92.16084,jack_out,104
117.156685,168.29535,96.33643,jack_out,104
114.31984,175.4012,76.003815,jack_out,104
121.59779,175.92381,88.44089,jack_out,104
122.78089,171.78214,110.03391,jack_out,104
117.49568,166.8478,103.45285,jack_out,104
119.855255,160.97015,108.23191,jack_out,104
131.64064,158.17812,82.03315,jack_out,104
126.77694,155.40848,106.23983,jack_out,104
127.07271,159.88936,106.56383,jack_out,104
132.80788,167.5735,105.78507,jack_out,104
130.39474,168.15804,98.1104,jack_out,104
122.851616,170.99297,81.21692,jack_out,104
123.65552,176.0936,99.131004,jack_out,104
125.795006,175.34247,112.246124,jack_out,104
117.03053,169.47911,95.650566,jack_out,104
118.59027,159.85732,106.409,jack_out,104
109.89578,148.90112,103.781235,jack_out,104
14.84721,33.79696,24.240383,jack_in,104
132.98961,132.7226,72.97088,jack_out,105
133.36014,129.17734,69.55481,jack_out,105
12.373185,14.323488,14.373594,jack_in,106
11.95083,13.236196,13.51113,jack_in,106
11.832214,13.1657,13.3611145,jack_in,106
11.56657,13.509463,13.235793,jack_in,106
11.737807,13.461283,13.062824,jack_in,106
11.4255295,13.963928,12.824615,jack_in,106
11.640277,14.405435,12.111538,jack_in,106
11.5171585,13.555043,10.880087,jack_in,106
11.192851,13.110003,11.612994,jack_in,106
11.580545,12.450959,11.481647,jack_in,106
11.569109,12.656271,11.268706,jack_in,106
14.468773,12.779996,13.175413,jack_in,106
16.34299,13.254767,13.906453,jack_in,106
17.335691,13.372903,13.966574,jack_in,106
22.93122,16.352222,15.133078,jack_in,106
35.43197,19.814068,16.576683,jack_in,106
34.61898,19.490759,16.735365,jack_in,106
7.3667626,60.67374,6.5240784,jack_in,106
