left_elbow_angle,right_elbow_angle,avg_elbow_angle,left_torso_angle,right_torso_angle,avg_torso_angle,source,frame_order
102.10026370628087,87.66563559759472,94.88294965193779,24.325016253386778,10.981321052352845,17.653168652869812,lat_pulldown,0
124.23715465400504,95.09981542142424,109.66848503771465,26.140678315557192,9.894375476184713,18.01752689587095,lat_pulldown,1
120.91751197689359,99.30753918334223,110.1125255801179,28.86251708322892,8.938867174635748,18.900692128932334,lat_pulldown,2
118.3122513227544,96.88999612626645,107.60112372451043,29.464445254959184,11.684683733675422,20.574564494317304,lat_pulldown,3
116.01499036777432,95.15902665579067,105.5870085117825,29.506374890765667,12.93187751124624,21.219126201005952,lat_pulldown,4
113.88062346675753,94.29444732091503,104.08753539383628,30.020724481133936,13.747360947569506,21.88404271435172,lat_pulldown,5
112.60883671276673,94.68083494333577,103.64483582805124,31.010307525908757,12.99638746403679,22.003347494972772,lat_pulldown,6
115.75608915864191,92.43608422167988,104.09608669016089,31.149371198840498,11.919263156921733,21.534317177881114,lat_pulldown,7
112.8363101061634,90.94528838663841,101.8907992464009,28.400541686526868,11.992776067616253,20.19665887707156,lat_pulldown,8
109.75118615723737,89.12995857932523,99.4405723682813,28.99992917030041,14.19907638446529,21.59950277738285,lat_pulldown,9
107.45963359310649,86.15629312640749,96.807963359757,29.993511652272662,14.422809282912267,22.208160467592464,lat_pulldown,10
106.51833906881195,84.34037958230526,95.42935932555861,30.325042025931506,14.279723652420733,22.30238283917612,lat_pulldown,11
106.60068336838496,82.9305845130144,94.76563394069967,30.452845303613298,14.613590674640943,22.53321798912712,lat_pulldown,12
107.01664729713723,82.55140060503365,94.78402395108543,30.400580161395183,14.717440178125877,22.55901016976053,lat_pulldown,13
106.10020374969316,83.44531128119016,94.77275751544167,31.14690655758676,12.8943981159547,22.02065233677073,lat_pulldown,14
106.20905627379648,83.15183524383778,94.68044575881713,31.166546480536017,13.018175102852156,22.092360791694087,lat_pulldown,15
106.74672281095621,83.76097075367869,95.25384678231745,31.181943609968066,11.389224314389562,21.285583962178812,lat_pulldown,16
106.87493168472668,69.86154918772937,88.36824043622802,31.68941382825095,8.98450849597323,20.33696116211209,lat_pulldown,17
105.50781347868589,71.97794435680485,88.74287891774537,31.132132730972383,9.832795153579045,20.482463942275714,lat_pulldown,18
104.94059597424817,106.8630866981789,105.90184133621354,31.46790799951477,10.083953354583226,20.775930677048997,lat_pulldown,19
109.64056845107062,121.4725048844146,115.55653666774262,26.32409566223273,9.93913262495128,18.131614143592003,lat_pulldown,20
166.2748157863559,137.05548713963458,151.66515146299525,20.429318095512492,7.043086798596961,13.736202447054726,lat_pulldown,21
131.98815890589316,170.78692239580397,151.38754065084856,22.29420940964575,8.500114937066279,15.397162173356014,lat_pulldown,22
115.45584284837277,132.127536989561,123.79168991896688,24.885943897576492,8.670021753434094,16.777982825505294,lat_pulldown,23
131.44833340521208,145.61323994321944,138.53078667421576,19.18557394639948,5.143792088530555,12.164683017465016,lat_pulldown,24
141.04360556704134,142.8862762601674,141.96494091360438,17.641627316574493,3.7574707284991833,10.699549022536837,lat_pulldown,25
118.3284102934885,127.1484521447581,122.7384312191233,24.018641265381223,11.845906263481714,17.932273764431468,lat_pulldown,26
99.74524300907888,139.28445819407875,119.51485060157881,25.608765632314615,12.34693867199959,18.9778521521571,lat_pulldown,27
88.15344218343093,139.62897781861375,113.89121000102233,26.94403825044806,12.335523908466099,19.63978107945708,lat_pulldown,28
86.2696076803075,137.91465210127663,112.09212989079207,28.52492755850469,12.969252874963699,20.747090216734193,lat_pulldown,29
101.21359299243616,139.92813661556812,120.57086480400214,28.31635126851387,17.22247778985513,22.769414529184502,lat_pulldown,30
101.85876321759152,85.31469353921284,93.58672837840217,28.380165676708078,19.2071216229537,23.79364364983089,lat_pulldown,31
102.49705566033377,82.6326811802283,92.56486842028104,28.573066875592957,20.876628753260395,24.724847814426674,lat_pulldown,32
103.3622910662193,80.2191842913237,91.7907376787715,29.02688569104746,17.366193923598345,23.196539807322903,lat_pulldown,33
107.42164539556225,82.82200412236557,95.12182475896391,29.59445381850439,20.25150147638033,24.92297764744236,lat_pulldown,34
108.28563321035233,84.72113307518498,96.50338314276866,29.635553697556595,22.155259132182696,25.895406414869647,lat_pulldown,35
110.49512088127241,90.49387694581401,100.49449891354321,29.50170962239563,22.96583501920786,26.233772320801744,lat_pulldown,36
112.10266912114446,91.83445779152993,101.9685634563372,29.967485681945885,23.84912497299608,26.908305327470984,lat_pulldown,37
113.25867149862853,92.98365092857318,103.12116121360086,30.70782152812063,24.851218668464124,27.779520098292377,lat_pulldown,38
115.15600675301778,94.48736174612372,104.82168424957075,30.865402869524623,25.114143298394932,27.989773083959776,lat_pulldown,39
115.20582015238712,97.60863861847906,106.40722938543308,30.489694955519795,25.248836387827957,27.869265671673876,lat_pulldown,40
115.91528447446265,102.6666401390404,109.29096230675152,30.195389747497465,25.075204179312927,27.635296963405196,lat_pulldown,41
115.91310149189387,106.5459547270761,111.22952810948499,30.155548236637735,24.983340490634934,27.569444363636336,lat_pulldown,42
117.2136607670604,108.1289391218165,112.67129994443846,30.078422760351906,24.82813790020174,27.453280330276822,lat_pulldown,43
119.22971023063228,111.14489646134962,115.18730334599095,29.470792368670335,24.833784252743918,27.152288310707128,lat_pulldown,44
119.71575954969427,114.36201206193562,117.03888580581494,28.934017083549875,24.87117052214572,26.902593802847797,lat_pulldown,45
122.45585552952711,115.28829578147418,118.87207565550065,28.627408169428765,24.756638752918004,26.692023461173385,lat_pulldown,46
123.33601824533746,117.824682218258,120.58035023179772,28.201852425953184,24.438635332966005,26.320243879459596,lat_pulldown,47
123.25482503666059,118.35405605061294,120.80444054363676,27.310407625161368,24.093859359913292,25.702133492537328,lat_pulldown,48
125.0481257861455,119.69372975588479,122.37092777101515,26.687698760430827,23.903598147515034,25.29564845397293,lat_pulldown,49
125.01714096475726,119.24752158589808,122.13233127532767,26.178711353344145,23.798611514985886,24.988661434165017,lat_pulldown,50
126.05280616047834,119.09799687858288,122.5754015195306,25.764537744947486,23.674211629812497,24.71937468737999,lat_pulldown,51
126.71345371445422,121.26405306640822,123.98875339043121,25.12350292115339,23.24548642870721,24.1844946749303,lat_pulldown,52
128.49448603783893,121.48156102248333,124.98802353016113,24.504179622923353,22.902489696772456,23.703334659847904,lat_pulldown,53
130.09527446495767,122.53989123281315,126.31758284888541,23.85591751143406,22.729445714664436,23.292681613049247,lat_pulldown,54
130.95514310730914,122.79680604201644,126.87597457466279,23.22633043552944,22.460222734073614,22.84327658480153,lat_pulldown,55
130.6753312487743,123.75881419897263,127.21707272387347,22.856972822282557,22.34537474521114,22.601173783746848,lat_pulldown,56
131.96724044657122,125.42487234352359,128.6960563950474,22.430694704287422,22.125482584058634,22.278088644173028,lat_pulldown,57
134.39723547047322,128.56022937372856,131.4787324221009,22.345344259480218,21.99020510422646,22.167774681853338,lat_pulldown,58
135.26678979962347,128.9021089707945,132.08444938520898,22.274386076485754,21.894652660538462,22.084519368512108,lat_pulldown,59
136.19618288391248,129.87102250951196,133.03360269671222,22.48306662964156,21.77964292662578,22.13135477813367,lat_pulldown,60
137.74993652171517,132.6653997467152,135.20766813421517,22.097574322643162,21.588000825843476,21.842787574243317,lat_pulldown,61
140.22694900209814,136.0088213159657,138.1178851590319,21.971784801336195,21.219518706926372,21.595651754131282,lat_pulldown,62
142.445075621048,137.01490108025686,139.72998835065243,22.005167658919053,21.180354978095743,21.5927613185074,lat_pulldown,63
144.92188078566898,141.26836930609952,143.09512504588423,21.586473786022072,21.10339269397955,21.344933240000813,lat_pulldown,64
146.17042388576664,142.30777922728188,144.23910155652425,20.85957656931283,21.001508199238522,20.930542384275675,lat_pulldown,65
147.69442463748277,145.7190695239622,146.7067470807225,20.641096300929295,20.6966731629255,20.6688847319274,lat_pulldown,66
148.30452293502398,147.6287170623313,147.96661999867763,20.468894989106925,20.41308253306767,20.440988761087297,lat_pulldown,67
149.4999365257451,149.3047036844538,149.40232010509948,20.04821743036271,20.504513108344824,20.276365269353768,lat_pulldown,68
150.406263622499,151.06760331852365,150.73693347051133,19.695941047146,20.700734148125008,20.198337597635504,lat_pulldown,69
150.76528296736026,153.24015858780757,152.00272077758393,19.297116149650165,20.672089475002434,19.9846028123263,lat_pulldown,70
150.9947273378724,153.86673736775455,152.4307323528135,19.30963022209552,20.41049500776269,19.860062614929106,lat_pulldown,71
150.56309749902593,154.1027621201008,152.33292980956338,19.483926280300313,20.249208949960693,19.866567615130503,lat_pulldown,72
150.09773365737308,153.65278170011436,151.8752576787437,19.889225992034632,20.092469628725677,19.990847810380153,lat_pulldown,73
149.19106823087674,153.21870251586725,151.204885373372,20.034495653045763,19.98596255244314,20.010229102744454,lat_pulldown,74
148.59585082078254,152.82947809406443,150.7126644574235,20.054625316749576,19.85410280696537,19.954364061857472,lat_pulldown,75
146.62941347858236,152.0228360845337,149.32612478155804,20.063942194044103,19.786915951901523,19.92542907297281,lat_pulldown,76
142.77617329558112,150.73148223256587,146.7538277640735,20.152175493612997,19.703151720881635,19.927663607247318,lat_pulldown,77
139.89807256291843,149.059345969192,144.4787092660552,20.07683343309835,19.572199285196646,19.8245163591475,lat_pulldown,78
136.88735072492648,147.38130607262727,142.13432839877686,19.922792816185144,19.477296554223898,19.70004468520452,lat_pulldown,79
133.44005747440067,146.3838636605846,139.91196056749266,19.906095558841027,19.145234595128116,19.525665076984573,lat_pulldown,80
131.4707149195157,142.84698625915286,137.1588505893343,19.72019680704007,18.767805047669007,19.24400092735454,lat_pulldown,81
130.16730958990954,138.4068896559136,134.28709962291157,19.221053263589642,17.958265779296276,18.58965952144296,lat_pulldown,82
127.68439781179507,136.05831093280977,131.87135437230242,19.869847195345105,16.12267287549352,17.99626003541931,lat_pulldown,83
126.45092358373415,134.5757802944403,130.51335193908722,19.834842978477162,15.038168911120104,17.436505944798633,lat_pulldown,84
124.69573117492753,129.12070167943764,126.9082164271826,20.04253594320531,14.21640475083031,17.129470347017808,lat_pulldown,85
122.81276593784045,124.88480740565714,123.8487866717488,19.63394776185326,12.041466895492622,15.837707328672941,lat_pulldown,86
120.6136075295211,122.03422966308898,121.32391859630505,19.19110783668178,10.742371184193905,14.966739510437844,lat_pulldown,87
118.77589722624158,119.43446049486192,119.10517886055175,18.896144606506272,10.67868362749062,14.787414116998447,lat_pulldown,88
116.33508989486235,113.4320746296722,114.88358226226728,19.95404709724442,10.49647726792169,15.225262182583055,lat_pulldown,89
114.46748356209989,109.55438145619553,112.01093250914771,19.232532897883665,9.373004668195989,14.302768783039827,lat_pulldown,90
113.76689144260716,105.50781588604568,109.63735366432641,17.655360961960668,8.55452013422386,13.104940548092264,lat_pulldown,91
112.43624520688336,103.93807998218097,108.18716259453217,16.2428560383307,6.84332282871309,11.543089433521896,lat_pulldown,92
110.03027525735774,102.08282959044982,106.05655242390378,15.764416544616715,6.181533304670234,10.972974924643474,lat_pulldown,93
108.62297719363222,101.3938787561903,105.00842797491126,15.333127561827656,6.268965317966638,10.801046439897146,lat_pulldown,94
104.87748381999903,95.8175975909391,100.34754070546907,15.235622329156364,6.5706652258281935,10.903143777492279,lat_pulldown,95
102.73122367956002,91.70083385154288,97.21602876555144,14.92686612800459,6.822503491313202,10.874684809658897,lat_pulldown,96
100.65103420612263,87.93503901497922,94.29303661055093,15.220774452634712,6.922395511473147,11.07158498205393,lat_pulldown,97
99.81028388755345,85.00662949251722,92.40845669003534,15.118017066720592,7.174431545318658,11.146224306019626,lat_pulldown,98
99.30069583271188,82.41398653034958,90.85734118153073,14.537200484279495,7.5257989225692,11.031499703424348,lat_pulldown,99
100.25590268291745,78.16794106101696,89.2119218719672,13.948360918175759,7.941597951939361,10.94497943505756,lat_pulldown,100
99.62219708269105,76.72009463664835,88.1711458596697,13.853003398702981,7.778233462873575,10.815618430788279,lat_pulldown,101
104.76686606587167,78.13319928675429,91.45003267631299,13.562113376633059,9.095266853986402,11.32869011530973,lat_pulldown,102
103.95995212661391,77.4761952293191,90.71807367796652,13.42129030382955,8.818016169958554,11.119653236894052,lat_pulldown,103
109.16978464451086,76.96865936905203,93.06922200678144,13.310792633379222,8.754920729175714,11.032856681277469,lat_pulldown,104
111.22739959082674,78.38922450119887,94.8083120460128,12.512435989233301,8.151035101217792,10.331735545225547,lat_pulldown,105
110.30543906092261,79.02864262907529,94.66704084499895,12.23192024747448,8.037394401885178,10.134657324679829,lat_pulldown,106
108.73634597741523,81.31426916821616,95.02530757281569,11.923088097738782,8.00407344486152,9.963580771300151,lat_pulldown,107
107.93468097187922,82.42430109548431,95.17949103368176,11.96363146267791,8.196444314716569,10.08003788869724,lat_pulldown,108
107.30496441943504,81.4175110910336,94.36123775523433,11.991997974039108,8.524528011380541,10.258262992709824,lat_pulldown,109
105.64301510917385,82.28330848422006,93.96316179669695,12.133389698575224,9.120352426921833,10.626871062748528,lat_pulldown,110
106.65485338692883,84.8411102659668,95.74798182644781,12.217528655312732,9.222773933210236,10.720151294261484,lat_pulldown,111
106.46069454848545,85.54439535676795,96.00254495262669,12.40685360100885,8.920172862635866,10.663513231822357,lat_pulldown,112
107.58312039943897,87.16829111861294,97.37570575902595,12.82882431688805,7.834954087009028,10.331889201948538,lat_pulldown,113
107.37257589724908,87.26443928795725,97.31850759260317,13.561893750550702,6.981012776252682,10.271453263401693,lat_pulldown,114
108.72486428184612,87.73519172301306,98.23002800242959,13.717706068378833,7.367957820544967,10.5428319444619,lat_pulldown,115
108.97136004759768,88.7467504431697,98.8590552453837,14.149617205866209,7.533220183645939,10.841418694756074,lat_pulldown,116
108.70631040678884,90.56977303096085,99.63804171887485,14.48622490444429,7.654855927846964,11.070540416145628,lat_pulldown,117
107.97638636882898,89.93633758869795,98.95636197876347,14.74212982347027,7.749487653063377,11.245808738266824,lat_pulldown,118
108.2584230003412,90.52286726943937,99.39064513489029,14.76334271849699,7.808504253374485,11.285923485935736,lat_pulldown,119
109.3374429610914,94.27475375860206,101.80609835984673,14.57035933012293,8.022637736770687,11.296498533446808,lat_pulldown,120
109.55190251285079,95.26418621398301,102.4080443634169,14.4874404040012,8.356402069055731,11.421921236528465,lat_pulldown,121
111.0141461469494,95.05037519603896,103.03226067149419,14.515128644433759,8.453179929903259,11.484154287168508,lat_pulldown,122
111.85518143470321,94.38179558499733,103.11848850985027,14.35102028744054,8.811146653384721,11.581083470412631,lat_pulldown,123
113.51649970948345,96.50561837810271,105.01105904379308,14.713706724188025,8.948922923381868,11.831314823784947,lat_pulldown,124
113.09771088148294,96.24605808958881,104.67188448553588,15.11389054423503,8.995325915286134,12.054608229760582,lat_pulldown,125
111.56816111333394,93.99532178163255,102.78174144748326,15.317596671115687,9.710723886595167,12.514160278855428,lat_pulldown,126
108.25320143821405,90.81568574347179,99.53444359084293,15.547179153046512,9.781680760344372,12.664429956695443,lat_pulldown,127
103.77609686343597,87.12800545022125,95.45205115682862,15.945774445053955,9.553856413994504,12.74981542952423,lat_pulldown,128
101.92874873913766,83.04789431870712,92.4883215289224,16.407438906466883,8.727889680314924,12.567664293390903,lat_pulldown,129
99.97826167242226,81.47096418127188,90.72461292684707,16.650389030669572,8.565040863292545,12.607714946981059,lat_pulldown,130
100.23167929478568,80.82036302771158,90.52602116124862,16.595838276667944,8.732101666158798,12.66396997141337,lat_pulldown,131
99.79404164406431,79.54340702416499,89.66872433411464,16.49542490998668,8.861923199897943,12.678674054942313,lat_pulldown,132
99.78812444220158,79.1834181019037,89.48577127205263,16.393792549884743,9.021450148250736,12.70762134906774,lat_pulldown,133
100.04063744413327,78.63916065306769,89.33989904860047,16.275176522415368,9.162770803767364,12.718973663091365,lat_pulldown,134
99.64899136639342,78.031370501218,88.84018093380571,16.156639702139373,9.535748730413477,12.846194216276425,lat_pulldown,135
100.1038291892064,79.3246963560071,89.71426277260674,16.294738286309997,9.592390448069393,12.943564367189694,lat_pulldown,136
100.6320741060525,78.27607796213988,89.45407603409619,16.25380332543019,9.317620607777851,12.78571196660402,lat_pulldown,137
101.72318681871364,79.16420484186796,90.4436958302908,16.018830115782038,9.238978902170839,12.628904508976438,lat_pulldown,138
98.75812829110625,80.27910748049982,89.51861788580302,15.54588502886847,9.244487732955701,12.395186380912087,lat_pulldown,139
102.45216951923908,83.51472610665724,92.98344781294816,15.15179956669219,9.123676256770757,12.137737911731474,lat_pulldown,140
105.10413591261715,84.49179070156026,94.79796330708871,14.95682918818794,8.673156130958988,11.814992659573464,lat_pulldown,141
108.47802236309037,85.7594100622876,97.11871621268898,14.44611086425816,8.60390475385258,11.52500780905537,lat_pulldown,142
110.68881486887048,87.38666302881876,99.03773894884462,14.279301316301073,8.499024997877545,11.389163157089309,lat_pulldown,143
111.97277216486502,88.65116564594433,100.31196890540468,14.22110219059026,8.776088854868485,11.498595522729373,lat_pulldown,144
113.107247013258,89.50502835515806,101.30613768420804,14.195574801579168,8.87501017532376,11.535292488451464,lat_pulldown,145
113.18531243478188,90.98330327394609,102.08430785436398,14.140243035372595,8.86045438935695,11.500348712364772,lat_pulldown,146
114.9250712328184,93.98500105122753,104.45503614202296,14.102039912078249,8.893183061292008,11.497611486685129,lat_pulldown,147
115.63482659228895,97.577213676133,106.60602013421098,14.145795532879022,8.53359977150188,11.339697652190452,lat_pulldown,148
115.2543853218766,103.1662639836295,109.21032465275306,14.231404653140691,8.56210499778597,11.39675482546333,lat_pulldown,149
116.52801246500445,104.86782975123245,110.69792110811845,14.30919640148595,8.782765450701524,11.545980926093737,lat_pulldown,150
116.07365699041796,106.6077889266482,111.34072295853308,13.9519917358652,8.846477799222601,11.3992347675439,lat_pulldown,151
116.49431169043001,108.21973182216064,112.35702175629532,14.17472744762741,8.749305503384484,11.462016475505948,lat_pulldown,152
118.03933088889296,109.34559390522608,113.69246239705953,13.857041174623108,8.821291634265046,11.339166404444077,lat_pulldown,153
118.4631897390478,111.16149351339314,114.81234162622047,13.285265077219625,8.915158716200262,11.100211896709943,lat_pulldown,154
119.78610986506644,112.03046852490019,115.90828919498331,13.227322862056104,8.894515803609401,11.060919332832754,lat_pulldown,155
122.80051702151144,113.54901405960976,118.1747655405606,13.000450801132418,8.955506184851032,10.977978492991724,lat_pulldown,156
124.57957664587192,113.69927428860697,119.13942546723945,12.78440135298253,8.766588736978763,10.775495044980646,lat_pulldown,157
124.41848691916525,115.57293550408974,119.9957112116275,12.686143667761797,8.339997251881385,10.513070459821591,lat_pulldown,158
126.92034929828644,117.44501001885939,122.18267965857291,12.743015872786172,8.531740118838208,10.63737799581219,lat_pulldown,159
131.53211797589225,117.34139995823048,124.43675896706137,12.936944597248997,8.420162707486643,10.678553652367821,lat_pulldown,160
141.39818346366746,117.03365769720835,129.2159205804379,13.20651644975348,8.584068191537652,10.895292320645567,lat_pulldown,161
144.6719170671857,123.5023841688832,134.08715061803446,13.61803627033842,8.587258699398362,11.102647484868392,lat_pulldown,162
146.9564380658726,129.183662423835,138.0700502448538,13.58335226950288,8.817052314571853,11.200202292037368,lat_pulldown,163
149.63183680833447,133.97168533860977,141.8017610734721,13.418641792011575,8.631060759478473,11.024851275745025,lat_pulldown,164
150.66009767566598,135.73071921094657,143.1954084433063,13.707529199736506,8.526380503186463,11.116954851461484,lat_pulldown,165
152.35221126280666,138.37994201921703,145.36607664101183,13.675424022175983,8.538759710998834,11.107091866587409,lat_pulldown,166
154.5219216848979,140.4713815265815,147.49665160573971,13.840991422120423,8.837905424386179,11.339448423253302,lat_pulldown,167
156.25661434131166,143.5472391978082,149.90192676955994,13.859245613172886,8.585780679351537,11.222513146262212,lat_pulldown,168
157.4962078793889,145.18724425627863,151.34172606783375,13.47892825462779,8.93971252564821,11.209320390138,lat_pulldown,169
158.0009210922168,148.56017487063198,153.28054798142438,13.502175072393902,8.529711021226047,11.015943046809975,lat_pulldown,170
158.14155776632836,149.60572255121377,153.87364015877108,14.022758503049259,7.811572011227389,10.917165257138324,lat_pulldown,171
158.2617486950788,150.0856881546018,154.1737184248403,14.174027918311646,7.6506533447729606,10.912340631542303,lat_pulldown,172
159.73669435399503,154.2708411765684,157.00376776528174,14.034694450472994,7.48343114496253,10.759062797717762,lat_pulldown,173
160.36864259757508,154.62270237663478,157.4956724871049,13.664816647950222,7.098838372932087,10.381827510441154,lat_pulldown,174
163.5344632651596,154.86336623910856,159.19891475213407,13.466797005852305,6.9965145777821505,10.231655791817229,lat_pulldown,175
164.53539095326906,158.14963852387822,161.34251473857364,13.089869119569471,5.8930901983529465,9.49147965896121,lat_pulldown,176
166.0598376539971,158.47386183352978,162.26684974376343,12.646670388148243,5.766856892328402,9.206763640238321,lat_pulldown,177
165.47925962066486,156.7241850593827,161.1017223400238,12.464429981241546,6.0384128927673215,9.251421437004433,lat_pulldown,178
165.78604368546473,154.95149159000502,160.3687676377349,12.448265614152183,6.1293347262000974,9.28880017017614,lat_pulldown,179
165.32274750226264,153.60411016436146,159.46342883331204,12.360694821238218,5.980033468869955,9.170364145054087,lat_pulldown,180
164.55057954676806,152.8437335041889,158.69715652547848,12.261072465956657,5.912533905346917,9.086803185651787,lat_pulldown,181
164.2760167411908,152.99749567029934,158.6367562057451,12.086668178730562,5.962329910149228,9.024499044439896,lat_pulldown,182
163.560634412292,152.70409092231955,158.13236266730576,11.968988317819242,6.021324243487212,8.995156280653227,lat_pulldown,183
163.96235015947167,152.40573587239646,158.18404301593407,11.776760918097711,6.0794462329662045,8.928103575531958,lat_pulldown,184
164.01056380294762,152.05928603817526,158.03492492056142,11.356163608458697,6.04243965039358,8.699301629426138,lat_pulldown,185
156.48358279688682,151.19728956551376,153.8404361812003,11.16131136396802,5.931563831771521,8.54643759786977,lat_pulldown,186
158.751277495183,151.27372921842579,155.0125033568044,11.344831417883196,5.563286017308872,8.454058717596034,lat_pulldown,187
156.94009988602954,151.44962175354462,154.1948608197871,11.405062730864731,5.576645263767381,8.490853997316057,lat_pulldown,188
156.52311458763936,151.33663965617473,153.92987712190705,11.530079333248128,5.262985878325149,8.39653260578664,lat_pulldown,189
155.12224814967036,151.08894424998002,153.1055961998252,11.658667763304965,5.094887507125156,8.37677763521506,lat_pulldown,190
154.46419376921315,148.608936960122,151.53656536466758,12.840687204861776,5.404181534214501,9.122434369538139,lat_pulldown,191
152.1865269632424,144.54735148354445,148.36693922339342,13.301564512742297,6.0514248035525355,9.676494658147416,lat_pulldown,192
148.75894514579417,142.70733585780337,145.73314050179877,13.298671112203365,6.552379838748558,9.925525475475961,lat_pulldown,193
144.44547530235997,141.74340402853773,143.09443966544885,13.186080612746089,7.056470745012523,10.121275678879305,lat_pulldown,194
141.09083863586454,139.70802564527713,140.39943214057084,12.937285062908128,7.24126580059024,10.089275431749183,lat_pulldown,195
135.9625550903142,131.80955164387447,133.88605336709435,12.568503179163983,8.794163749276011,10.681333464219996,lat_pulldown,196
134.4773592397383,129.38192134211684,131.92964029092758,12.415477221403902,9.509760286334537,10.962618753869219,lat_pulldown,197
132.79784443556773,126.74528033677979,129.77156238617374,12.770499326179339,10.013710830624795,11.392105078402068,lat_pulldown,198
130.13089333541694,121.6660587317202,125.89847603356857,12.048880457551288,10.066863205081043,11.057871831316167,lat_pulldown,199
127.1340240196402,120.7421225987807,123.93807330921044,12.327981370699645,11.203185439169413,11.765583404934528,lat_pulldown,200
126.4420857387311,119.58910373506927,123.01559473690018,12.592071977425508,11.165048083292346,11.878560030358926,lat_pulldown,201
123.30073434688904,113.7332598430036,118.51699709494632,12.407244395231498,11.077035501432439,11.742139948331968,lat_pulldown,202
120.70765574826738,108.6761173433365,114.69188654580194,12.365540178236332,11.352697508835034,11.859118843535683,lat_pulldown,203
115.33394033347821,102.56584453545355,108.94989243446588,11.877255234776941,11.8243955525933,11.85082539368512,lat_pulldown,204
110.9069495279575,99.17240868339297,105.03967910567523,11.287006966964208,12.032734434293431,11.659870700628819,lat_pulldown,205
108.31973688259357,98.68334546050181,103.5015411715477,11.663254497799139,12.444873741299368,12.054064119549253,lat_pulldown,206
106.6297512818788,91.53989913689708,99.08482520938793,12.086200660494274,12.289285293541276,12.187742977017775,lat_pulldown,207
105.50450805572746,88.17743510474634,96.8409715802369,12.618594605294357,12.607643823307887,12.613119214301122,lat_pulldown,208
103.87336850944894,82.62934615651284,93.25135733298089,12.657141374154596,12.384621883435177,12.520881628794886,lat_pulldown,209
101.10815385679153,80.40380987317269,90.75598186498212,12.7954231189281,12.343975629824202,12.569699374376151,lat_pulldown,210
99.99194847200977,74.61572573450923,87.3038371032595,12.476863975201335,12.796249136412689,12.636556555807012,lat_pulldown,211
98.2910132587997,72.62514704154125,85.45808015017047,12.838496487510737,12.632724029225669,12.735610258368203,lat_pulldown,212
97.50058315318743,70.24530491960655,83.872944036397,13.084659782016745,12.735674951126496,12.91016736657162,lat_pulldown,213
95.86340627797364,68.28640191555644,82.07490409676504,13.450721977216729,12.800738383905795,13.125730180561263,lat_pulldown,214
97.56206689528399,66.82667662898389,82.19437176213394,13.445734752852653,12.782828416122687,13.11428158448767,lat_pulldown,215
102.0845820485729,71.16349274750158,86.62403739803725,13.090668235861687,12.98613462188374,13.038401428872714,lat_pulldown,216
103.0130167472701,72.27957517967995,87.64629596347503,13.01985103591238,13.110993624362571,13.065422330137476,lat_pulldown,217
99.79421596837396,74.09512469732017,86.94467033284707,13.062313968482336,13.0315242261532,13.046919097317769,lat_pulldown,218
99.19975444182488,74.7256305139447,86.96269247788479,13.609814545674492,12.766950037178834,13.188382291426663,lat_pulldown,219
101.3496602964171,73.02629774035873,87.18797901838792,13.890982885106999,12.190240727121834,13.040611806114416,lat_pulldown,220
104.75488083142689,74.48606764881713,89.62047424012201,13.929400790174059,11.759336161225244,12.844368475699651,lat_pulldown,221
108.67855798162152,76.957810526534,92.81818425407776,13.875012443494953,11.574763223895705,12.724887833695329,lat_pulldown,222
105.0352984079538,77.64955547811576,91.34242694303478,13.774276388476164,11.68366875895033,12.728972573713246,lat_pulldown,223
100.59693088811625,78.04388611080608,89.32040849946117,13.886816688311301,11.731202021957063,12.809009355134183,lat_pulldown,224
98.8931190838882,81.81225333217193,90.35268620803006,14.074767162964125,11.375323630381036,12.72504539667258,lat_pulldown,225
99.76403708076529,86.4198923764773,93.09196472862129,14.271397087852867,10.90658396888518,12.588990528369024,lat_pulldown,226
99.58495549566011,87.9669975006833,93.7759764981717,14.523986745978045,10.734105449710258,12.629046097844151,lat_pulldown,227
101.00487308727897,89.41801872712938,95.21144590720417,14.774734827070995,10.4497838026872,12.612259314879097,lat_pulldown,228
102.04656462132316,90.0336210694604,96.04009284539177,14.762344529093518,10.368186698334043,12.56526561371378,lat_pulldown,229
103.51565067301975,89.06194153054189,96.28879610178082,14.624036518540994,10.335715389810215,12.479875954175604,lat_pulldown,230
103.00347029880038,88.7758494337549,95.88965986627764,14.405846307236043,10.34102685874763,12.373436582991836,lat_pulldown,231
101.32270923934239,87.56898441716501,94.4458468282537,14.466319849175827,10.310200465160507,12.388260157168167,lat_pulldown,232
99.28080603426008,87.45844462938408,93.36962533182208,14.918047513627483,10.311095159052174,12.614571336339829,lat_pulldown,233
99.16208237665747,88.18437546937514,93.6732289230163,14.964024155885951,10.30244082940561,12.633232492645782,lat_pulldown,234
98.42897522375799,88.42955137345149,93.42926329860474,15.116700003905779,10.480915613993412,12.798807808949595,lat_pulldown,235
98.23777725166345,89.4303376687188,93.83405746019113,15.259733450863607,10.57705988131065,12.918396666087128,lat_pulldown,236
97.24637638369035,90.29229143825256,93.76933391097145,15.285856165839455,10.638881938383184,12.96236905211132,lat_pulldown,237
95.82871603735128,91.52437538528376,93.67654571131752,15.357319362852978,10.560299665409486,12.958809514131232,lat_pulldown,238
94.24514850597478,91.31727551722375,92.78121201159927,15.29468174140381,10.49626826382832,12.895475002616065,lat_pulldown,239
96.4955282909261,91.49725421204215,93.99639125148413,15.234558393124042,10.162709437736321,12.698633915430182,lat_pulldown,240
95.67627650792922,91.2993499663888,93.487813237159,15.37606323328323,9.99147464038876,12.683768936835996,lat_pulldown,241
95.37754300973415,90.8322480844955,93.10489554711484,15.397865550177821,9.938061660981282,12.667963605579551,lat_pulldown,242
96.64420947997067,90.31900769112288,93.48160858554678,15.395049942942698,9.990574453394883,12.692812198168792,lat_pulldown,243
97.1647295916103,88.05485262645672,92.60979110903351,15.103625698461384,10.034667575745146,12.569146637103266,lat_pulldown,244
96.21924258048176,85.96490646696482,91.09207452372328,14.835818452096646,10.261621858146865,12.548720155121757,lat_pulldown,245
97.26658194811519,84.93055155187696,91.09856674999608,14.900794489571203,10.352862288427762,12.626828388999481,lat_pulldown,246
97.47139667290033,83.1464792641018,90.30893796850106,14.964340161230748,10.484714824930059,12.724527493080403,lat_pulldown,247
97.80052300852833,82.45640465663158,90.12846383257995,15.188424650455186,10.560642472829551,12.87453356164237,lat_pulldown,248
96.10941926308303,81.57112738098493,88.84027332203398,15.212367774920601,10.588805413513695,12.900586594217149,lat_pulldown,249
96.61103811829017,79.1524103334105,87.88172422585033,15.175341498347409,10.613750406292853,12.894545952320131,lat_pulldown,250
94.3854782400433,78.23517748052187,86.31032786028258,15.107171901733725,10.618803187951674,12.8629875448427,lat_pulldown,251
96.08041858921537,78.52981501883676,87.30511680402606,14.898799703714898,10.672219575922814,12.785509639818855,lat_pulldown,252
94.77599555821288,78.21103692683806,86.49351624252547,14.678949136180965,10.724658050624015,12.70180359340249,lat_pulldown,253
94.45085499291417,78.17758536578481,86.31422017934949,14.44506861617192,10.61150905055932,12.52828883336562,lat_pulldown,254
95.1830298229911,77.85961127776534,86.52132055037822,14.287335121832978,10.692499659312732,12.489917390572856,lat_pulldown,255
96.04072741245785,79.38929883413482,87.71501312329633,13.904245035317901,10.563798401801721,12.234021718559811,lat_pulldown,256
97.69762977350649,79.28004568085214,88.48883772717932,13.433369962768003,10.823364605083947,12.128367283925975,lat_pulldown,257
99.96474019924337,79.71977096809599,89.84225558366967,13.046863549821856,11.230576359811357,12.138719954816606,lat_pulldown,258
102.40862648067544,80.24947108373692,91.32904878220617,12.82927341780474,11.461918441792697,12.14559592979872,lat_pulldown,259
105.03546104926892,82.00165812372848,93.5185595864987,12.636298052558482,11.632078072320827,12.134188062439655,lat_pulldown,260
109.09821515540415,86.19591801128075,97.64706658334245,12.549227992698066,11.557222654161437,12.053225323429752,lat_pulldown,261
111.23171938335098,93.59908270630183,102.41540104482641,12.546520788364955,11.360261181720402,11.953390985042677,lat_pulldown,262
114.42278293017583,96.7031683464113,105.56297563829357,12.6108137632037,11.260800351074328,11.935807057139014,lat_pulldown,263
115.86562703934302,102.57065028202857,109.2181386606858,12.546417526887776,11.268148831340003,11.90728317911389,lat_pulldown,264
117.16813198797135,105.49228262427289,111.33020730612212,12.630607892820514,11.366699391927177,11.998653642373846,lat_pulldown,265
118.13885190923264,108.55402442209339,113.34643816566302,12.389334247375917,11.881237973310906,12.135286110343412,lat_pulldown,266
121.6388760519322,111.9410600667506,116.78996805934139,11.963774262917493,11.979826684813705,11.9718004738656,lat_pulldown,267
125.05970443839708,113.78825242715328,119.42397843277519,11.868199573930625,11.920146956882663,11.894173265406643,lat_pulldown,268
126.70291502502482,115.7793751316818,121.24114507835331,11.524995206546965,11.700760203124407,11.612877704835686,lat_pulldown,269
127.70617401632383,116.82384481240283,122.26500941436333,11.574482362491766,11.496800115364662,11.535641238928214,lat_pulldown,270
129.7006245878836,118.61804969061393,124.15933713924876,11.675465814905175,11.390917952742956,11.533191883824067,lat_pulldown,271
130.81980233178322,121.63288665585168,126.22634449381745,11.407331743424361,11.639486411463146,11.523409077443754,lat_pulldown,272
133.46651624277922,122.59687737982301,128.03169681130112,11.740080112891926,11.720194379609557,11.730137246250742,lat_pulldown,273
137.38375440908104,123.618256274077,130.501005341579,12.169537582561356,11.69219005950779,11.930863821034574,lat_pulldown,274
140.84916026512818,129.40996772670806,135.12956399591812,12.378967826469417,11.691893525959197,12.035430676214308,lat_pulldown,275
142.99290778011235,133.32585381558778,138.15938079785008,12.595855365694531,12.024669734584425,12.310262550139477,lat_pulldown,276
143.3050374908246,136.08407343898767,139.69455546490613,12.535656104316349,11.773581965781121,12.154619035048736,lat_pulldown,277
145.09374110304535,136.0259374654132,140.55983928422927,12.677707199151238,11.291142850762206,11.984425024956721,lat_pulldown,278
145.8350049830919,144.0817600284099,144.95838250575088,12.724525071403034,11.000188519714515,11.862356795558775,lat_pulldown,279
147.43495737595205,144.4912162812891,145.9630868286206,12.66251986526134,10.894978930077125,11.778749397669232,lat_pulldown,280
148.4392263795601,147.79135495024718,148.11529066490363,12.665287421584969,11.022305149619863,11.843796285602416,lat_pulldown,281
149.70497947833505,151.3594158523766,150.53219766535582,12.824994839284113,11.224698613490542,12.024846726387327,lat_pulldown,282
153.1602567643436,154.93342407982212,154.04684042208285,12.96989071716534,11.0563843528057,12.013137534985521,lat_pulldown,283
154.20508585659147,155.89838589807405,155.05173587733276,12.936937531333246,10.838002110820652,11.887469821076948,lat_pulldown,284
155.55961430548555,156.59168507420043,156.07564968984298,12.870278328721096,10.525383383625854,11.697830856173475,lat_pulldown,285
156.84621302140027,156.86672878031183,156.85647090085604,12.764691333753166,10.395355469690747,11.580023401721956,lat_pulldown,286
158.90304500870778,156.62364268361873,157.76334384616325,12.765430583607932,10.27140326383781,11.51841692372287,lat_pulldown,287
160.43877486959258,156.19436855572903,158.3165717126608,12.582388485388009,10.284000544014273,11.43319451470114,lat_pulldown,288
160.6542026919677,156.35566022315575,158.50493145756172,12.182523275965771,10.571391952196734,11.376957614081253,lat_pulldown,289
161.24125105912853,156.73199542299858,158.98662324106357,11.901341521426566,10.613707737365985,11.257524629396276,lat_pulldown,290
162.34048442930398,158.30776425764117,160.3241243434726,11.768809587439433,10.619613082848867,11.19421133514415,lat_pulldown,291
163.49471673116682,159.24419726695345,161.36945699906013,11.698768646710134,10.615242003959718,11.157005325334925,lat_pulldown,292
164.14623418146016,161.45248825404852,162.79936121775432,11.73153078903566,10.441725074524111,11.086627931779885,lat_pulldown,293
165.4743827504194,161.57579774003082,163.5250902452251,11.738385164512636,10.046812048932225,10.89259860672243,lat_pulldown,294
170.26389960614924,162.82384133770444,166.54387047192682,11.687823149432626,9.788709049678076,10.73826609955535,lat_pulldown,295
172.30554764994943,163.138236570453,167.72189211020122,11.526398845946723,9.753155560081035,10.639777203013878,lat_pulldown,296
172.4363627199043,163.0332032248564,167.73478297238034,11.46663791036608,9.728312748566035,10.597475329466057,lat_pulldown,297
170.34195478089478,163.12042143024325,166.731188105569,11.101101587021823,9.865500950758301,10.483301268890063,lat_pulldown,298
168.66551209600627,163.14857810373653,165.9070450998714,10.25937006985871,9.789403314504577,10.024386692181643,lat_pulldown,299
163.7749990858954,162.6268893563145,163.20094422110495,9.021002460678897,9.286796867849773,9.153899664264335,lat_pulldown,300
164.89205285787855,163.66629108382875,164.27917197085367,8.79329491721968,9.033101355815722,8.9131981365177,lat_pulldown,301
164.7825000172445,163.78137601998415,164.2819380186143,8.235346989443364,8.936570555261735,8.58595877235255,lat_pulldown,302
163.87656464597447,162.52342147453606,163.19999306025528,7.807888442900451,8.856046537574882,8.331967490237666,lat_pulldown,303
163.17951327620216,163.11912508690534,163.14931918155375,7.7678806213155065,8.890161482812776,8.32902105206414,lat_pulldown,304
162.77971572935448,164.92857922265756,163.854147476006,7.680490791349634,9.027922072810275,8.354206432079955,lat_pulldown,305
162.2931160472038,163.998178426981,163.14564723709242,7.856643567051237,9.085897514720836,8.471270540886037,lat_pulldown,306
159.95319919077903,159.7767060067298,159.86495259875443,8.163935856445823,9.180286071190153,8.672110963817989,lat_pulldown,307
156.21975771984847,157.2656550706887,156.74270639526858,8.655504049963046,9.249802428481098,8.952653239222073,lat_pulldown,308
154.16736688329357,158.14996820007528,156.15866754168442,9.329447128483654,9.353077826078719,9.341262477281187,lat_pulldown,309
153.6768156525847,157.9355483930654,155.80618202282506,9.59342236496371,9.401277697352922,9.497350031158316,lat_pulldown,310
152.41251798218698,152.42758404748,152.4200510148335,9.911164939591618,9.379627179827661,9.64539605970964,lat_pulldown,311
153.40226272724797,152.13220495221447,152.7672338397312,10.246860018231105,9.580266257533784,9.913563137882445,lat_pulldown,312
153.63215717120886,148.41090732687587,151.02153224904237,10.671546749760111,9.707776901585097,10.189661825672605,lat_pulldown,313
153.51107015953812,143.2411953865137,148.37613277302592,10.451467723752442,9.579873215304872,10.015670469528658,lat_pulldown,314
152.1366485913203,143.32877791033246,147.73271325082638,11.156104657110696,9.651278989988521,10.403691823549607,lat_pulldown,315
150.47657734055224,144.17187214067053,147.32422474061138,11.381708892920832,9.870066077817057,10.625887485368946,lat_pulldown,316
148.86116583578993,137.58667682426943,143.22392133002967,11.345186387061881,9.898430309835154,10.621808348448518,lat_pulldown,317
145.13535086738403,137.9837016766671,141.55952627202555,9.663957913014093,10.73187716017538,10.197917536594737,lat_pulldown,318
142.19001981842533,142.884530331604,142.53727507501466,9.759557371283712,10.747040256484732,10.253298813884221,lat_pulldown,319
139.41636362202897,148.16438106618946,143.79037234410922,10.345967211268917,11.34347367272959,10.844720441999254,lat_pulldown,320
134.5824716989328,147.26558391294003,140.92402780593642,11.008141184554933,11.70775969568484,11.357950440119886,lat_pulldown,321
129.72482598369749,140.8345413621999,135.2796836729487,11.407514997995321,12.049060191354446,11.728287594674883,lat_pulldown,322
127.40239212258793,139.15756876459992,133.27998044359393,11.769490180506478,12.25864193134835,12.014066055927415,lat_pulldown,323
123.27526528603953,135.23216004630615,129.25371266617285,11.913498606427886,13.013421208479262,12.463459907453574,lat_pulldown,324
118.37811784902003,127.72092033912384,123.04951909407194,11.746553563405357,13.728811981079144,12.73768277224225,lat_pulldown,325
115.48425584933328,127.41976078719469,121.45200831826398,12.057551935080824,13.521239818532603,12.789395876806713,lat_pulldown,326
115.3244613704061,123.0331144098819,119.17878789014401,12.1657734000142,13.908458690938149,13.037116045476175,lat_pulldown,327
111.52405158835586,128.01901870050386,119.77153514442986,12.20367080809331,13.826120198178526,13.014895503135918,lat_pulldown,328
110.28075921270333,118.9356415851104,114.60820039890686,11.538157277573212,14.193707301401037,12.865932289487125,lat_pulldown,329
106.61986993631012,115.0894714476463,110.85467069197821,10.786461095604514,14.226272681644824,12.506366888624669,lat_pulldown,330
101.88161941552713,115.86985260828399,108.87573601190556,10.733098440493775,14.415556947728493,12.574327694111133,lat_pulldown,331
100.16099650453968,96.22072051727861,98.19085851090915,10.379789479980149,14.655692265933675,12.517740872956912,lat_pulldown,332
98.923064480564,77.60852278785762,88.26579363421081,10.298853872853707,15.306039794267505,12.802446833560605,lat_pulldown,333
96.42026761874509,71.6420717119322,84.03116966533864,10.632758349443767,15.493856275540328,13.063307312492046,lat_pulldown,334
96.49323728622893,71.68869961364487,84.0909684499369,10.624545936786093,15.814279312616867,13.21941262470148,lat_pulldown,335
97.00182582798175,72.8985902538318,84.95020804090677,11.209923188644197,15.98862902081721,13.599276104730704,lat_pulldown,336
101.03254700368267,74.28631968689734,87.65943334529001,10.914565270364163,16.007557145047702,13.461061207705932,lat_pulldown,337
102.60642637293951,75.14861036688919,88.87751836991436,10.629431366082649,16.23255786840676,13.430994617244705,lat_pulldown,338
102.45125220573782,75.14457349843096,88.79791285208438,10.828162525459488,16.45267615748676,13.640419341473123,lat_pulldown,339
107.06794803516709,79.36125532009132,93.2146016776292,11.07165209458012,16.46547600824875,13.768564051414435,lat_pulldown,340
105.45098080804253,80.28918553121441,92.87008316962847,11.820609506154891,16.378085578150998,14.099347542152945,lat_pulldown,341
106.54107516138043,84.91314107657217,95.7271081189763,11.835207802629455,16.270927288207737,14.053067545418596,lat_pulldown,342
99.29447332666493,80.97771411137317,90.13609371901904,11.955071652412089,16.270373844313156,14.112722748362621,lat_pulldown,343
101.17551733526071,83.03326895198352,92.1043931436221,12.061994223908808,16.19912492826783,14.130559576088318,lat_pulldown,344
101.39961736415817,85.47458862492428,93.43710299454122,11.971684001009441,15.542500586986481,13.75709229399796,lat_pulldown,345
99.26717789704384,87.71637989768462,93.49177889736423,12.094648917532451,14.958326781039291,13.526487849285871,lat_pulldown,346
97.75124964818352,87.33057188298132,92.54091076558242,13.034640127108952,14.245584443485766,13.64011228529736,lat_pulldown,347
96.66841683674818,87.40018852693916,92.03430268184367,13.227389384159594,13.843693914367883,13.535541649263738,lat_pulldown,348
95.80031936618364,87.65406608141053,91.72719272379709,13.212225765364176,13.843745899757206,13.527985832560692,lat_pulldown,349
96.66661451960138,87.9496527502822,92.30813363494178,13.151910120842228,13.961116370544717,13.556513245693473,lat_pulldown,350
99.64213901981208,86.60967899755123,93.12590900868165,13.15274546099635,13.90428797288914,13.528516716942745,lat_pulldown,351
101.2966917691177,86.89122098403737,94.09395637657754,13.147763825490937,13.871467043747908,13.509615434619423,lat_pulldown,352
102.02642967125311,86.64119170984549,94.3338106905493,13.07258091932736,13.83994101585313,13.456260967590245,lat_pulldown,353
101.08207454676524,85.36314916377597,93.2226118552706,13.075207018269237,13.870292551800002,13.472749785034619,lat_pulldown,354
100.91741183499072,84.17882951644837,92.54812067571955,13.137843279870381,13.986072476230976,13.561957878050679,lat_pulldown,355
101.16641301639744,83.34812766502819,92.25727034071281,13.206999371475744,14.034609875600623,13.620804623538184,lat_pulldown,356
101.22306267447405,83.28771677740774,92.25538972594089,13.361043960177982,13.863575820743565,13.612309890460773,lat_pulldown,357
100.9970769567103,83.15317327783676,92.07512511727353,13.750543047742054,13.738701913790447,13.74462248076625,lat_pulldown,358
101.15280373707216,83.01844676273113,92.08562524990165,13.789759152892655,13.735983291079776,13.762871221986217,lat_pulldown,359
101.70202606280206,83.78201849585493,92.7420222793285,14.111200883803667,13.660597724330971,13.885899304067319,lat_pulldown,360
104.25918291009388,83.90321684346877,94.08119987678133,14.624840433385545,13.54227901303109,14.083559723208317,lat_pulldown,361
105.39713945928773,83.4640313874449,94.43058542336632,14.803809004195958,13.583898948045938,14.193853976120948,lat_pulldown,362
105.35855652009948,83.6449567381135,94.5017566291065,14.842905001198679,13.67310241180456,14.258003706501619,lat_pulldown,363
104.72169185761803,83.52960851640557,94.1256501870118,14.799005951472353,13.887137340535428,14.34307164600389,lat_pulldown,364
103.81672070863597,83.67478425357014,93.74575248110305,14.694244321508332,14.127093162358634,14.410668741933483,lat_pulldown,365
102.4368594285649,82.80202508597274,92.61944225726882,14.597268807172178,14.159970837818934,14.378619822495555,lat_pulldown,366
100.78299279008195,82.41828514313578,91.60063896660887,14.353024779862883,14.284857954086455,14.31894136697467,lat_pulldown,367
100.25674312248155,83.32831286757033,91.79252799502595,14.550186945526157,14.235187638734761,14.392687292130459,lat_pulldown,368
101.30679245228133,83.81576775291794,92.56128010259962,14.427272355666336,14.351168907930907,14.389220631798622,lat_pulldown,369
100.52139124137001,83.11742683166763,91.81940903651882,14.333897301440734,14.402126488763132,14.368011895101933,lat_pulldown,370
98.2138277484824,81.53026480798785,89.87204627823513,14.109492219691218,14.496649877882385,14.303071048786801,lat_pulldown,371
97.49791042613485,79.9725962391,88.73525333261742,13.942787261257454,14.692210720779858,14.317498991018656,lat_pulldown,372
96.23535872244958,80.66706521769297,88.45121197007127,13.829256895918581,14.700599294283663,14.264928095101123,lat_pulldown,373
96.89059467800104,82.66928615368685,89.77994041584395,13.605355149223074,14.666055921411338,14.135705535317207,lat_pulldown,374
96.20255899921312,82.74101206397239,89.47178553159276,13.42608948851288,14.65216070754521,14.039125098029045,lat_pulldown,375
96.70593475308155,82.19081469536218,89.44837472422186,13.071717592548568,14.662314073335798,13.867015832942183,lat_pulldown,376
97.12977475560965,82.2862539070851,89.70801433134737,12.85422262876863,14.566708467599788,13.71046554818421,lat_pulldown,377
97.68919235762603,83.09327448726964,90.39123342244784,12.707642923065503,14.562141757652197,13.63489234035885,lat_pulldown,378
97.45170917958116,85.80908320210511,91.63039619084313,12.454467287977415,14.372749882326454,13.413608585151934,lat_pulldown,379
98.35822787252667,87.11626248665141,92.73724517958904,12.042675268911491,14.26512321934809,13.153899244129791,lat_pulldown,380
98.4510570517684,87.29827483870588,92.87466594523714,11.809693514699621,14.4777009706434,13.14369724267151,lat_pulldown,381
99.84186216424389,87.97366240248738,93.90776228336563,11.83526114884972,14.673130131433089,13.254195640141404,lat_pulldown,382
102.27981353166999,88.98388332357274,95.63184842762136,11.731568501721407,14.641112402252205,13.186340451986805,lat_pulldown,383
105.61759643486756,111.20482042061235,108.41120842773995,11.933653816507139,14.678938914068326,13.306296365287732,lat_pulldown,384
108.17711055368632,109.11839315236477,108.64775185302554,12.027031779451342,14.618205642355672,13.322618710903507,lat_pulldown,385
109.65614818061616,121.70633553153476,115.68124185607546,12.06798594083325,14.472622533403513,13.270304237118381,lat_pulldown,386
112.56898360796473,125.14925309012722,118.85911834904597,12.328700281298762,14.55309263675978,13.440896459029272,lat_pulldown,387
115.62925913942176,127.6222594918163,121.62575931561904,12.466559615041945,14.246260074550332,13.356409844796138,lat_pulldown,388
117.3466202946581,134.17136060161175,125.75899044813492,12.515162525560468,14.374701537462137,13.444932031511303,lat_pulldown,389
119.80100707733159,134.07914284722972,126.94007496228065,12.87770298185845,14.10378153740488,13.490742259631665,lat_pulldown,390
120.71845366720676,133.88706886029058,127.30276126374866,12.946883013718278,13.888677440640063,13.41778022717917,lat_pulldown,391
121.95378056058149,133.8198335139529,127.88680703726719,12.736228476513087,13.681599949654622,13.208914213083855,lat_pulldown,392
123.75482069350505,128.68703374569563,126.22092721960034,12.584143326664137,13.26286070546484,12.92350201606449,lat_pulldown,393
125.56988292394657,126.7119201785435,126.14090155124504,12.584265215059414,12.913272261193486,12.74876873812645,lat_pulldown,394
127.3007725837559,130.99081093483622,129.14579175929606,12.668277193562153,12.750874436560485,12.709575815061319,lat_pulldown,395
129.09228066800384,133.31670437586016,131.204492521932,12.569666521325084,12.679863817619575,12.62476516947233,lat_pulldown,396
130.5198132438377,140.57533792642664,135.54757558513217,12.58487348375065,12.974432499751511,12.779652991751082,lat_pulldown,397
132.41846872160627,144.8079584967938,138.61321360920005,12.63597672089737,12.976720842718498,12.806348781807934,lat_pulldown,398
134.34087336679184,146.31664550348822,140.32875943514003,12.149437055793108,13.441677978248235,12.795557517020672,lat_pulldown,399
136.95977891461388,146.88500259617942,141.92239075539663,11.773664247916022,14.009266195064047,12.891465221490034,lat_pulldown,400
138.9431121676324,150.53901619995895,144.7410641837957,11.112100512306807,13.890873898690412,12.50148720549861,lat_pulldown,401
140.17951497448786,156.05514655867754,148.1173307665827,11.047434675776657,13.703924081351612,12.375679378564135,lat_pulldown,402
141.76076254808947,152.94995959488168,147.35536107148556,11.036647618986777,13.340329123264153,12.188488371125466,lat_pulldown,403
144.531070559165,155.91994536310975,150.22550796113737,11.042384574291042,13.210053408438153,12.126218991364597,lat_pulldown,404
146.4157481094981,158.287603338063,152.35167572378055,10.924388759026339,13.0568485588413,11.990618658933819,lat_pulldown,405
149.01990357609077,160.07103900027826,154.5454712881845,10.999470620371893,12.818941228311134,11.909205924341514,lat_pulldown,406
151.1864938152479,159.0883214104518,155.13740761284987,11.014407030178067,12.481142648400102,11.747774839289084,lat_pulldown,407
152.9499939881788,159.47423680301418,156.21211539559647,10.850500572973367,12.178177507550764,11.514339040262065,lat_pulldown,408
153.9305492339101,160.75456672586623,157.34255797988817,11.110263814666226,11.880596828096278,11.495430321381253,lat_pulldown,409
155.5474837506633,162.56849191242904,159.05798783154617,10.983767851691784,11.804806473683495,11.39428716268764,lat_pulldown,410
156.0881117470213,163.4360317719057,159.76207175946348,10.942959611539335,11.783748198638277,11.363353905088806,lat_pulldown,411
156.88633905917018,163.70717348499707,160.29675627208363,10.685685796048878,11.358458283796228,11.022072039922552,lat_pulldown,412
157.31450921538607,163.72560006184935,160.5200546386177,10.070700196857052,10.921381215947955,10.496040706402503,lat_pulldown,413
158.82844205953023,162.65720474425592,160.74282340189308,10.017660739001814,10.9058223893367,10.461741564169257,lat_pulldown,414
160.60652903577414,161.33795885802837,160.97224394690124,10.009325876311912,10.824136369731969,10.41673112302194,lat_pulldown,415
162.28839731015952,162.24650443920225,162.2674508746809,10.19180973498515,10.325808962274067,10.258809348629608,lat_pulldown,416
164.90440186975607,162.50244273779725,163.70342230377668,10.07839444541388,10.265679191370651,10.172036818392264,lat_pulldown,417
166.98997477535312,160.49123610844478,163.74060544189894,9.674658034633689,10.120836049970679,9.897747042302184,lat_pulldown,418
168.80257988746573,159.594721161877,164.19865052467136,9.603826918979918,10.048413448279128,9.826120183629524,lat_pulldown,419
169.3907277634648,158.86091299872172,164.12582038109326,9.53392278066528,10.028384951481987,9.781153866073634,lat_pulldown,420
170.05919508190405,156.6155352490035,163.33736516545378,9.662453797810288,9.777526326427685,9.719990062118987,lat_pulldown,421
169.4962190481736,155.36529713006874,162.43075808912118,9.525426866420826,9.20412993521492,9.364778400817872,lat_pulldown,422
169.58192907453122,155.10571463123355,162.3438218528824,9.504901630435006,8.996417937086056,9.25065978376053,lat_pulldown,423
168.93342164318761,154.55384203211403,161.7436318376508,9.143283296474001,8.540294191742623,8.841788744108312,lat_pulldown,424
164.1460292043707,153.54377234101534,158.84490077269302,8.593999168290335,8.798565343208057,8.696282255749196,lat_pulldown,425
163.67033923258376,153.87079299853852,158.77056611556114,8.087522499510863,9.059511759765288,8.573517129638075,lat_pulldown,426
162.76816675828044,153.78677990677693,158.2774733325287,7.9153829465250585,9.149293139723746,8.532338043124401,lat_pulldown,427
161.72964272300803,154.26900872561893,157.99932572431348,7.8615595867225085,9.002332680487978,8.431946133605244,lat_pulldown,428
161.63429855263377,154.43732848739782,158.03581352001578,7.883696510036779,9.086548538043452,8.485122524040115,lat_pulldown,429
160.8302710567392,154.77893007278132,157.80460056476028,7.851931344891268,9.29653025944384,8.574230802167554,lat_pulldown,430
160.26262987164122,154.73981165652697,157.5012207640841,7.87826111706959,9.429335441671762,8.653798279370676,lat_pulldown,431
159.22033708844822,155.85874547194055,157.53954128019438,8.100219889784974,9.47260170897135,8.786410799378162,lat_pulldown,432
158.03047297096546,154.81461840873465,156.42254568985004,8.158095875000452,9.505239875698873,8.831667875349662,lat_pulldown,433
157.40225141324743,151.93324334240864,154.66774737782805,8.248541140139212,9.817175772642761,9.032858456390986,lat_pulldown,434
157.19032105970578,150.19108347011516,153.69070226491047,8.230315919793115,9.792885122358289,9.011600521075703,lat_pulldown,435
157.56254790266343,148.283169342633,152.92285862264822,8.302117443523928,10.024563721604796,9.163340582564363,lat_pulldown,436
154.99252268086195,146.02045150408284,150.5064870924724,8.219912222924652,10.237708803184349,9.228810513054501,lat_pulldown,437
153.41859613043152,144.94452228447298,149.18155920745227,8.207347458952556,10.354979361906702,9.28116341042963,lat_pulldown,438
152.46819772806953,143.70157794787445,148.084887837972,8.265033373481542,11.145590563209302,9.705311968345422,lat_pulldown,439
149.4799949086011,140.27914193489562,144.87956842174836,8.242067914744423,11.77441202359227,10.008239969168347,lat_pulldown,440
144.99006389594712,140.8357073079505,142.9128856019488,8.407820006447091,12.205412267907578,10.306616137177334,lat_pulldown,441
136.40853252475858,137.94776118386898,137.17814685431378,11.883766106198738,12.89166916989524,12.38771763804699,lat_pulldown,442
137.9323782657818,137.01291913154964,137.47264869866572,16.5207284772488,13.355753185906638,14.938240831577719,lat_pulldown,443
132.85628372234842,133.05468937821564,132.95548655028205,15.289889514326997,13.50494962586735,14.397419570097174,lat_pulldown,444
130.6197962223581,130.0768000400899,130.348298131224,15.060549309798722,13.606458905631696,14.333504107715209,lat_pulldown,445
128.1660161549272,129.33430542162114,128.75016078827417,14.543032650776262,13.745449919342095,14.144241285059177,lat_pulldown,446
129.32782716261707,125.35773112657441,127.34277914459574,14.160207142674533,13.799225657336082,13.979716400005309,lat_pulldown,447
128.0436791573305,123.9372205649355,125.990449861133,13.093233522979432,14.259717113837718,13.676475318408574,lat_pulldown,448
129.25806988112984,113.19858197284734,121.22832592698859,13.042602859576148,14.506940524905401,13.774771692240774,lat_pulldown,449
126.32304699268,108.02443923405636,117.17374311336818,13.320925673660176,14.976866394733523,14.148896034196849,lat_pulldown,450
123.96805615089393,103.71737613875223,113.84271614482307,12.777594402318346,15.163321007483756,13.970457704901051,lat_pulldown,451
119.2792836186677,99.85575087040348,109.5675172445356,12.276276676113262,14.847309067799351,13.561792871956307,lat_pulldown,452
116.30132782831774,99.73466199380294,108.01799491106034,12.263436738682909,15.136133334691259,13.699785036687084,lat_pulldown,453
113.08925317898147,98.9653363627865,106.02729477088398,11.982829077502977,14.723791556072129,13.353310316787553,lat_pulldown,454
108.88537778382086,94.58334405803146,101.73436092092615,11.96691112990718,14.571689003156367,13.269300066531773,lat_pulldown,455
105.65719400162227,85.94742441928332,95.80230921045279,11.268067817807454,14.483662145586738,12.875864981697095,lat_pulldown,456
103.72329519570616,82.25944725835478,92.99137122703047,10.914152646954134,14.620765588588847,12.767459117771491,lat_pulldown,457
102.63784436753429,76.48001840304124,89.55893138528776,10.865767516891053,14.777298090912225,12.82153280390164,lat_pulldown,458
100.10082887216991,74.86683224628155,87.48383055922574,11.821061783362426,14.701685762890593,13.26137377312651,lat_pulldown,459
97.94416850693288,74.17600112219043,86.06008481456166,13.02217612410272,14.730936872602197,13.876556498352457,lat_pulldown,460
95.71643907199014,70.88944475076971,83.30294191137992,13.503841214484927,14.68394595728615,14.093893585885539,lat_pulldown,461
95.50838354716625,69.67535506858667,82.59186930787646,13.683355829788459,14.549295483060352,14.116325656424404,lat_pulldown,462
97.40567072412752,70.00422704677044,83.70494888544897,13.676335451513808,13.877590270903466,13.776962861208638,lat_pulldown,463
97.65515233919915,69.87168854194285,83.763420440571,14.18680872683068,13.31983345460565,13.753321090718165,lat_pulldown,464
98.71248868061159,73.43642147075934,86.07445507568546,14.121228227184128,13.054339434259791,13.58778383072196,lat_pulldown,465
97.35221717495968,74.51159877230432,85.93190797363201,14.240053177166526,12.913180120308287,13.576616648737406,lat_pulldown,466
100.65917723609304,77.25388246849897,88.956529852296,14.332198007397093,13.100187483421095,13.716192745409094,lat_pulldown,467
100.31021518132569,77.76994137040595,89.04007827586582,14.105099080052117,13.309689624501914,13.707394352277015,lat_pulldown,468
102.4126036817985,79.85644091245074,91.13452229712462,13.705432240348921,13.393688196950514,13.549560218649717,lat_pulldown,469
103.36127464406138,83.46535735096688,93.41331599751413,13.318578194713888,14.01140392103156,13.664991057872724,lat_pulldown,470
101.6780315353652,84.4971045878546,93.0875680616099,14.075015558674618,14.080214004486258,14.077614781580438,lat_pulldown,471
100.39181194222196,87.53077825163483,93.9612950969284,14.177711777094649,14.217668108223089,14.197689942658869,lat_pulldown,472
99.36994244557987,87.87461135913104,93.62227690235545,14.421973439261327,14.353492140953751,14.387732790107538,lat_pulldown,473
99.25939304510267,89.35663469847009,94.30801387178639,14.628359392318167,14.570140316203906,14.599249854261036,lat_pulldown,474
100.52628675270452,88.89490717942624,94.71059696606538,15.015079483461221,14.54263066014619,14.778855071803704,lat_pulldown,475
100.85050529665156,89.35453978463482,95.10252254064319,15.358800093881463,14.561118539819113,14.959959316850288,lat_pulldown,476
98.0074668499925,87.86426776689531,92.9358673084439,15.806793419547718,14.388394038306975,15.097593728927347,lat_pulldown,477
97.98249739455494,87.3492006470832,92.66584902081907,16.60916777414711,14.435882170449164,15.522524972298136,lat_pulldown,478
98.057886159939,88.11678985458516,93.08733800726208,16.886053222314967,14.210207842016242,15.548130532165604,lat_pulldown,479
97.91390778312329,89.19139189089142,93.55264983700735,16.985924428515524,14.0909251789752,15.538424803745361,lat_pulldown,480
97.55424199548501,89.47156160217068,93.51290179882784,17.096334896407978,13.868128729007895,15.482231812707937,lat_pulldown,481
95.99045060617243,90.22373296496669,93.10709178556957,17.346666200070032,13.650429601359631,15.498547900714833,lat_pulldown,482
94.40429924672249,90.56789698544321,92.48609811608284,17.508479671798842,13.4784866914186,15.49348318160872,lat_pulldown,483
92.69821729379342,91.18773659201004,91.94297694290174,17.84289929690989,13.424078329461812,15.633488813185853,lat_pulldown,484
90.9023212650073,90.53708444282908,90.71970285391819,18.127657659143217,13.41221067349939,15.769934166321303,lat_pulldown,485
90.41981649347517,90.23970634854614,90.32976142101066,18.350284874912344,13.087066125474971,15.718675500193658,lat_pulldown,486
90.18935153770892,89.83812925763044,90.01374039766968,18.347088972765654,12.880741649160235,15.613915310962945,lat_pulldown,487
89.60541333576788,89.96528153482623,89.78534743529706,18.388139848695758,12.937949499111893,15.663044673903826,lat_pulldown,488
90.07959486678652,89.13966036229468,89.6096276145406,18.316330231557252,13.000046106793368,15.658188169175311,lat_pulldown,489
90.59559246174418,87.64149226732358,89.11854236453388,18.182450943915445,13.042771448875351,15.612611196395399,lat_pulldown,490
89.91160495406872,83.17967933154527,86.545642142807,17.901572117404655,13.053713178566799,15.477642647985727,lat_pulldown,491
92.23706491996768,85.68812739821449,88.96259615909108,17.844265543982868,12.942859935232057,15.393562739607463,lat_pulldown,492
92.95831030248127,82.81617191924354,87.8872411108624,17.782769966270486,12.848834196507617,15.315802081389052,lat_pulldown,493
93.61396788194169,82.16398183968482,87.88897486081325,17.671028470523385,12.663041669849449,15.167035070186417,lat_pulldown,494
96.54502883578921,80.66412958368349,88.60457920973636,17.597354876248446,12.720938044182196,15.159146460215322,lat_pulldown,495
98.18991298940414,80.020092978973,89.10500298418856,17.406402803068627,12.851807535631576,15.129105169350101,lat_pulldown,496
99.54147207621645,79.83829245568887,89.68988226595266,17.226249900085232,12.911284489657588,15.068767194871409,lat_pulldown,497
99.68431387084836,80.86697644706544,90.2756451589569,16.983760126767173,12.928263669793113,14.956011898280142,lat_pulldown,498
98.17680364936115,80.12815274578173,89.15247819757144,16.79788771778528,12.838556440145645,14.818222078965462,lat_pulldown,499
98.84183812955489,80.31317017726218,89.57750415340854,16.371439882722104,12.640681371333638,14.506060627027871,lat_pulldown,500
98.76493105870203,80.32258346510667,89.54375726190435,15.938206916301704,12.530407065147177,14.234306990724441,lat_pulldown,501
99.28916238328435,82.12693522882984,90.70804880605709,15.228937987663869,12.487740154904076,13.858339071283972,lat_pulldown,502
100.22252357661564,81.93931894386407,91.08092126023985,14.718738888112261,12.45390526383669,13.586322075974476,lat_pulldown,503
101.5149614944498,81.87862849603823,91.69679499524402,14.394914141577786,12.368314770105066,13.381614455841426,lat_pulldown,504
101.97867852202114,82.65829610987993,92.31848731595053,14.324203896247655,12.294044345679714,13.309124120963684,lat_pulldown,505
102.57660856147398,85.36806493028416,93.97233674587906,14.259300922840342,12.267039474439331,13.263170198639838,lat_pulldown,506
104.253908479744,87.29803729391062,95.7759728868273,14.183045699712922,12.381852287266197,13.28244899348956,lat_pulldown,507
105.61561782543866,89.07883527220201,97.34722654882034,13.688678451476965,12.617774423463917,13.15322643747044,lat_pulldown,508
108.53164910695511,96.99690295976058,102.76427603335785,13.638637621433435,12.619402221060529,13.129019921246982,lat_pulldown,509
110.7056700285882,102.25011516428953,106.47789259643886,13.655772765663036,12.723181424335133,13.189477094999084,lat_pulldown,510
112.087040748972,104.53469251569601,108.31086663233401,13.610575451923427,12.778860631905532,13.19471804191448,lat_pulldown,511
114.48111089518822,107.8446325981561,111.16287174667215,13.781071428271986,12.581140466784767,13.181105947528376,lat_pulldown,512
117.01741816140488,111.06637259947865,114.04189538044176,13.897198785526616,12.626517400053805,13.26185809279021,lat_pulldown,513
119.98821064984564,113.24222812560333,116.6152193877245,13.768474467482513,12.676045448875307,13.22225995817891,lat_pulldown,514
122.18046413359652,117.25130804960989,119.71588609160321,13.704460330347628,12.80638846160802,13.255424395977823,lat_pulldown,515
123.59222103164636,119.46465697968299,121.52843900566467,13.647585204522116,12.716939712832447,13.182262458677283,lat_pulldown,516
125.1756105733578,119.89320270837626,122.53440664086703,13.012014344028772,12.685033056315604,12.848523700172187,lat_pulldown,517
127.72875436900974,120.28319027131496,124.00597232016236,12.672381478739801,12.710076985176043,12.691229231957923,lat_pulldown,518
130.29485313459756,121.89224743463873,126.09355028461815,12.342060445163128,12.59545669842985,12.468758571796489,lat_pulldown,519
130.34024755162324,120.56696055812381,125.45360405487352,12.100188070987326,12.969564315123074,12.5348761930552,lat_pulldown,520
131.66353080701757,122.9486304495789,127.30608062829823,11.792896972820733,13.042860436730043,12.417878704775388,lat_pulldown,521
133.6690031249928,126.490596292384,130.0797997086884,11.635410397776678,12.957494679267944,12.29645253852231,lat_pulldown,522
137.0548427504372,127.83056407972083,132.442703415079,11.642726428900511,12.643347757489,12.143037093194756,lat_pulldown,523
139.0459652450568,128.38826133234664,133.71711328870174,11.541149810660231,12.666828316421645,12.103989063540938,lat_pulldown,524
141.6305811303264,130.82275544072036,136.22666828552337,11.473561716613721,12.85425022285251,12.163905969733115,lat_pulldown,525
142.12959479304024,132.81288950976838,137.4712421514043,11.572691148527385,13.430629172328201,12.501660160427793,lat_pulldown,526
143.32778873388816,134.16327351130425,138.74553112259622,12.572797298791013,13.353637919114467,12.96321760895274,lat_pulldown,527
143.88242123952492,136.61672857241786,140.24957490597137,13.172240698920069,13.571509625433098,13.371875162176583,lat_pulldown,528
145.64631010410872,141.52979917526523,143.58805463968696,13.405936037192546,13.355676432357566,13.380806234775056,lat_pulldown,529
148.2278072234559,144.76403693812298,146.49592208078946,13.165441551404339,13.723260284092081,13.44435091774821,lat_pulldown,530
150.5597838522859,148.1412157605167,149.3504998064013,12.988104365494461,13.928463743868603,13.458284054681531,lat_pulldown,531
152.60261281789147,151.15291846146832,151.8777656396799,13.11911623572475,13.844934597229022,13.482025416476887,lat_pulldown,532
155.59969033203194,151.96590008719062,153.78279520961127,12.9651730787132,13.744073769585556,13.354623424149377,lat_pulldown,533
155.7875968063755,152.61640255494038,154.20199968065793,12.832594728878881,13.502426702173716,13.167510715526298,lat_pulldown,534
157.11619188986185,153.43884623585438,155.27751906285812,12.701824273607086,13.369316284750075,13.03557027917858,lat_pulldown,535
159.27671197829707,153.72517615665205,156.50094406747456,12.458047358212312,13.23496639659757,12.846506877404941,lat_pulldown,536
160.97521233424067,153.97459768812968,157.47490501118517,12.024784096782676,13.277109281833066,12.650946689307872,lat_pulldown,537
163.23881789807936,153.97868686357378,158.60875238082656,11.14820742993713,13.381492749212685,12.264850089574907,lat_pulldown,538
163.04314984606083,154.57843135494457,158.81079060050268,10.894393495113817,13.280504659419003,12.08744907726641,lat_pulldown,539
165.39066584845668,155.4545317816596,160.42259881505814,10.615175912201435,13.296924722588411,11.956050317394922,lat_pulldown,540
167.06870620710728,157.80416124018487,162.43643372364608,10.452114867906324,13.201436324242408,11.826775596074366,lat_pulldown,541
165.8219662167966,159.1328539910586,162.47741010392758,10.25691160722791,13.184925608564397,11.720918607896152,lat_pulldown,542
165.08873154817132,159.95216994795163,162.52045074806148,10.074927536063791,13.163504376920447,11.61921595649212,lat_pulldown,543
165.17423328807936,159.88565153451827,162.5299424112988,10.003511744549941,13.09019059891669,11.546851171733316,lat_pulldown,544
164.7464225505347,160.61361687704948,162.6800197137921,9.98565395785683,13.113326942158228,11.549490450007529,lat_pulldown,545
165.0265584828767,161.31984756936984,163.17320302612328,10.002491048247709,13.140654929940972,11.57157298909434,lat_pulldown,546
165.3464394977497,162.1751579650295,163.76079873138963,9.986217166680383,12.982802257542774,11.484509712111578,lat_pulldown,547
165.63589848193516,162.08511733180893,163.86050790687204,9.980039904560392,12.962766930486147,11.47140341752327,lat_pulldown,548
166.08943432661462,161.7451708342697,163.91730258044214,9.95200158077224,12.939880045196068,11.445940812984155,lat_pulldown,549
166.52858018125127,161.30462855390553,163.9166043675784,9.798687410962575,12.950363359516766,11.374525385239671,lat_pulldown,550
166.6644045000919,160.89251937027865,163.77846193518528,9.533200632164949,12.916053413648935,11.224627022906942,lat_pulldown,551
167.22534153466916,160.57756902140528,163.90145527803722,9.288940453722374,12.772196527532143,11.030568490627259,lat_pulldown,552
167.0240225356132,159.09493796128095,163.05948024844707,9.148390635433197,12.751143593833488,10.949767114633342,lat_pulldown,553
168.02078304665105,157.7912344371892,162.90600874192012,9.029167480524409,12.577399989411024,10.803283734967717,lat_pulldown,554
166.25937159492634,154.74406334811633,160.50171747152132,8.956461678974842,12.535727911962512,10.746094795468677,lat_pulldown,555
165.10120124675387,152.84851754181105,158.97485939428248,8.665114428551654,12.472006113225413,10.568560270888533,lat_pulldown,556
164.0010885672697,150.52538945133395,157.26323900930183,8.53491516346476,12.495941514275405,10.515428338870082,lat_pulldown,557
162.50211719800978,148.8939443729422,155.698030785476,8.484476087887067,12.393383624325846,10.438929856106457,lat_pulldown,558
157.67611057328838,147.26992775144146,152.47301916236492,8.510019536597389,12.63901676429111,10.574518150444248,lat_pulldown,559
153.96596089050786,145.3198228065419,149.64289184852487,8.584940929154515,12.793716427316292,10.689328678235404,lat_pulldown,560
150.82587139508038,143.54669334236038,147.18628236872038,8.660490381095372,13.20984325087449,10.935166815984932,lat_pulldown,561
144.88660714074618,141.30973140880138,143.0981692747738,8.690893664780837,13.652410270764147,11.171651967772492,lat_pulldown,562
140.1401611586289,140.1138847023432,140.12702293048605,8.543305315712168,13.981427447518854,11.26236638161551,lat_pulldown,563
138.68752568506383,139.41204982935423,139.04978775720903,8.59175968306541,14.343848005570994,11.467803844318201,lat_pulldown,564
137.74844472703398,137.70371455547388,137.72607964125393,9.297909948231371,14.36450573500933,11.831207841620351,lat_pulldown,565
135.61333945609678,136.9156100766924,136.26447476639459,9.080121084123652,14.463582117058452,11.771851600591052,lat_pulldown,566
133.23168089312696,133.9194096892334,133.57554529118016,9.077240966493418,14.582431005632523,11.829835986062971,lat_pulldown,567
131.59954750730833,128.16957822102844,129.8845628641684,9.214256446077142,15.06018629033654,12.137221368206841,lat_pulldown,568
127.01668883804209,124.99933926659114,126.00801405231661,10.485103650514048,15.25303331690374,12.869068483708894,lat_pulldown,569
126.01091210274261,124.04315305285533,125.02703257779896,11.011639424648903,15.316130305924876,13.163884865286889,lat_pulldown,570
122.60459171631332,122.25156267331954,122.42807719481644,12.292419832465198,15.27148260200923,13.781951217237214,lat_pulldown,571
120.61780149363602,108.37829083911399,114.498046166375,12.400058127712251,14.820960985447796,13.610509556580023,lat_pulldown,572
118.24685809465933,100.06831605023132,109.15758707244532,12.392064683378697,14.24792006993149,13.319992376655094,lat_pulldown,573
116.1551625716096,101.2053995055399,108.68028103857475,12.426881164598424,14.056415320223183,13.241648242410804,lat_pulldown,574
114.24065125111662,97.81159579456005,106.02612352283833,12.301096195692613,13.794479390101857,13.047787792897235,lat_pulldown,575
112.5946525337541,92.86779622430953,102.73122437903181,12.318661191831664,13.955576317707882,13.137118754769773,lat_pulldown,576
110.70692612869924,89.24860014235514,99.9777631355272,11.832414746903707,14.01196707999198,12.922190913447842,lat_pulldown,577
106.3421862373409,85.19109347993304,95.76663985863698,11.76564316570773,14.046921240350986,12.906282203029358,lat_pulldown,578
103.51120288952026,77.89311718148349,90.70216003550188,11.360546014426387,14.07925330525698,12.719899659841683,lat_pulldown,579
102.01887608019517,73.81894599743447,87.91891103881483,10.615400231043653,14.264945883710695,12.440173057377173,lat_pulldown,580
101.55808540160396,74.59702175936576,88.07755358048486,10.427198602663308,14.842992233585502,12.635095418124404,lat_pulldown,581
98.87601731403267,73.24554514284176,86.06078122843721,10.583154985394396,15.122211380243597,12.852683182818996,lat_pulldown,582
97.16616615514464,70.10750399725919,83.63683507620192,10.688439464802515,15.214700327146527,12.951569895974522,lat_pulldown,583
97.7132672017564,69.23116336494544,83.47221528335092,10.462226337124912,15.229821032637554,12.846023684881233,lat_pulldown,584
98.68714801256058,72.04900187547072,85.36807494401566,10.419400422504598,15.096085817736885,12.757743120120741,lat_pulldown,585
101.5353747903197,72.44968235944066,86.99252857488017,10.597977479281518,14.702187672076406,12.650082575678962,lat_pulldown,586
100.07692159007304,72.66253838342594,86.36972998674949,10.62165225002299,14.577844813099894,12.599748531561442,lat_pulldown,587
99.95533209323342,75.17561242799677,87.5654722606151,10.530978130420532,14.282761754914237,12.406869942667385,lat_pulldown,588
104.42818040407214,77.27211587369278,90.85014813888246,10.677472140763845,14.168095528339935,12.42278383455189,lat_pulldown,589
102.22028827910287,79.16061690772743,90.69045259341516,10.697531065796266,14.58339721256239,12.640464139179329,lat_pulldown,590
102.8647186890056,80.70273211040643,91.78372539970601,10.676290361710652,15.366723673289654,13.021507017500152,lat_pulldown,591
104.88878678476448,81.10351421109863,92.99615049793155,10.482833962120159,15.781577863522035,13.132205912821096,lat_pulldown,592
105.94477575293604,87.40487185731571,96.67482380512587,10.62514208147505,15.940322052796969,13.28273206713601,lat_pulldown,593
102.33355343064667,89.2936232558874,95.81358834326704,10.749264231977799,16.059078603881524,13.40417141792966,lat_pulldown,594
104.12504628087433,90.56658878529826,97.34581753308629,11.036043695595263,15.954484214682958,13.49526395513911,lat_pulldown,595
103.25001832455186,90.64772423077532,96.94887127766359,11.118019024236997,16.005803912599255,13.561911468418126,lat_pulldown,596
101.82826792284158,89.10647762306586,95.46737277295372,11.430801712389812,15.736977041533558,13.583889376961686,lat_pulldown,597
102.53533766573315,87.95317774137872,95.24425770355595,11.952230280088038,15.12827949202605,13.540254886057044,lat_pulldown,598
102.66797280397593,87.31626200441004,94.99211740419298,12.515503594580412,14.653963485027008,13.584733539803711,lat_pulldown,599
102.74901751692974,85.8605288358,94.30477317636488,13.04196337455244,14.568221915151009,13.805092644851724,lat_pulldown,600
103.98790545178124,87.01794092961705,95.50292319069915,13.059122887090659,14.398543333693285,13.728833110391971,lat_pulldown,601
103.82606940936566,88.53585194439027,96.18096067687796,13.509808974065,13.90771588164566,13.70876242785533,lat_pulldown,602
103.64129567527439,90.77238393492811,97.20683980510125,13.838232497948619,13.82140464779521,13.829818572871915,lat_pulldown,603
103.88984586309884,91.61442806727572,97.75213696518728,14.090626889282754,13.914929061976135,14.002777975629446,lat_pulldown,604
102.55019878444999,92.44323659010375,97.49671768727687,14.669078960383558,13.832193343602192,14.250636151992875,lat_pulldown,605
100.52783042502055,92.37774891436642,96.45278966969349,15.280946579756472,13.79814773829185,14.53954715902416,lat_pulldown,606
102.09979785486284,92.96630562108092,97.53305173797187,15.582040182497428,14.024348855357701,14.803194518927565,lat_pulldown,607
103.27762052584083,92.87631410681665,98.07696731632873,15.647628558347943,14.165804867053385,14.906716712700664,lat_pulldown,608
105.65070919506032,92.6037256458332,99.12721742044675,15.284681326919243,14.005109699893506,14.644895513406375,lat_pulldown,609
105.82807546749565,91.12403529838978,98.47605538294272,15.172235686227426,14.04538524043426,14.608810463330844,lat_pulldown,610
102.77325466673749,91.222879624073,96.99806714540524,15.127279664104721,14.130661473120947,14.628970568612834,lat_pulldown,611
99.77116232515048,89.30208607439491,94.53662419977269,15.027742605993001,14.177384811743806,14.602563708868404,lat_pulldown,612
96.0858855310867,88.53532185127901,92.31060369118285,15.0231400131544,14.052412141699994,14.537776077427196,lat_pulldown,613
95.30783133516145,89.74411274036919,92.52597203776531,14.992341086493038,13.83539496453879,14.413868025515914,lat_pulldown,614
94.48355769401992,88.79899387238976,91.64127578320483,14.746088665956586,13.659766993000703,14.202927829478645,lat_pulldown,615
94.4283440567709,87.5534272528799,90.9908856548254,14.492253781954615,13.58653568129089,14.039394731622753,lat_pulldown,616
94.90532897719758,86.94615964121677,90.92574430920718,14.29020068861219,13.497065132662524,13.893632910637358,lat_pulldown,617
95.2092769560485,86.09419476199805,90.65173585902328,14.168122876848484,13.293123577189476,13.730623227018981,lat_pulldown,618
95.46796763182452,87.22050255551669,91.3442350936706,13.758938439400904,12.991340410396345,13.375139424898624,lat_pulldown,619
95.18350684463454,84.98932040512166,90.0864136248781,13.055374361413023,12.734282931335194,12.894828646374108,lat_pulldown,620
94.31842754413807,81.68229927672319,88.00036341043062,12.820396404687688,12.947611872644833,12.88400413866626,lat_pulldown,621
94.23086186186744,77.66062681709276,85.9457443394801,12.720049913545799,12.998296785981458,12.859173349763628,lat_pulldown,622
94.77679068728003,75.38701839812165,85.08190454270084,11.928744481222521,13.18998731312265,12.559365897172587,lat_pulldown,623
95.89121274801711,75.97892885266702,85.93507080034206,11.100233888703073,13.825374350122605,12.462804119412839,lat_pulldown,624
96.82271656849255,77.15567515213422,86.98919586031339,10.976551846642389,13.933303176928767,12.454927511785577,lat_pulldown,625
97.26923600947738,76.97363093050171,87.12143346998954,11.008788354478654,14.02117308430503,12.514980719391842,lat_pulldown,626
99.11838423676376,78.24801580421746,88.6832000204906,10.957415892435197,14.15006431365107,12.553740103043133,lat_pulldown,627
102.19219184270509,76.30888213558922,89.25053698914715,10.961277750974027,14.441919862766547,12.701598806870287,lat_pulldown,628
104.93914913527179,75.28037196225029,90.10976054876105,10.935439688926031,14.664550318526551,12.799995003726291,lat_pulldown,629
106.05853226123088,80.59554991777668,93.32704108950378,10.80468053371169,14.587078490511434,12.695879512111562,lat_pulldown,630
107.36328131056486,88.6205592503972,97.99192028048103,11.150553962841729,14.351838618529543,12.751196290685636,lat_pulldown,631
109.50515614921085,91.10475807767114,100.30495711344099,11.332055864429146,14.168866513381312,12.750461188905229,lat_pulldown,632
110.9006538823789,92.9160087855679,101.9083313339734,11.400895931127858,14.02611954269044,12.713507736909149,lat_pulldown,633
112.37292677403018,98.23274285170424,105.30283481286722,11.571998054333765,13.631772134703386,12.601885094518575,lat_pulldown,634
114.12873500801432,99.4993934965567,106.8140642522855,11.361401279159521,13.550568678601053,12.455984978880288,lat_pulldown,635
116.37047294430832,100.57981630905726,108.47514462668279,11.204512019368682,13.558425283784128,12.381468651576405,lat_pulldown,636
117.70359633733928,104.06537022196972,110.88448327965449,11.708137250459238,13.672064000934556,12.690100625696896,lat_pulldown,637
119.537124406006,105.77840193198446,112.65776316899523,11.79923026448284,13.76776936552296,12.783499815002902,lat_pulldown,638
121.12247970370362,108.87787609688326,115.00017790029344,11.523939454437576,14.028417207341828,12.776178330889703,lat_pulldown,639
123.12314556947756,111.54406616802717,117.33360586875236,11.498212450794556,13.958062126117076,12.728137288455816,lat_pulldown,640
124.24296703184754,113.77270459819965,119.0078358150236,11.581816940243053,14.169349121312289,12.87558303077767,lat_pulldown,641
125.570572212663,118.4079173176853,121.98924476517415,11.716429674983495,14.228645415062084,12.972537545022789,lat_pulldown,642
127.98339172916506,119.84908514725959,123.91623843821233,11.542153306074544,14.151547990388554,12.846850648231548,lat_pulldown,643
130.30160622783322,121.66397742710828,125.98279182747075,11.853935527569979,14.180667896225959,13.017301711897968,lat_pulldown,644
131.56522017325838,123.39002151073771,127.47762084199805,11.378687525532202,14.279149213255947,12.828918369394074,lat_pulldown,645
131.7859172014516,124.8119750673132,128.2989461343824,11.298793948713671,14.206742137906229,12.752768043309949,lat_pulldown,646
133.88301972439098,127.76813004242882,130.8255748834099,11.27217891494664,13.77301949101566,12.52259920298115,lat_pulldown,647
136.9468530449981,129.98433983792756,133.46559644146282,11.023016254260686,13.630311114642586,12.326663684451635,lat_pulldown,648
140.0735260402784,133.57418432649075,136.82385518338458,11.16540129809371,13.597238776604447,12.381320037349079,lat_pulldown,649
142.8386659994248,133.4493346843416,138.1440003418832,11.139005784918915,13.543131906065158,12.341068845492035,lat_pulldown,650
143.4272889327265,134.72956803257009,139.0784284826483,11.27457760257329,13.589575628956005,12.432076615764647,lat_pulldown,651
144.12079463074022,136.08629214300458,140.1035433868724,11.209585414533029,13.538347701957655,12.373966558245343,lat_pulldown,652
146.1887585667544,139.69389889013254,142.94132872844347,11.057092376807617,13.767113476140581,12.412102926474098,lat_pulldown,653
148.0536928831153,144.50631873336005,146.28000580823766,11.217195448804171,14.010444915383426,12.613820182093798,lat_pulldown,654
149.10803760286052,147.57567231996876,148.34185496141464,11.818020162396067,13.932314315953008,12.875167239174537,lat_pulldown,655
151.44465027688835,152.4542068674233,151.94942857215582,12.027019545190031,13.614981667719677,12.821000606454854,lat_pulldown,656
151.77617210104012,154.39382903608222,153.08500056856116,11.90211889590152,13.507637817484325,12.704878356692923,lat_pulldown,657
152.8857180231861,155.29893191749113,154.0923249703386,11.874112239844075,13.48322527902153,12.678668759432803,lat_pulldown,658
153.99367345614408,157.0347075200544,155.51419048809925,11.821160674323352,13.521579975546294,12.671370324934824,lat_pulldown,659
154.1975523089939,157.25809207163644,155.72782219031518,11.605564273803857,13.591472306095985,12.598518289949922,lat_pulldown,660
155.93441878452526,157.08890757845361,156.51166318148944,11.762335503472395,13.540119720617406,12.6512276120449,lat_pulldown,661
157.0737214156782,156.29345922711008,156.68359032139415,11.680357053612346,13.334401693817364,12.507379373714855,lat_pulldown,662
157.6360779907464,156.55861865126198,157.09734832100418,11.454537125292775,13.268165267791252,12.361351196542014,lat_pulldown,663
158.1499383910122,156.3544187699005,157.25217858045636,11.30674186638345,12.888748288088534,12.097745077235992,lat_pulldown,664
158.42081697933716,157.0633755094464,157.74209624439177,11.318748141471612,11.517612538625745,11.418180340048679,lat_pulldown,665
158.84854620013422,157.21316261536606,158.03085440775016,11.09281180999347,11.51946637887978,11.306139094436626,lat_pulldown,666
160.9903062514835,158.08113166875398,159.53571896011874,11.06010651477257,11.524570577714298,11.292338546243435,lat_pulldown,667
162.58384657117662,157.96490428775485,160.27437542946575,11.002449377185,11.466721629657995,11.234585503421497,lat_pulldown,668
163.17028973123533,158.02330062564042,160.59679517843787,10.866318386968375,11.363348893964853,11.114833640466614,lat_pulldown,669
164.14775406373585,158.2723889650282,161.21007151438204,10.508414035841554,11.415367707784116,10.961890871812834,lat_pulldown,670
164.49926212567306,157.7750996974477,161.1371809115604,10.41404220235744,11.371395693296355,10.892718947826896,lat_pulldown,671
165.78851090678378,157.11767245856134,161.45309168267255,10.045236534523463,11.349855091187322,10.697545812855392,lat_pulldown,672
166.0853882406262,156.92411033286135,161.5047492867438,9.852218694187384,11.162557559781467,10.507388126984425,lat_pulldown,673
166.0990343486658,156.58091462584875,161.33997448725728,9.710703374719696,11.105808120776167,10.408255747747932,lat_pulldown,674
165.44772896050065,156.3768382586331,160.91228360956688,9.660125371097484,11.094703591487836,10.37741448129266,lat_pulldown,675
165.17636866187996,155.95701260629562,160.5666906340878,9.606387012588815,11.106158099027647,10.356272555808232,lat_pulldown,676
165.15952081986313,155.97994294819281,160.569731884028,9.566672565463959,10.9967934172069,10.28173299133543,lat_pulldown,677
165.47324071089096,156.01331451321488,160.7432776120529,9.494211059033097,11.00876739931284,10.251489229172968,lat_pulldown,678
165.03752962352428,155.76053520434806,160.39903241393617,9.483934970634824,11.22185235376443,10.352893662199627,lat_pulldown,679
164.47011752981533,154.24223191029571,159.35617472005552,9.356519851206002,11.393632350015695,10.375076100610848,lat_pulldown,680
163.64836467863512,153.27724584336232,158.46280526099872,9.229858855600414,11.421174877792419,10.325516866696416,lat_pulldown,681
163.17298533243735,152.4513024006011,157.81214386651922,9.134510297534504,11.466105004255498,10.300307650895,lat_pulldown,682
162.33869500428528,152.40137956922285,157.37003728675407,8.890348757404006,11.637119301730262,10.263734029567134,lat_pulldown,683
161.9490843775571,152.2967222345465,157.1229033060518,8.513761110451316,11.69337945902044,10.103570284735877,lat_pulldown,684
161.34543096580052,151.36499207416753,156.35521151998404,8.509176861412056,11.657511390494859,10.083344125953458,lat_pulldown,685
160.63549600574794,149.6892016154049,155.16234881057642,8.383520312153568,11.666184502697291,10.02485240742543,lat_pulldown,686
160.0058706581336,149.17294785766558,154.5894092578996,8.328932629532332,11.80970706136771,10.069319845450021,lat_pulldown,687
158.8997643260576,145.69643103247978,152.2980976792687,8.151383176933914,12.119102484914881,10.135242830924398,lat_pulldown,688
156.56135852144223,144.35108511455823,150.45622181800024,8.189855238103116,12.419258743343422,10.304556990723269,lat_pulldown,689
154.11288241082164,139.70610529828258,146.90949385455212,8.17873123910669,13.08661400133743,10.63267262022206,lat_pulldown,690
150.79462459874594,136.90113767344175,143.84788113609386,8.173584726777912,13.233371758378187,10.70347824257805,lat_pulldown,691
145.67182540351348,135.30675703228047,140.48929121789698,8.298355704035679,14.151331122791108,11.224843413413392,lat_pulldown,692
139.51361398392035,130.52482102257812,135.01921750324925,8.147938896961294,14.408569934105282,11.278254415533288,lat_pulldown,693
132.01559561865378,129.9927980600703,131.00419683936204,7.834932184140549,14.66465624230405,11.2497942132223,lat_pulldown,694
129.00425234969595,130.46170027247402,129.732976311085,7.744797518644873,15.194490036051603,11.469643777348239,lat_pulldown,695
128.75497151432728,130.05369852247972,129.40433501840351,7.724158040308144,15.755338885270374,11.739748462789258,lat_pulldown,696
118.5252948847196,125.8545111857944,122.189903035257,7.795658108089769,16.762964971363054,12.279311539726411,lat_pulldown,697
116.76480085185402,111.78944632978607,114.27712359082005,7.972136396307989,16.794210480781352,12.38317343854467,lat_pulldown,698
116.23218015332905,110.93554909225287,113.58386462279097,8.405069440445162,16.83338340387644,12.6192264221608,lat_pulldown,699
117.97075243519575,107.14588310764069,112.55831777141822,9.568732647789451,16.577686951606704,13.073209799698077,lat_pulldown,700
116.02196388135604,102.47335922989595,109.247661555626,10.073716045448393,16.49244383183676,13.283079938642576,lat_pulldown,701
116.00050741709657,95.48108692705762,105.7407971720771,10.230307110039043,16.20028809058622,13.215297600312631,lat_pulldown,702
115.37247776069374,90.88121144519198,103.12684460294287,10.471440347441545,15.996276520478833,13.23385843396019,lat_pulldown,703
114.04875677649781,93.63673400041284,103.84274538845533,10.909322340020962,16.092007774807765,13.500665057414363,lat_pulldown,704
110.90464712752286,90.02087466812372,100.4627608978233,11.126425102113853,16.011465135143425,13.568945118628639,lat_pulldown,705
109.30028486074946,87.22540685364129,98.26284585719537,11.111748428886616,16.17631287949658,13.6440306541916,lat_pulldown,706
107.63731426880574,84.58322096349809,96.11026761615192,11.214821112295038,16.303428999735175,13.759125056015106,lat_pulldown,707
105.23493186833566,83.65456402686357,94.44474794759961,11.323912060911866,16.391749269509116,13.857830665210491,lat_pulldown,708
104.4472479956744,82.06196385948209,93.25460592757824,11.420868360014337,16.396970921307243,13.908919640660791,lat_pulldown,709
102.73475493534661,82.23741872163998,92.4860868284933,11.739529674481801,16.46499768898269,14.102263681732246,lat_pulldown,710
101.94897691397762,76.57110655760658,89.2600417357921,11.720644731052376,16.727506478138306,14.224075604595342,lat_pulldown,711
98.73159158046312,75.93146159001839,87.33152658524075,11.719574844348623,16.89758027768076,14.30857756101469,lat_pulldown,712
100.48026128833773,74.37588360756871,87.42807244795321,11.480413800597676,16.566528101211382,14.023470950904528,lat_pulldown,713
97.03831175614427,73.9457309167227,85.49202133643348,11.40610277953577,16.46451373395205,13.935308256743909,lat_pulldown,714
100.11194757067051,74.00860448464044,87.06027602765548,11.876746660695575,16.074504370197243,13.97562551544641,lat_pulldown,715
99.16718578214565,74.17768764721447,86.67243671468006,11.865785568391583,16.189470223173863,14.027627895782723,lat_pulldown,716
97.98835357398887,79.69824271539082,88.84329814468984,11.793329593740593,15.889000209713265,13.841164901726929,lat_pulldown,717
97.55835171240292,80.30010344553969,88.92922757897131,11.835104952646232,16.1328222534224,13.983963603034315,lat_pulldown,718
102.01544675201708,83.03343109298407,92.52443892250058,11.739444418581972,15.621637212003032,13.680540815292503,lat_pulldown,719
100.3344132982109,84.71045995699932,92.52243662760512,11.856768041815103,15.383015636770391,13.619891839292748,lat_pulldown,720
101.84264688089964,88.31850367725711,95.08057527907837,11.720718390559709,15.717570950852469,13.71914467070609,lat_pulldown,721
102.09917021636585,89.05219904853234,95.5756846324491,11.534567827868067,15.966589307292352,13.75057856758021,lat_pulldown,722
105.74516140752898,91.73706042582297,98.74111091667598,11.228289566229282,15.588650034535025,13.408469800382154,lat_pulldown,723
106.37220830555049,93.34488336176241,99.85854583365645,11.839166237061331,15.443906830740508,13.641536533900918,lat_pulldown,724
106.35242347237036,91.82560800226504,99.08901573731771,12.008343858272571,15.682420710490174,13.845382284381373,lat_pulldown,725
107.98125986342097,92.88204827768793,100.43165407055446,11.941912262240296,15.71152821198649,13.826720237113392,lat_pulldown,726
107.3352675895247,96.86892625400608,102.1020969217654,12.62693486464167,15.713745811680534,14.170340338161102,lat_pulldown,727
107.54729445262572,100.70470935833741,104.12600190548156,12.849149006787782,16.507138903419417,14.6781439551036,lat_pulldown,728
107.25942405750708,101.50208536028586,104.38075470889646,12.774636875221377,16.981183161940596,14.877910018580987,lat_pulldown,729
119.19798419568204,100.62634779509891,109.91216599539047,14.23867695021702,16.638504058479455,15.438590504348237,lat_pulldown,730
124.27952298647823,100.54314262678524,112.41133280663173,15.005063711918277,16.158154296684053,15.581609004301164,lat_pulldown,731
116.76189087251973,101.0303798393434,108.89613535593156,14.973569687129286,16.210494657394563,15.592032172261924,lat_pulldown,732
110.92593714044868,98.50678925710214,104.71636319877541,15.019621349054958,16.59922563824337,15.809423493649165,lat_pulldown,733
109.39685919617514,97.55428350778647,103.4755713519808,14.996405919127637,16.582007204931035,15.789206562029335,lat_pulldown,734
105.42996132625629,96.26500865693396,100.84748499159512,15.11218289464767,16.789961073169206,15.951071983908438,lat_pulldown,735
103.7214354799923,96.24350939643246,99.98247243821237,15.21333665381144,16.84969302078638,16.03151483729891,lat_pulldown,736
105.21749062317085,96.14325639019357,100.6803735066822,15.965282216037517,17.532473125157804,16.74887767059766,lat_pulldown,737
109.03310458047508,99.4092671363682,104.22118585842165,13.538925449508273,15.5717612342554,14.555343341881837,lat_pulldown,738
108.79736611970974,100.66738348930957,104.73237480450965,13.545294386741915,15.583144852079135,14.564219619410526,lat_pulldown,739
107.07781134318141,99.05711630807421,103.06746382562781,13.629529321830303,15.807453947660289,14.718491634745295,lat_pulldown,740
104.91838073110613,97.16032877926467,101.0393547551854,13.878229776243945,16.80894438279493,15.343587079519438,lat_pulldown,741
102.82526065549641,90.98614472003696,96.90570268776668,14.319362308513114,16.921718113483784,15.620540210998449,lat_pulldown,742
107.35168808784672,87.55788635394812,97.45478722089743,17.249572044969604,16.5932191016402,16.921395573304903,lat_pulldown,743
106.32772380210822,85.34463353213516,95.83617866712169,18.091420379015684,16.570378281044874,17.330899330030277,lat_pulldown,744
98.20649615278745,80.61117151474865,89.40883383376806,16.641070398225892,15.301348900612965,15.971209649419428,lat_pulldown,745
97.13307976026188,77.99037088031774,87.56172532028981,15.922106656365976,15.15451774141989,15.538312198892932,lat_pulldown,746
95.81530040164839,78.54641491506882,87.1808576583586,15.236657500915348,14.981492548222102,15.109075024568725,lat_pulldown,747
95.64041345581657,80.45120434831288,88.04580890206472,15.048278906260665,14.904261276191665,14.976270091226166,lat_pulldown,748
95.41933734171029,80.78656204920439,88.10294969545734,14.316195349718953,14.797192663684934,14.556694006701942,lat_pulldown,749
95.46149342879389,82.3207065183824,88.89109997358814,13.371426878398161,15.8055137294999,14.58847030394903,lat_pulldown,750
95.55447796123134,80.57897399893454,88.06672598008294,12.587852808927847,15.428132615113118,14.007992712020481,lat_pulldown,751
94.6948514605416,79.74200681748977,87.21842913901568,11.800683237771114,15.225410562086223,13.513046899928668,lat_pulldown,752
95.49114344577744,80.05030381121725,87.77072362849734,11.445225725134343,16.064721051121026,13.754973388127684,lat_pulldown,753
95.82568505937064,82.39588538712616,89.1107852232484,11.334744209596085,16.41662544362824,13.875684826612163,lat_pulldown,754
97.36997678320256,82.53603248264858,89.95300463292557,11.116224597930312,16.775037557690997,13.945631077810654,lat_pulldown,755
98.57175456496518,83.92326644878358,91.24751050687438,10.8179476326429,16.42574504857875,13.621846340610826,lat_pulldown,756
100.99719752775742,86.38256929292999,93.6898834103437,10.492025892917304,15.899614986692757,13.195820439805031,lat_pulldown,757
103.28375763408808,89.97247127645278,96.62811445527043,10.430465604281123,15.371228613776386,12.900847109028755,lat_pulldown,758
106.18306136098684,93.69839525484286,99.94072830791485,10.624172778785795,14.344978836224046,12.484575807504921,lat_pulldown,759
109.22741158992335,97.53404957279457,103.38073058135896,10.768791416419816,13.974758842768933,12.371775129594376,lat_pulldown,760
112.38548453515946,101.74675515516071,107.06611984516009,10.775345557792951,14.027268762426147,12.40130716010955,lat_pulldown,761
113.92625764726824,106.28159614518259,110.10392689622542,10.768667740063425,14.140278567476276,12.45447315376985,lat_pulldown,762
116.59835901788252,110.36777755612312,113.48306828700282,11.118029931494878,14.151267138329212,12.634648534912046,lat_pulldown,763
119.9040537950611,113.82484274527116,116.86444827016612,11.489979328380837,13.56493922745963,12.527459277920233,lat_pulldown,764
121.61819762994273,118.14655348178141,119.88237555586207,11.595471167645888,13.382210258825276,12.488840713235582,lat_pulldown,765
123.01325757883295,123.94165319261899,123.47745538572596,11.550093148262338,13.383762592437478,12.466927870349908,lat_pulldown,766
124.9182795822071,128.4593228993783,126.6888012407927,11.610095799311186,12.947367000138996,12.27873139972509,lat_pulldown,767
128.1852107830574,131.29325882756532,129.73923480531136,11.657096928060698,12.85242516137054,12.254761044715618,lat_pulldown,768
129.14391353239546,133.88834213315988,131.51612783277767,11.621456329737464,12.955817149102769,12.288636739420117,lat_pulldown,769
130.67972999478872,135.67071102997036,133.17522051237955,10.724261044413531,13.59210261019702,12.158181827305276,lat_pulldown,770
132.90930741663433,135.9899322661138,134.44961984137407,10.44283655605526,13.472712957727786,11.957774756891524,lat_pulldown,771
135.78167449748014,133.59216269615902,134.68691859681957,10.443706190574202,13.509519645652873,11.976612918113538,lat_pulldown,772
137.20230166992135,135.4701468019687,136.33622423594502,11.576942677050717,13.441113448256566,12.509028062653641,lat_pulldown,773
138.25219208132646,136.11775329611277,137.1849726887196,11.404131579447487,13.277034764274138,12.340583171860812,lat_pulldown,774
138.94920592960975,136.17972527053226,137.564465600071,11.255921484460094,13.185028958854787,12.220475221657441,lat_pulldown,775
139.55583787970917,133.7144145545875,136.63512621714835,11.086948050827862,13.319291373076654,12.203119711952258,lat_pulldown,776
141.8794234085766,135.31140057750366,138.59541199304013,11.114186555735314,13.423095774565141,12.268641165150228,lat_pulldown,777
144.4490821902434,139.821484802071,142.1352834961572,11.053013901025308,13.673343029119838,12.363178465072572,lat_pulldown,778
146.1327240484491,140.80370581764885,143.46821493304896,10.912560455593253,13.782755088766928,12.34765777218009,lat_pulldown,779
148.04329900105145,144.89129971010334,146.46729935557738,11.001512850184227,13.798263197452139,12.399888023818182,lat_pulldown,780
150.51286005697278,148.67492327734092,149.59389166715687,10.997615685480906,13.786895401563966,12.392255543522435,lat_pulldown,781
151.99597911961834,149.28588177864532,150.64093044913182,10.933956081666365,13.708983932393027,12.321470007029696,lat_pulldown,782
154.87134285887177,154.9837661214281,154.92755449014993,10.881745644214407,13.561046230497798,12.221395937356103,lat_pulldown,783
157.1400167253388,157.3448283221199,157.24242252372935,10.759215906191178,13.664864942312756,12.212040424251967,lat_pulldown,784
157.15670208643095,157.22775681437514,157.19222945040303,10.802194486634626,13.504161006358009,12.153177746496318,lat_pulldown,785
158.63837891926642,157.97718171892623,158.3077803190963,10.745686374385148,13.505363953784633,12.125525164084891,lat_pulldown,786
158.73732643273019,159.4944015824986,159.1158640076144,10.712504279145692,13.483561632883957,12.098032956014825,lat_pulldown,787
157.17891986603996,161.99606857218984,159.5874942191149,10.464176604628314,13.414525999659197,11.939351302143756,lat_pulldown,788
158.31001904352783,162.26785160930007,160.28893532641393,10.460840034045205,12.87865225892373,11.669746146484467,lat_pulldown,789
158.01408457566262,162.5415779808622,160.2778312782624,10.769732917813275,12.409631296186248,11.589682106999762,lat_pulldown,790
157.2423979395855,165.49272261498766,161.36756027728657,10.839579054610992,12.352773599555452,11.59617632708322,lat_pulldown,791
155.5835459972631,165.5681521248653,160.5758490610642,10.694602069501366,12.363125997367481,11.528864033434424,lat_pulldown,792
155.6771771286945,166.76059333071848,161.21888522970647,10.416569108192874,12.26986162606617,11.343215367129522,lat_pulldown,793
159.16113178090208,167.97194572370083,163.56653875230145,10.180076547504841,12.209765808303931,11.194921177904387,lat_pulldown,794
160.15454101164573,169.18492115886505,164.6697310852554,10.163894537477109,12.144424838166698,11.154159687821902,lat_pulldown,795
160.28125152544504,169.29147746479845,164.78636449512175,10.164289855627684,12.023468719789447,11.093879287708566,lat_pulldown,796
160.36617477799695,169.71164430107893,165.03890953953794,10.088190987771727,12.01213746178657,11.050164224779149,lat_pulldown,797
160.58447655254363,169.9353630314625,165.25991979200307,10.039709516901413,11.989252428867468,11.01448097288444,lat_pulldown,798
162.08787472721437,170.16400795911255,166.12594134316345,9.968395360792078,11.960855846639436,10.964625603715756,lat_pulldown,799
163.1173906677436,170.2042013217241,166.66079599473386,9.999130127031643,11.911404464585598,10.955267295808621,lat_pulldown,800
163.21326256812867,170.20028733176082,166.70677494994476,9.967964481028266,11.850387370552715,10.90917592579049,lat_pulldown,801
163.24897075907083,169.82066093919926,166.53481584913504,9.930837173649566,11.673769836511177,10.80230350508037,lat_pulldown,802
163.3121788298032,169.27048714930237,166.29133298955279,9.986763669228539,11.403793613381842,10.69527864130519,lat_pulldown,803
162.76541093478545,167.6030653388065,165.18423813679595,10.109463429655072,11.256094107705172,10.682778768680123,lat_pulldown,804
160.78579777666184,166.2489607951878,163.51737928592482,10.017057141738562,11.02463386453046,10.52084550313451,lat_pulldown,805
159.76549752989814,164.2073891701592,161.98644335002865,9.969151030894375,11.020628363369012,10.494889697131693,lat_pulldown,806
159.27828660494345,160.71703220923186,159.99765940708767,9.15343301909024,10.936039363468552,10.044736191279396,lat_pulldown,807
159.32456176732802,157.9207525934318,158.62265718037992,9.08425830829086,10.944391762539185,10.014325035415023,lat_pulldown,808
160.7753614363134,156.4257570582504,158.60055924728192,9.267946698519212,10.79513936460952,10.031543031564366,lat_pulldown,809
160.05784798745813,154.79918482612433,157.42851640679123,9.417426276181633,10.78831414092108,10.102870208551357,lat_pulldown,810
156.92467286167266,152.53751383978081,154.73109335072672,9.119447265361355,10.931800859576224,10.02562406246879,lat_pulldown,811
152.20934627353085,149.4116897872632,150.81051803039702,9.260723630000333,11.131560330193551,10.196141980096943,lat_pulldown,812
149.27843301280947,148.4020618010688,148.84024740693914,8.94575484445567,11.314599114492436,10.130176979474054,lat_pulldown,813
144.7748442273271,144.73203245867006,144.75343834299858,8.289948530385779,12.102558667483889,10.196253598934835,lat_pulldown,814
140.44316790057448,141.05198075891997,140.74757432974724,8.25427370059645,12.731985857864014,10.493129779230232,lat_pulldown,815
137.36518894557938,141.84267270685856,139.60393082621897,7.79997894474952,12.92585266526401,10.362915805006764,lat_pulldown,816
132.93014265525218,137.23077812925712,135.08046039225465,8.023327931530572,13.320585494908617,10.671956713219593,lat_pulldown,817
129.8061115855862,135.14028216571526,132.47319687565073,7.866042221111467,13.493782305106519,10.679912263108992,lat_pulldown,818
128.0027211323115,135.5453426994828,131.77403191589715,7.822542385432426,13.636802747169574,10.729672566301,lat_pulldown,819
126.04629149780914,135.02923541202958,130.53776345491934,7.651173773125735,13.882873992230074,10.767023882677904,lat_pulldown,820
123.93141321983401,132.9809435156038,128.4561783677189,8.358961453003644,14.048748191836658,11.203854822420151,lat_pulldown,821
123.65773446135505,129.89471259186945,126.77622352661226,9.994074613234178,14.280360265540656,12.137217439387417,lat_pulldown,822
125.43586773044004,127.60108320808311,126.51847546926157,10.919998040242847,14.545233804966129,12.732615922604488,lat_pulldown,823
123.8809874358127,127.7046464888659,125.7928169623393,11.45801268966051,14.3029947135795,12.880503701620004,lat_pulldown,824
120.84961167683323,140.70765220002383,130.77863193842853,11.554012769826867,14.427373715895111,12.990693242860988,lat_pulldown,825
118.81100528931245,132.69219871475084,125.75160200203165,11.48886954135906,14.678435203345098,13.083652372352079,lat_pulldown,826
116.81310777569914,131.76753575228383,124.29032176399149,11.07983063301202,14.838079920441832,12.958955276726925,lat_pulldown,827
114.00136187453249,126.09914343205133,120.05025265329192,10.899347552209225,15.05071910406267,12.975033328135947,lat_pulldown,828
110.01451847110765,122.12050051000338,116.06750949055552,11.153994682448385,14.314004525175715,12.73399960381205,lat_pulldown,829
106.59483492779137,112.75956030484136,109.67719761631636,11.310671087949212,14.1018191893777,12.706245138663455,lat_pulldown,830
107.4527292591507,106.17991235464388,106.8163208068973,11.271669856980989,14.193342992009958,12.732506424495472,lat_pulldown,831
105.77555355843928,93.0179342632216,99.39674391083045,11.210723385964965,14.517429833595392,12.864076609780177,lat_pulldown,832
105.24467480685738,89.2146862314072,97.22968051913229,11.096816959018572,14.747236731221465,12.922026845120019,lat_pulldown,833
99.63594604575721,79.66429416815208,89.65012010695465,11.122020088312992,14.907459562651871,13.014739825482431,lat_pulldown,834
99.96668820539476,77.80201130250776,88.88434975395126,10.981804137950796,15.363710781643054,13.172757459796925,lat_pulldown,835
99.46496056434266,70.72821274015143,85.09658665224705,11.101467854881214,15.270357433338251,13.185912644109733,lat_pulldown,836
99.44324588824435,73.60939722756251,86.52632155790343,10.601688557364954,15.188301038001875,12.894994797683413,lat_pulldown,837
99.59984817978157,75.42253932600755,87.51119375289457,11.164724796640689,14.923935111630026,13.044329954135357,lat_pulldown,838
102.80216975072328,75.32058684739445,89.06137829905887,11.2433286569049,14.748469040163016,12.995898848533958,lat_pulldown,839
105.5620851606509,78.1673816419816,91.86473340131624,11.119912452428615,14.420474040903548,12.770193246666082,lat_pulldown,840
104.09548987774353,82.13842703965959,93.11695845870156,11.521051126456124,14.25096667063744,12.886008898546782,lat_pulldown,841
104.75364148468358,82.57688143483327,93.66526145975843,11.469364585605664,14.208201656033161,12.838783120819413,lat_pulldown,842
105.8548145425621,81.66708315500078,93.76094884878144,11.465202748604403,14.388011553853707,12.926607151229055,lat_pulldown,843
106.76052871246334,80.27382644125866,93.517177576861,11.774335883463994,13.929671410559939,12.852003647011966,lat_pulldown,844
107.22653812830366,80.25822998310612,93.74238405570489,11.99082961218033,14.005905937812003,12.998367774996165,lat_pulldown,845
102.80878531543775,81.58367431818846,92.1962298168131,11.901471107163967,14.174236005107899,13.037853556135932,lat_pulldown,846
102.50938232679765,80.81472967634244,91.66205600157005,11.906811807980882,13.987885082413074,12.947348445196978,lat_pulldown,847
103.29936326770324,81.8191838169693,92.55927354233627,12.088800832927591,14.05977798395455,13.074289408441071,lat_pulldown,848
103.61049855861604,83.14826188970946,93.37938022416276,12.443033814259858,14.149039535552829,13.296036674906343,lat_pulldown,849
100.97150896020368,83.01890678933367,91.99520787476868,12.833443181856513,14.161769213996745,13.497606197926629,lat_pulldown,850
102.0941814813402,82.43943318729697,92.26680733431859,12.888706349481254,14.221241489594412,13.554973919537833,lat_pulldown,851
103.29957380423015,82.34262137558788,92.82109758990902,12.829712550063684,14.277230424979015,13.55347148752135,lat_pulldown,852
102.15344717795256,82.36505554631447,92.25925136213351,12.71945236773252,14.321915389779905,13.520683878756213,lat_pulldown,853
102.62115120088085,82.97184531981469,92.79649826034776,12.61168890332581,14.399347759180664,13.505518331253237,lat_pulldown,854
101.75040497257976,82.90832782175512,92.32936639716743,12.555152726917324,14.464320315264402,13.509736521090863,lat_pulldown,855
102.42692695091317,81.69050598283758,92.05871646687538,12.336454691436654,14.643825330213994,13.490140010825325,lat_pulldown,856
102.49508437683333,81.69801630948336,92.09655034315836,12.36275723444205,14.841994467934759,13.602375851188405,lat_pulldown,857
102.19199173747809,81.86572600977914,92.02885887362862,12.526714141653208,15.04520364180766,13.785958891730434,lat_pulldown,858
101.33356776918804,81.04629544333542,91.18993160626172,12.480065462834537,14.782759015485603,13.63141223916007,lat_pulldown,859
101.3074479079832,80.704370284982,91.00590909648261,12.449473820105176,14.511178434964147,13.480326127534662,lat_pulldown,860
101.85753339526607,80.39883319886523,91.12818329706565,12.528216471977014,14.185292439922765,13.35675445594989,lat_pulldown,861
104.02000920558542,80.7389593033791,92.37948425448226,12.779246349074313,13.871480081668338,13.325363215371326,lat_pulldown,862
104.04052783637594,81.4328889647725,92.73670840057423,12.821204727783423,13.50762296210751,13.164413844945466,lat_pulldown,863
103.42501863193712,79.70762043019465,91.56631953106589,12.892854043129697,13.328195266817467,13.110524654973581,lat_pulldown,864
105.43224845260953,80.33292470024992,92.88258657642973,13.124767876936422,12.919127282451838,13.02194757969413,lat_pulldown,865
103.83672703921776,80.76222340468638,92.29947522195206,13.089291811349508,12.700912776587975,12.89510229396874,lat_pulldown,866
102.70412410203778,81.43143134413515,92.06777772308646,12.74178051996966,12.564324658150978,12.65305258906032,lat_pulldown,867
101.80302840496472,81.98570052973709,91.8943644673509,12.853338683451808,12.569804081839738,12.711571382645772,lat_pulldown,868
102.81599172932775,82.61368068689413,92.71483620811094,12.860143130314572,12.505988586195706,12.683065858255139,lat_pulldown,869
103.13947415842244,84.65219381836891,93.89583398839568,12.684674371076877,12.249560408546552,12.467117389811715,lat_pulldown,870
103.21634291207415,83.62702021076593,93.42168156142004,12.561516485524303,12.230142446304368,12.395829465914336,lat_pulldown,871
104.04877280580176,83.32937550215918,93.68907415398047,12.545805248025836,12.040298305954447,12.293051776990142,lat_pulldown,872
103.91568848726264,83.89777712968447,93.90673280847355,12.564312077503523,11.984800188285316,12.27455613289442,lat_pulldown,873
104.25504997227617,83.48455385026693,93.86980191127155,12.456739446015563,12.155929160547762,12.306334303281663,lat_pulldown,874
102.85030439164754,82.47725636812709,92.66378037988731,12.300896715800134,12.224958795585833,12.262927755692983,lat_pulldown,875
103.74555240786925,82.21130566105472,92.97842903446198,12.046904767430885,12.288612305336018,12.167758536383452,lat_pulldown,876
102.6065789441003,79.92464585467309,91.2656123993867,11.84743537384545,12.350939415593963,12.099187394719706,lat_pulldown,877
101.95415672249507,80.84457390544657,91.39936531397082,11.550084797944386,12.565838017048703,12.057961407496546,lat_pulldown,878
102.779830041793,82.68584450532336,92.73283727355818,11.203519129442888,12.746303996944084,11.974911563193487,lat_pulldown,879
101.60224189916234,83.73874121999137,92.67049155957685,10.9254805960197,13.212151695513787,12.068816145766743,lat_pulldown,880
100.98267719971311,86.27570475393179,93.62919097682246,10.576328032587469,13.42510945192512,12.000718742256295,lat_pulldown,881
101.67248476413359,88.80667775740102,95.2395812607673,10.349207924441208,14.097534774030304,12.223371349235755,lat_pulldown,882
104.2491028307328,90.80926565955008,97.52918424514144,10.274745176323432,14.339466042885872,12.307105609604651,lat_pulldown,883
106.40088253344176,95.09691989938665,100.7489012164142,10.268791785377154,14.441809992388793,12.355300888882972,lat_pulldown,884
108.68339868809673,98.03272106071438,103.35805987440555,10.168038526870351,14.516745147037112,12.34239183695373,lat_pulldown,885
110.18193539096912,96.78515379054573,103.48354459075742,10.161253358360103,14.117429679006415,12.13934151868326,lat_pulldown,886
111.7218168642348,101.01649979863396,106.36915833143438,10.139192474053296,14.01153670143865,12.075364587745973,lat_pulldown,887
113.41101882023467,101.10130353857522,107.25616117940496,10.352018723875602,13.935147056044574,12.143582889960088,lat_pulldown,888
116.33632413705301,121.28919659684067,118.81276036694683,10.91727940856647,13.757916764262433,12.337598086414452,lat_pulldown,889
119.79610901166815,121.26951661876092,120.53281281521453,11.196131460043212,13.715407616917998,12.455769538480606,lat_pulldown,890
121.626465226828,121.24660596819425,121.43653559751112,11.616172619123574,14.055300371104199,12.835736495113887,lat_pulldown,891
123.59128084876161,123.50303845389442,123.54715965132802,11.767202326857676,13.896632411111009,12.831917368984342,lat_pulldown,892
125.57472051864691,123.71402063031624,124.64437057448157,11.78085581390883,13.409606049717285,12.595230931813058,lat_pulldown,893
127.39846663144647,124.019463093123,125.70896486228473,11.632419588283435,13.455463952902887,12.543941770593161,lat_pulldown,894
128.6368498473251,127.89291278418276,128.26488131575394,11.064135080972914,13.62750521955669,12.345820150264803,lat_pulldown,895
131.22531253177223,123.43781531029944,127.33156392103584,10.341108746551864,14.266897491105146,12.304003118828504,lat_pulldown,896
132.15946862158447,128.46737833991332,130.3134234807489,10.210838821970231,14.099312866484214,12.155075844227223,lat_pulldown,897
134.14645542290728,129.1180121104981,131.6322337667027,10.174841932505528,14.060792573534037,12.117817253019783,lat_pulldown,898
137.98889364681852,128.68948776746527,133.33919070714188,10.117397025931629,13.627168219079728,11.87228262250568,lat_pulldown,899
140.25640045161782,115.31865588803007,127.78752816982394,10.11212819857755,13.337110058603077,11.724619128590312,lat_pulldown,900
143.32215800972872,119.57912194767832,131.45063997870352,10.516270900761727,13.113139079538325,11.814704990150027,lat_pulldown,901
146.52024684905805,123.00917393467134,134.7647103918647,10.59104110821533,12.877519028133595,11.734280068174463,lat_pulldown,902
147.1639456659986,136.47747924667996,141.82071245633927,10.527488298097383,12.649237811657365,11.588363054877373,lat_pulldown,903
148.47784541590124,137.65263735454334,143.0652413852223,10.474359930112104,12.38496342484885,11.429661677480478,lat_pulldown,904
148.53456903407917,143.08023322700615,145.80740113054264,10.59248641605552,12.024883380698538,11.30868489837703,lat_pulldown,905
149.3982402728923,147.5456892691895,148.47196477104092,11.170146564170476,11.760034667837695,11.465090616004087,lat_pulldown,906
152.2588437382772,149.64080893628147,150.94982633727932,11.040264647286975,11.521131138955282,11.280697893121129,lat_pulldown,907
153.10318393374925,147.6720462577213,150.38761509573527,11.108703632349798,11.559353349644933,11.334028490997365,lat_pulldown,908
153.8082565801859,145.57120084018976,149.68972871018784,11.253213978820469,11.98486416473351,11.619039071776989,lat_pulldown,909
154.71866725660013,147.0636380370183,150.89115264680922,11.147154625719326,12.53576736463739,11.841460995178359,lat_pulldown,910
156.13926853483542,147.15289403587343,151.64608128535443,11.379519873530665,12.608828837971863,11.994174355751264,lat_pulldown,911
157.38200938074226,156.06126340282918,156.72163639178572,11.197598569701256,12.699950075439352,11.948774322570305,lat_pulldown,912
158.57986451923355,156.14003877276446,157.359951645999,10.965349189218447,12.985072938161816,11.975211063690132,lat_pulldown,913
158.91892731768365,155.25526611053482,157.08709671410924,10.474733932831851,13.561395118082663,12.018064525457257,lat_pulldown,914
158.68691738680704,154.80655739436483,156.74673739058593,9.637590136630775,13.734559235245897,11.686074685938337,lat_pulldown,915
158.82104358135442,156.6064603567139,157.71375196903415,9.625131851951005,13.615495509859215,11.62031368090511,lat_pulldown,916
159.9735368770092,158.41398532357806,159.1937611002936,9.65501871721917,12.778522249283354,11.216770483251262,lat_pulldown,917
161.670654852733,162.21016510239792,161.94040997756548,9.933507776483832,12.508324080722234,11.220915928603034,lat_pulldown,918
163.87496020562244,163.15340457975051,163.51418239268648,10.023307738647857,12.319305540858613,11.171306639753235,lat_pulldown,919
165.64905597407324,163.73417428494778,164.69161512951052,10.02624228845715,12.054543795788266,11.040393042122709,lat_pulldown,920
167.79145851978618,164.18303335608223,165.9872459379342,10.04851640138522,11.83804093095754,10.94327866617138,lat_pulldown,921
169.68432756424357,164.64054794580898,167.16243775502627,10.196194637357285,11.478548836512237,10.837371736934761,lat_pulldown,922
171.917186980336,165.02687186278627,168.47202942156113,10.173295093336689,10.969882768221746,10.571588930779217,lat_pulldown,923
172.0321740196664,140.2234187775532,156.1277963986098,1.8481317756635245,17.046205689415775,9.44716873253965,lat_pulldown_2,0
150.9143125230672,172.89036493802857,161.90233873054788,2.9609299496008488,23.137442668458842,13.049186309029846,lat_pulldown_2,1
135.07883972487113,144.26525692224382,139.67204832355748,4.141533529530679,17.16362627679612,10.6525799031634,lat_pulldown_2,2
169.693444300403,129.9011037595152,149.7972740299591,6.95389859401821,26.294017072264747,16.62395783314148,lat_pulldown_2,3
148.85924229874297,169.75507307571712,159.30715768723005,10.40912428637353,29.584888847501702,19.997006566937614,lat_pulldown_2,4
151.1378903263423,169.00337810394925,160.0706342151458,7.080517731206151,31.61987226661218,19.350194998909167,lat_pulldown_2,5
149.4077567570039,166.0860794061314,157.74691808156766,8.623673579799348,30.86642690217546,19.745050240987403,lat_pulldown_2,6
145.91994643652745,158.92368139347386,152.42181391500066,9.74941749367771,28.264638005468715,19.00702774957321,lat_pulldown_2,7
143.91020158321373,160.26587607645433,152.08803882983403,10.469920528432672,29.213136804298358,19.841528666365516,lat_pulldown_2,8
149.71249969067102,154.35486125658022,152.03368047362562,11.407326347055946,27.14323573105287,19.275281039054406,lat_pulldown_2,9
156.6309148959634,159.03418490758403,157.83254990177372,10.951996564562842,25.889139634526405,18.420568099544624,lat_pulldown_2,10
155.525316597605,158.90546718429243,157.21539189094872,8.519874773150086,24.348160096638875,16.43401743489448,lat_pulldown_2,11
148.89562062032402,157.064539002276,152.98007981130002,14.575761574765572,25.307181117049378,19.941471345907473,lat_pulldown_2,12
142.2127959610332,151.8435921755157,147.02819406827444,13.188273365866747,25.970671914694318,19.57947264028053,lat_pulldown_2,13
144.4008709133681,157.60473286764451,151.0028018905063,9.926010991314907,25.789521670673885,17.857766330994394,lat_pulldown_2,14
144.015217003185,149.11414686021652,146.56468193170076,10.841935007470505,25.557552224030385,18.199743615750446,lat_pulldown_2,15
115.8819703104295,150.93250088572594,133.4072355980777,8.689523814719466,25.68488146181287,17.187202638266168,lat_pulldown_2,16
137.80274390234638,143.70748511334946,140.7551145078479,28.568515362858705,15.451861922456272,22.01018864265749,lat_pulldown_2,17
121.52644687514251,109.5257574017389,115.5261021384407,30.598719075936103,0.9518919957718518,15.775305535853978,lat_pulldown_2,18
115.97439273826281,98.14988198252661,107.0621373603947,24.288544254594886,1.1856040410399176,12.7370741478174,lat_pulldown_2,19
113.86209506208726,99.54992915526594,106.7060121086766,22.880753341783798,0.20258641742234146,11.54166987960307,lat_pulldown_2,20
110.59132786760908,94.20532118715482,102.39832452738196,16.654054720245163,0.9518922219299251,8.802973471087544,lat_pulldown_2,21
107.33728130987376,93.90818774761046,100.62273452874211,14.195646067796632,3.8424213950028014,9.019033731399716,lat_pulldown_2,22
115.82888039540482,100.61656619949694,108.22272329745088,2.363169939967408,18.095198789129917,10.229184364548662,lat_pulldown_2,23
98.08904982670131,89.30535888786989,93.6972043572856,14.4961271913285,3.1946005923130962,8.845363891820798,lat_pulldown_2,24
74.70346017407586,96.17346129576023,85.43846073491804,17.710558423877558,4.84312968492021,11.276844054398884,lat_pulldown_2,25
87.34558240562436,93.87034061582459,90.60796151072446,18.95692478036398,6.284468704585657,12.620696742474818,lat_pulldown_2,26
45.34048054716542,44.95267823890137,45.14657939303339,21.20834374771364,4.970563335873173,13.089453541793407,lat_pulldown_2,27
76.97598005049316,83.50011801984533,80.23804903516924,22.356706872442754,5.396285610830361,13.876496241636557,lat_pulldown_2,28
70.09426784178733,87.64134389348452,78.86780586763592,20.227610033877085,5.717680806524738,12.972645420200912,lat_pulldown_2,29
66.25630432872823,31.618272123505573,48.937288226116905,20.1880762502276,6.770220929019556,13.479148589623577,lat_pulldown_2,30
68.65850992138951,84.69939912231233,76.67895452185093,18.139326066708087,5.695872434902917,11.917599250805502,lat_pulldown_2,31
23.286613665785033,31.375207008717734,27.33091033725138,8.945156349280154,7.987381251240004,8.466268800260078,lat_pulldown_2,32
61.24117174712978,76.729448763733,68.98531025543139,14.117822239010264,8.726159301538067,11.421990770274165,lat_pulldown_2,33
6.434150144588059,21.884420372173913,14.159285258380987,18.74530929548594,9.229711796289585,13.987510545887762,lat_pulldown_2,34
57.21501265022565,64.3866975146108,60.800855082418224,19.601973290515254,10.62852551797709,15.115249404246171,lat_pulldown_2,35
71.67727167612135,88.65150507188059,80.16438837400096,19.003661754210412,10.459610064382996,14.731635909296704,lat_pulldown_2,36
74.09765824479332,88.78034787957336,81.43900306218333,20.510059923704247,11.102430829165682,15.806245376434966,lat_pulldown_2,37
13.121428381508892,56.0484217348348,34.58492505817185,6.337993125493991,2.1311313382647774,4.2345622318793845,lat_pulldown_2,38
79.06715129024805,83.79945767840891,81.43330448432849,17.62334515693949,2.931320991275652,10.27733307410757,lat_pulldown_2,39
78.81374364370595,89.64349592159311,84.22861978264953,20.46236328353578,4.988681744160685,12.725522513848233,lat_pulldown_2,40
76.37889267187286,87.01091765316502,81.69490516251895,20.747550113531137,7.189360668398972,13.968455390965055,lat_pulldown_2,41
74.27435408031597,84.11560018486684,79.1949771325914,21.25214466913603,8.104189317994228,14.678166993565128,lat_pulldown_2,42
71.74020702694555,85.43077716202197,78.58549209448375,22.922364424632796,7.513226018625976,15.217795221629386,lat_pulldown_2,43
67.99802385666206,87.53804760896138,77.76803573281171,22.407246634178033,8.080141100446502,15.243693867312267,lat_pulldown_2,44
72.620021229595,87.73168821126643,80.17585472043072,22.65457367168218,7.180264108594887,14.917418890138533,lat_pulldown_2,45
71.92833776759691,87.5422268146188,79.73528229110786,23.094331835724713,7.7415359173831275,15.41793387655392,lat_pulldown_2,46
70.89119533776461,81.55174952620185,76.22147243198323,22.90137724820369,7.712483117678195,15.306930182940942,lat_pulldown_2,47
73.15539121190707,82.76735144177073,77.9613713268389,22.500747949043756,7.716469723232089,15.108608836137922,lat_pulldown_2,48
67.91123770381084,86.26583852164248,77.08853811272667,22.141316522763766,7.648664274399154,14.89499039858146,lat_pulldown_2,49
68.49877642084921,85.15231335054176,76.82554488569548,21.848277988959648,7.744435515968696,14.796356752464172,lat_pulldown_2,50
70.98672085440204,85.66154456759311,78.32413271099757,21.445825871507918,8.306103224661191,14.875964548084553,lat_pulldown_2,51
75.39984825186532,85.70686940379932,80.55335882783231,20.92132188042031,8.235920070610561,14.578620975515436,lat_pulldown_2,52
72.24078928351744,85.35767490094385,78.79923209223065,21.22185543115147,8.797590390136454,15.009722910643962,lat_pulldown_2,53
72.48800496445806,84.74975980639883,78.61888238542844,21.1964130661682,9.625465891370672,15.410939478769436,lat_pulldown_2,54
76.43186123140036,84.57358171055019,80.50272147097527,21.181759405240783,9.615484723683876,15.39862206446233,lat_pulldown_2,55
76.19250731216849,82.88400460899551,79.538255960582,21.326696390731176,9.922833987211897,15.624765188971537,lat_pulldown_2,56
79.5556223261405,85.74271870376886,82.64917051495468,19.71966924126059,10.412564659555759,15.066116950408174,lat_pulldown_2,57
80.18858022540174,87.44779024390247,83.8181852346521,19.165380484903913,10.938579611649848,15.051980048276882,lat_pulldown_2,58
83.84118419438393,89.46468231291391,86.65293325364891,19.55358007636475,11.57081367572032,15.562196876042535,lat_pulldown_2,59
85.6474656860129,92.76693654805496,89.20720111703392,19.214475147397092,11.654145178269953,15.434310162833523,lat_pulldown_2,60
88.37997841880275,95.41333535233554,91.89665688556914,19.89786689117666,11.73436242724553,15.816114659211095,lat_pulldown_2,61
92.15263878153335,98.25911628775458,95.20587753464397,20.812043722511646,12.07206819389736,16.442055958204502,lat_pulldown_2,62
94.41238460014483,116.95756244912286,105.68497352463385,23.985269539769902,12.76737884167565,18.376324190722777,lat_pulldown_2,63
170.88637519069692,171.027918907861,170.95714704927894,22.08679888845304,8.158985645487194,15.122892266970116,lat_pulldown_2,64
135.39441478613753,149.0011398253946,142.19777730576607,23.612760970955247,9.45423609759736,16.533498534276305,lat_pulldown_2,65
120.22213726146862,134.62942455526445,127.42578090836653,25.578704298079042,9.694961975721297,17.63683313690017,lat_pulldown_2,66
121.7372143452489,131.19528435978734,126.46624935251812,25.343880399714532,7.223250844459898,16.283565622087217,lat_pulldown_2,67
120.03306140568182,170.9839305801656,145.5084959929237,25.27351919688901,8.247688980580723,16.760604088734866,lat_pulldown_2,68
146.7001205191045,144.05707732290819,145.37859892100636,21.53198300847436,3.787031428922426,12.659507218698392,lat_pulldown_2,69
154.73716015930336,178.38512400752722,166.5611420834153,20.538954972855844,3.5927209389266213,12.065837955891233,lat_pulldown_2,70
173.97903479095612,68.13290104290071,121.05596791692841,5.452902146304692,11.692235904642413,8.572569025473552,lat_pulldown_2,71
138.87026163123383,145.33742402097965,142.10384282610676,14.409182232284769,0.39950262678777976,7.404342429536274,lat_pulldown_2,72
175.36658964416125,149.57725172968935,162.4719206869253,10.733603718363684,10.937965423723789,10.835784571043735,lat_pulldown_2,73
158.10884412756886,146.65154194290093,152.3801930352349,11.768395613330183,9.709590170008104,10.738992891669144,lat_pulldown_2,74
172.92692143351977,146.60745762223138,159.7671895278756,7.448427156464597,5.435830744399974,6.442128950432286,lat_pulldown_2,75
169.75351514634335,130.12931945203863,149.941417299191,17.026783427710978,2.6206898129823877,9.823736620346683,lat_pulldown_2,76
173.49164297339988,138.98024901972815,156.235945996564,10.227452229714826,8.733071970002765,9.480262099858795,lat_pulldown_2,77
176.18718400701283,171.84231360214318,174.014748804578,19.841495731308928,3.670573452336949,11.756034591822939,lat_pulldown_2,78
173.71409508823888,157.54300434626919,165.62854971725403,1.0930227476780885,17.99996661710564,9.546494682391863,lat_pulldown_2,79
163.7635369149213,143.96354896967014,153.86354294229574,20.473844812546183,4.179657017681212,12.326750915113697,lat_pulldown_2,80
162.10944826066935,169.27101604665268,165.69023215366101,24.77431044121642,0.058098224164305365,12.416204332690363,lat_pulldown_2,81
168.6960571317827,159.50976101197273,164.10290907187772,1.0886369562403646,15.17253006744341,8.130583511841888,lat_pulldown_2,82
155.69351443450327,153.65766669643568,154.67559056546946,18.875409016365452,1.9538540787701042,10.414631547567778,lat_pulldown_2,83
150.4193590715943,156.4302605892109,153.42480983040258,19.90135649251449,3.2173837629850675,11.55937012774978,lat_pulldown_2,84
172.15310959024967,84.59441757518252,128.3737635827161,2.1413398769162995,5.258099815035909,3.6997198459761043,lat_pulldown_2,85
146.1619178763395,134.83548288658426,140.49870038146187,16.900074212048576,6.469823439966363,11.684948826007469,lat_pulldown_2,86
136.39038321264277,130.30400054597797,133.34719187931037,19.289873704651754,10.564013707688563,14.926943706170158,lat_pulldown_2,87
131.90371076457936,124.17075683276286,128.0372337986711,18.639714697400198,7.268916933560259,12.954315815480228,lat_pulldown_2,88
121.73999472731903,103.42839474087481,112.58419473409691,17.713801814786773,7.3578787586383765,12.535840286712574,lat_pulldown_2,89
111.01817514674583,104.00411879952449,107.51114697313517,17.596672608961207,7.507516154420462,12.552094381690834,lat_pulldown_2,90
106.14947949190068,100.6634238703,103.40645168110034,17.850056201563177,7.900964684085799,12.875510442824488,lat_pulldown_2,91
101.07082891498312,92.53713313156862,96.80398102327587,17.728517536727846,8.653450826779503,13.190984181753674,lat_pulldown_2,92
98.97474159950056,91.55043410421507,95.26258785185782,17.265023264439215,9.805982020613127,13.535502642526172,lat_pulldown_2,93
92.01955279949047,86.92672592762621,89.47313936355835,17.677784477569137,10.957339402443209,14.317561940006172,lat_pulldown_2,94
89.49888651279312,87.79747012029593,88.64817831654452,17.8311410404732,10.127715895248949,13.979428467861073,lat_pulldown_2,95
93.01934480566514,87.26040181149126,90.1398733085782,16.56631064078049,8.46795061919258,12.517130629986536,lat_pulldown_2,96
31.109358337464926,49.11641670963168,40.1128875235483,11.171372924359185,10.260076635116905,10.715724779738045,lat_pulldown_2,97
80.88025441828972,87.40958697871493,84.14492069850232,18.912594770179798,9.663849129535405,14.2882219498576,lat_pulldown_2,98
75.48819927813327,92.78854149372509,84.13837038592918,20.228300772889977,8.352187969800191,14.290244371345084,lat_pulldown_2,99
35.55764900611569,50.886448956429156,43.22204898127242,20.914649856534005,7.833763430453296,14.37420664349365,lat_pulldown_2,100
62.88663482242152,84.49602824705815,73.69133153473983,19.689151585527966,8.716399426465694,14.20277550599683,lat_pulldown_2,101
68.35598789326919,89.24354842633583,78.79976815980251,19.800027276125054,9.050420414894544,14.425223845509798,lat_pulldown_2,102
70.83505155895801,90.05267657988516,80.44386406942158,20.090948358100935,9.605660970871519,14.848304664486227,lat_pulldown_2,103
75.39567565639173,88.88684935499727,82.1412625056945,19.541877789633904,9.513042769308965,14.527460279471434,lat_pulldown_2,104
74.42620246859583,88.38054346627493,81.40337296743539,19.508414663526715,9.850722560972244,14.67956861224948,lat_pulldown_2,105
73.27493745880032,89.81734553794658,81.54614149837346,19.525980873421588,10.136937219868608,14.831459046645097,lat_pulldown_2,106
73.15821910605362,90.8341931454964,81.99620612577502,21.39997408754889,10.485072086396741,15.942523086972816,lat_pulldown_2,107
42.218205212087575,15.12852719000595,28.67336620104676,2.484147271480058,4.10055981193328,3.292353541706669,lat_pulldown_2,108
24.603851204371345,35.343170413848775,29.97351080911006,11.451009979825308,2.747790328045561,7.099400153935434,lat_pulldown_2,109
69.59295110004616,91.7931251645351,80.69303813229064,19.706783448120266,4.833697050884529,12.270240249502397,lat_pulldown_2,110
75.6544547959036,93.04708989710726,84.35077234650544,21.140025400643715,9.101297489434156,15.120661445038936,lat_pulldown_2,111
65.0827640659198,94.21690023530385,79.64983215061183,4.877007944803843,11.402480284486138,8.13974411464499,lat_pulldown_2,112
76.74153299156707,77.19870235292898,76.97011767224802,21.247497734360525,2.0689205443872534,11.65820913937389,lat_pulldown_2,113
76.36364398113179,85.4746482867624,80.9191461339471,22.516212586350136,8.74322118608057,15.629716886215352,lat_pulldown_2,114
72.59199210792694,83.829606587222,78.21079934757446,23.696805326980183,9.933276419905285,16.815040873442733,lat_pulldown_2,115
77.19569002186658,84.16189260688756,80.67879131437707,22.139743438229175,10.47601879864886,16.307881118439017,lat_pulldown_2,116
81.26417632312766,85.88925799772629,83.57671716042697,21.846975152745845,10.011819358958704,15.929397255852274,lat_pulldown_2,117
86.8951611526669,97.43481582846768,92.16498849056728,22.007280618910293,9.611944936561185,15.80961277773574,lat_pulldown_2,118
11.25963790256244,57.10918311188126,34.18441050722185,1.9822245569753076,0.10971503582098292,1.0459697963981454,lat_pulldown_2,119
73.28890048864291,94.43851032951376,83.86370540907834,14.475863107281718,13.183663106085136,13.829763106683426,lat_pulldown_2,120
77.66922816472294,86.26151250391713,81.96537033432003,18.02069719831034,17.18039786061632,17.60054752946333,lat_pulldown_2,121
80.11095428493724,84.5345239734142,82.32273912917572,17.003375999200536,18.129772449978127,17.56657422458933,lat_pulldown_2,122
80.31168336161379,83.89112054990788,82.10140195576083,16.345448153888533,16.104595220942848,16.22502168741569,lat_pulldown_2,123
85.25178659155495,86.46656804597337,85.85917731876415,16.771889820886916,15.000381592172936,15.886135706529926,lat_pulldown_2,124
88.71940452097384,84.70942364680297,86.71441408388841,16.227155334168533,14.866583059291575,15.546869196730054,lat_pulldown_2,125
95.29651628584395,93.89805101610654,94.59728365097524,17.039314529851815,14.287102449382193,15.663208489617004,lat_pulldown_2,126
103.67632952930916,102.70764653415256,103.19198803173086,18.59595350823535,14.835991722462087,16.71597261534872,lat_pulldown_2,127
143.88281480842713,118.36714755134385,131.12498117988548,6.342984500016979,0.611268659148573,3.477126579582776,lat_pulldown_2,128
102.37065751916131,117.4890325667894,109.92984504297536,20.226197993995005,0.15819393163563,10.192195962815317,lat_pulldown_2,129
108.94406231170565,110.43863525928543,109.69134878549553,22.241914228441725,4.740509348287659,13.491211788364692,lat_pulldown_2,130
112.42741352114277,113.13194137301267,112.77967744707772,20.254578409782052,5.930536749533392,13.092557579657722,lat_pulldown_2,131
119.4546064391322,115.33608536668206,117.39534590290714,19.034380352347167,4.666298260980994,11.85033930666408,lat_pulldown_2,132
121.06073562280419,117.51593249670765,119.28833405975593,18.32153577308353,4.921395407932365,11.621465590507947,lat_pulldown_2,133
124.82404433993848,116.07617093226852,120.4501076361035,19.270412762841346,8.33207655700107,13.801244659921208,lat_pulldown_2,134
124.296508025386,117.87978163152607,121.08814482845604,18.74995927464789,8.451315443136561,13.600637358892225,lat_pulldown_2,135
164.5069769339877,170.67748937597474,167.59223315498122,15.44520069255981,2.3179773413241,8.881589016941955,lat_pulldown_2,136
141.04010636318608,141.1338490553038,141.08697770924493,6.033233093675686,15.15799743998228,10.595615266828982,lat_pulldown_2,137
140.7310219664164,140.25619710047445,140.4936095334454,0.7376657891192757,16.811660097258482,8.77466294318888,lat_pulldown_2,138
163.33456414046353,141.2433540627465,152.28895910160503,0.7352593977898864,13.904695158428686,7.319977278109286,lat_pulldown_2,139
154.9547172403595,146.3381548675847,150.6464360539721,4.609781047062278,17.99306013909343,11.301420593077854,lat_pulldown_2,140
159.71657050574368,150.61370324540215,155.1651368755729,5.736727742536007,14.892713042148703,10.314720392342355,lat_pulldown_2,141
159.33807553286184,153.766362514368,156.55221902361492,2.903201617377554,18.48693581953444,10.695068718455998,lat_pulldown_2,142
154.34687523667128,153.90264495746047,154.12476009706586,0.1641734442727549,16.26830174710459,8.216237595688673,lat_pulldown_2,143
156.83709591982176,152.22621182166296,154.53165387074236,0.9072952858263967,16.79174101953208,8.849518152679238,lat_pulldown_2,144
85.84854489808485,166.9490851504384,126.39881502426164,14.370333753560363,11.298301205333807,12.834317479447085,lat_pulldown_2,145
161.4365261985104,169.22366373590216,165.33009496720626,16.22977250606832,9.218811682023407,12.724292094045863,lat_pulldown_2,146
155.5764222239248,179.96025059550732,167.76833640971606,22.53674373411461,4.60721502291615,13.57197937851538,lat_pulldown_2,147
146.9189187473519,148.94348320793014,147.93120097764103,17.733287189542583,13.923186670037152,15.828236929789867,lat_pulldown_2,148
97.47154336340697,147.9174508529481,122.69449710817753,6.459728322830459,17.301972874389868,11.880850598610163,lat_pulldown_2,149
112.9198815467858,98.05317199616569,105.48652677147575,6.990299387579223,15.59867644062172,11.294487914100472,lat_pulldown_2,150
142.1184835311437,136.93616392922564,139.52732373018466,3.126767166649207,19.27393065301799,11.200348909833599,lat_pulldown_2,151
79.54647698216627,139.99464602464272,109.7705615034045,1.9194871527016895,17.559430606428233,9.73945887956496,lat_pulldown_2,152
109.14127788748272,134.8197795866701,121.98052873707641,1.5104522897569548,16.508404542428543,9.00942841609275,lat_pulldown_2,153
132.64814546318146,113.8804799575968,123.26431271038913,20.558675306234463,1.5356611342273199,11.04716822023089,lat_pulldown_2,154
118.67868099744285,104.29676950014746,111.48772524879516,18.600462690746994,4.448966858071452,11.524714774409222,lat_pulldown_2,155
129.79150851393268,103.34308096943931,116.567294741686,16.464755869181058,5.488116334326711,10.976436101753885,lat_pulldown_2,156
104.46086150401709,153.29700899188626,128.8789352479517,14.201948991346898,3.2570071403715652,8.729478065859231,lat_pulldown_2,157
102.3115901773863,99.35625366614354,100.83392192176493,15.182758234411715,6.160281814050098,10.671520024230906,lat_pulldown_2,158
20.614870269078843,91.29717326762936,55.956021768354105,0.38104872038592646,6.826745881665266,3.6038973010255964,lat_pulldown_2,159
83.03538044700518,100.3435601854658,91.68947031623549,18.23336393682751,4.648412419650943,11.440888178239225,lat_pulldown_2,160
92.79417619552832,94.7889126239534,93.79154440974085,15.38112142796221,4.287761221419634,9.834441324690921,lat_pulldown_2,161
55.329345708004716,29.254788771545623,42.29206723977517,14.075232219057538,4.798806133240553,9.437019176149045,lat_pulldown_2,162
105.46771326714473,89.53376139182383,97.50073732948428,14.895048748560313,29.043767936633948,21.96940834259713,lat_pulldown_2,163
55.89994313023607,72.73219507123694,64.31606910073651,12.775763009313092,32.86827883945245,22.82202092438277,lat_pulldown_2,164
76.18242491611548,92.96950400830626,84.57596446221086,20.49071878670977,5.181192313077749,12.83595554989376,lat_pulldown_2,165
68.55164804652225,88.68352245265487,78.61758524958856,22.52457768832884,7.348621408460756,14.936599548394799,lat_pulldown_2,166
63.4189646601737,87.47228499302527,75.44562482659948,21.458995215226835,6.354908469197581,13.906951842212209,lat_pulldown_2,167
80.15934583646091,102.55625550185316,91.35780066915703,2.930356773839352,10.532364029337364,6.731360401588358,lat_pulldown_2,168
126.99557494072553,100.58691661182081,113.79124577627317,7.563399832273509,16.78931946150158,12.176359646887544,lat_pulldown_2,169
81.09302624305708,64.00021040530189,72.54661832417949,0.41173839398774,12.339701207309277,6.3757198006485085,lat_pulldown_2,170
38.329364789478305,20.207926372531016,29.268645581004662,7.344149390090917,0.9165534482322151,4.130351419161566,lat_pulldown_2,171
71.09104418136361,90.2363350902851,80.66368963582435,21.22868706565595,10.091327337814475,15.660007201735212,lat_pulldown_2,172
53.1387155440825,30.66772038687259,41.903217965477545,16.742875736810664,7.0059364791384215,11.874406107974544,lat_pulldown_2,173
80.22323507946322,90.5689684594187,85.39610176944096,23.7317804839759,11.892404727794318,17.81209260588511,lat_pulldown_2,174
78.92037893640538,91.42260368254638,85.17149130947588,24.363438014306343,11.929534583984175,18.14648629914526,lat_pulldown_2,175
77.85493274025559,88.59822724394832,83.22657999210196,22.92977939012417,11.354614169537808,17.14219677983099,lat_pulldown_2,176
77.81588931871968,86.78116906276634,82.29852919074301,22.458858242020725,11.019424760033361,16.739141501027042,lat_pulldown_2,177
74.46926386476147,83.13298901303291,78.8011264388972,22.806458295806085,10.12589451826835,16.466176407037217,lat_pulldown_2,178
73.76036197231693,82.15007665100657,77.95521931166175,22.780801070039,9.748644656435735,16.264722863237367,lat_pulldown_2,179
75.02492785963437,77.08194021758698,76.05343403861067,22.283859655046818,9.569153810836514,15.926506732941666,lat_pulldown_2,180
76.66529423700528,75.71561916476747,76.19045670088639,21.82832134029708,8.769363514222846,15.298842427259963,lat_pulldown_2,181
81.95252677172496,75.46803962369381,78.71028319770939,20.65645252254109,8.47393709403048,14.565194808285785,lat_pulldown_2,182
89.77975896230645,74.64346314389141,82.21161105309892,19.86064420854701,7.905810048215327,13.883227128381169,lat_pulldown_2,183
91.93451069062439,78.99114694144752,85.46282881603597,20.004989650222534,7.75339919178734,13.879194421004936,lat_pulldown_2,184
93.36099698369797,82.50856560292054,87.93478129330926,19.634515736438587,7.531802605931342,13.583159171184965,lat_pulldown_2,185
90.48139464583035,85.59728929707482,88.03934197145259,18.683061489813984,7.4253347947297215,13.054198142271852,lat_pulldown_2,186
89.38750441318196,86.67694439042536,88.03222440180366,18.646306881015462,7.388575848409119,13.01744136471229,lat_pulldown_2,187
89.67600330715287,87.04659662799727,88.36129996757506,18.62403714046132,7.679876574676308,13.151956857568813,lat_pulldown_2,188
91.03408446835802,87.19803402741324,89.11605924788563,17.82179552502114,8.195372443252985,13.008583984137063,lat_pulldown_2,189
96.2181238752871,87.03128510357215,91.62470448942963,17.02100967689545,8.909300611670611,12.965155144283031,lat_pulldown_2,190
97.58407193905349,89.48847097496679,93.53627145701014,17.011761715097037,8.931966413224615,12.971864064160826,lat_pulldown_2,191
100.17102865901266,94.93256057572256,97.55179461736762,17.3057760982448,9.167491924459863,13.236634011352331,lat_pulldown_2,192
100.2328597746838,100.76840201644995,100.50063089556687,18.08949994264708,9.578663718224774,13.834081830435927,lat_pulldown_2,193
106.05935677526003,103.95033801445783,105.00484739485893,17.85686016081392,10.139706531947619,13.99828334638077,lat_pulldown_2,194
111.3552315810445,106.47896724381047,108.91709941242749,17.066018011766666,11.073905199523924,14.069961605645295,lat_pulldown_2,195
117.02610790368092,110.33964122451474,113.68287456409783,17.171319374667803,10.324746456605514,13.748032915636658,lat_pulldown_2,196
120.40560820011387,118.8065305570974,119.60606937860564,17.57531728691908,10.004570502217007,13.789943894568044,lat_pulldown_2,197
123.74059859568277,126.79636048549696,125.26847954058987,16.682220157602522,12.347885489715733,14.515052823659127,lat_pulldown_2,198
126.8268828973653,130.5567457185375,128.6918143079514,16.463989473509486,9.662039348311302,13.063014410910395,lat_pulldown_2,199
130.511483039738,154.15262462952387,142.33205383463093,21.0008649926838,1.536204779670128,11.268534886176964,lat_pulldown_2,200
177.23598825586436,138.07486437533143,157.65542631559788,0.33360288478897626,14.552192408447139,7.442897646618057,lat_pulldown_2,201
172.56807108857967,138.25431645820055,155.4111937733901,2.787399066371522,14.879529038285442,8.833464052328482,lat_pulldown_2,202
135.53665227935772,142.02082163411754,138.77873695673765,3.4785539451303245,19.26699852593577,11.372776235533047,lat_pulldown_2,203
155.86024709602918,166.88229455218337,161.37127082410626,6.916138331041188,9.122240664350402,8.019189497695795,lat_pulldown_2,204
149.24679841378563,169.79046495302467,159.51863168340515,21.71792859992565,7.8316189288730005,14.774773764399324,lat_pulldown_2,205
160.94198635005137,156.0266303847199,158.48430836738564,5.176156911998967,16.987441495643985,11.081799203821475,lat_pulldown_2,206
176.41350512238466,161.25519852052756,168.8343518214561,5.626799053343737,16.40191235748824,11.014355705415987,lat_pulldown_2,207
179.05778175217776,159.3116345518571,169.18470815201744,4.682858226827305,15.687558553455512,10.185208390141408,lat_pulldown_2,208
158.22111722154204,108.80191358424072,133.51151540289138,4.806762808652849,11.664366185053666,8.235564496853257,lat_pulldown_2,209
167.83970529750516,150.96220068901442,159.4009529932598,1.4296094456537431,14.375788233332026,7.902698839492884,lat_pulldown_2,210
144.49553912626843,159.50999064262825,152.00276488444834,3.5633929094297505,17.46026817985552,10.511830544642637,lat_pulldown_2,211
171.252940510751,155.94035762965208,163.59664907020152,1.0083943667780408,16.408994363776262,8.708694365277152,lat_pulldown_2,212
177.14593291484292,151.4355348710203,164.2907338929316,1.0163367381358948,15.679930673407185,8.34813370577154,lat_pulldown_2,213
176.65869647467218,152.70768917051177,164.683192822592,0.5100536710640743,16.581640716799363,8.545847193931719,lat_pulldown_2,214
141.99532757652298,175.70074171521358,158.84803464586827,18.478170393399616,5.72139010672088,12.099780250060247,lat_pulldown_2,215
134.84391059884769,134.81547203572174,134.8296913172847,16.640002271597808,9.326768065732407,12.983385168665109,lat_pulldown_2,216
132.9980717761246,119.43113577493679,126.21460377553069,19.723956416166892,6.816569052183199,13.270262734175045,lat_pulldown_2,217
127.39735606330865,114.2002290885197,120.79879257591418,18.76341083144334,9.358633869846267,14.061022350644805,lat_pulldown_2,218
118.73691785273154,103.82727690784492,111.28209738028823,18.618303990035052,8.174333431645108,13.396318710840081,lat_pulldown_2,219
107.85029973135912,98.4092461498546,103.12977294060686,18.319461239446543,7.271816945758607,12.795639092602574,lat_pulldown_2,220
101.05940860287109,93.90965745789168,97.48453303038139,17.94620765601153,7.009527939685844,12.477867797848688,lat_pulldown_2,221
100.25615125535494,93.13022531250635,96.69318828393065,16.73660471450653,6.59820993499995,11.66740732475324,lat_pulldown_2,222
88.04913073256475,88.50314551721702,88.27613812489088,16.585354984828694,7.286536278959171,11.935945631893933,lat_pulldown_2,223
90.0383948699524,94.42468471423754,92.23153979209496,16.090189861020807,15.036872063502221,15.563530962261513,lat_pulldown_2,224
82.92176115905748,89.54875323794649,86.23525719850198,12.880510965362129,9.726571986241442,11.303541475801786,lat_pulldown_2,225
78.31059402678497,88.54742675828453,83.42901039253475,16.13255659813521,7.874707898617323,12.003632248376267,lat_pulldown_2,226
89.94146750855751,87.9708208741317,88.9561441913446,16.921053621994787,7.237575929040619,12.079314775517703,lat_pulldown_2,227
88.35291221353157,84.3417087604589,86.34731048699524,17.419328161135184,7.296103534534797,12.35771584783499,lat_pulldown_2,228
15.208477367844676,19.733257946301165,17.470867657072922,7.3643881047071655,2.0304993306652626,4.697443717686214,lat_pulldown_2,229
70.5044672576304,85.26171114347491,77.88308920055266,20.97906741646243,3.9093606296217773,12.444214023042104,lat_pulldown_2,230
42.50124020690416,59.258754471427146,50.879997339165655,19.027243750143825,4.329931353403407,11.678587551773616,lat_pulldown_2,231
97.77076962230184,88.08740204474017,92.92908583352101,17.904767389823707,28.902707128967144,23.403737259395427,lat_pulldown_2,232
102.5725762332807,82.61016731938598,92.59137177633335,19.19006697459064,30.728619227765915,24.959343101178277,lat_pulldown_2,233
96.0585858348285,81.9672538957373,89.0129198652829,19.90526895134304,29.601222084283314,24.753245517813177,lat_pulldown_2,234
96.28504676428582,77.82769008313984,87.05636842371283,20.20756892208741,30.680092060899135,25.443830491493273,lat_pulldown_2,235
49.45421828171351,7.249314167693796,28.351766224703653,1.7182702828732908,1.833364868516237,1.7758175756947638,lat_pulldown_2,236
99.75957720734218,83.2536795000537,91.50662835369795,17.879755876978837,28.8194371132706,23.349596495124718,lat_pulldown_2,237
85.38699159710248,60.73491994986146,73.06095577348196,14.665095266583444,8.063544847470322,11.364320057026884,lat_pulldown_2,238
5.679522293939926,83.33039256349468,44.504957428717304,16.43725603249719,5.215585219595881,10.826420626046534,lat_pulldown_2,239
99.58124382569467,85.11145385788728,92.34634884179098,18.80679187566227,28.020811947754318,23.413801911708294,lat_pulldown_2,240
82.56471422804542,87.78880110864765,85.17675766834654,14.66523257549406,12.337224020134373,13.501228297814215,lat_pulldown_2,241
73.61558101104004,85.11126933461685,79.36342517282844,19.65194589023624,13.727365909290114,16.689655899763178,lat_pulldown_2,242
70.70566409992179,80.33293400120453,75.51929905056316,18.706888265157698,14.39225495154876,16.54957160835323,lat_pulldown_2,243
69.52074372584276,78.2500843839027,73.88541405487274,17.502192111730565,13.291204835417206,15.396698473573885,lat_pulldown_2,244
71.1069792153896,78.04611973222872,74.57654947380917,16.957638500818753,13.64373009353689,15.30068429717782,lat_pulldown_2,245
73.43977740590877,81.04648814030804,77.24313277310841,17.257291222190048,14.29686735894397,15.77707929056701,lat_pulldown_2,246
79.01585270419133,78.6782747907837,78.84706374748751,17.99770307189948,13.28327793003772,15.6404905009686,lat_pulldown_2,247
78.13788824384848,78.28381131410357,78.21084977897603,18.328749091413474,12.73818995410101,15.533469522757242,lat_pulldown_2,248
78.20214145230071,80.03255406895161,79.11734776062616,17.273555103495955,12.742576347145462,15.008065725320709,lat_pulldown_2,249
80.05020913809393,84.08639823612934,82.06830368711164,16.116945419200423,13.071763374261238,14.59435439673083,lat_pulldown_2,250
82.28610320467453,87.92869251456356,85.10739785961906,14.260900832327625,13.559838742821691,13.910369787574659,lat_pulldown_2,251
82.92525491448598,90.18535395779111,86.55530443613854,14.807485959064737,12.723339953613491,13.765412956339114,lat_pulldown_2,252
84.42993904061309,92.99226819089772,88.7111036157554,14.8480814166269,12.364578579331882,13.60632999797939,lat_pulldown_2,253
86.15253977817041,94.49463538103481,90.32358757960262,15.025212182473211,12.797954704249415,13.911583443361312,lat_pulldown_2,254
88.80333686757989,97.8822596194953,93.3427982435376,14.72423832631583,12.492777874599588,13.608508100457708,lat_pulldown_2,255
92.31185933788173,105.10065007245694,98.70625470516933,14.854348845294194,12.444832735591879,13.649590790443035,lat_pulldown_2,256
95.98714885649153,107.05110640615553,101.51912763132353,15.08277971649401,13.008135287212658,14.045457501853335,lat_pulldown_2,257
101.37173435806874,110.16531132781043,105.76852284293957,20.56450564857433,14.673374380994535,17.61894001478443,lat_pulldown_2,258
104.75355668543841,111.35538512927693,108.05447090735767,20.16708943138537,13.547040650720772,16.857065041053072,lat_pulldown_2,259
108.07752474782173,114.26683031523928,111.17217753153051,22.226861003589534,12.483242538348428,17.35505177096898,lat_pulldown_2,260
110.90340351751783,116.86418534468564,113.88379443110173,21.532266949611163,12.64409366378716,17.08818030669916,lat_pulldown_2,261
118.13396436467772,125.0511005390828,121.59253245188026,22.187855841742902,12.72194568345337,17.454900762598136,lat_pulldown_2,262
121.87495774554449,130.6302557991205,126.2526067723325,21.147078933937458,13.028197781920081,17.087638357928768,lat_pulldown_2,263
127.34946754693021,130.84515209893422,129.09730982293223,20.708177915086814,11.176483005677358,15.942330460382086,lat_pulldown_2,264
133.8429197518147,137.0895123442274,135.46621604802104,21.42366092993442,8.129564913589864,14.776612921762142,lat_pulldown_2,265
152.21003599844323,167.29419720462693,159.75211660153508,15.53920858188473,2.9865794765925213,9.262894029238625,lat_pulldown_2,266
153.2201485466201,145.70924877689845,149.46469866175926,1.4429512042255295,10.807479294236098,6.125215249230814,lat_pulldown_2,267
163.00379286544648,169.86643251373164,166.43511268958906,11.710067456884895,5.710187707819788,8.710127582352342,lat_pulldown_2,268
155.53257485454287,167.32264103759658,161.4276079460697,14.221830815523498,0.8309859262970113,7.5264083709102545,lat_pulldown_2,269
147.84532276983543,163.33885548037733,155.59208912510638,18.75994610785203,9.663766489572849,14.21185629871244,lat_pulldown_2,270
146.4992700274501,154.09017236278498,150.29472119511755,1.258631629511099,11.117114146910314,6.187872888210706,lat_pulldown_2,271
148.64764112429702,159.2441265473715,153.94588383583425,1.4420048478834853,17.129690962924418,9.285847905403951,lat_pulldown_2,272
141.01371462443325,154.72190374086426,147.86780918264876,1.0604172369185059,13.428837002782565,7.244627119850535,lat_pulldown_2,273
157.33449532503224,156.46370198713106,156.89909865608166,2.6411499369563747,13.7231095323887,8.182129734672538,lat_pulldown_2,274
164.4023357865417,108.86821597931774,136.6352758829297,4.070357967122891,11.629687287531874,7.850022627327382,lat_pulldown_2,275
147.5117381434329,166.89915067080528,157.2054444071191,24.15016248981138,7.950580276596511,16.050371383203945,lat_pulldown_2,276
167.79805302715098,74.67291287329196,121.23548295022147,17.590770430541195,3.9627049486218326,10.776737689581514,lat_pulldown_2,277
145.62737646162034,149.32207009345913,147.47472327753974,18.51017170331498,5.040534603390972,11.775353153352977,lat_pulldown_2,278
145.49649504340775,138.5879884085836,142.04224172599567,20.00001900941125,4.520861507359086,12.260440258385168,lat_pulldown_2,279
140.48927922104642,141.76145772104888,141.12536847104764,20.8481307519295,3.4330809887738987,12.140605870351699,lat_pulldown_2,280
133.92265506837822,130.70252752548214,132.31259129693018,20.099425871922858,3.5508565444585294,11.825141208190693,lat_pulldown_2,281
127.77977135706045,129.40992799205725,128.59484967455884,19.46320212818068,1.9500383491483197,10.706620238664499,lat_pulldown_2,282
150.11979254951592,118.95175508838035,134.53577381894814,4.310611266231406,12.639196829293825,8.474904047762616,lat_pulldown_2,283
93.41380861475376,168.76405841138663,131.0889335130702,77.92923804293072,40.584697968446605,59.25696800568866,lat_pulldown_2,287
95.45259679596822,126.63619205691376,111.04439442644099,75.96639724259471,36.954585107503135,56.46049117504892,lat_pulldown_2,288
89.91224255648645,134.90811949876928,112.41018102762786,71.95170281104413,26.22733053157216,49.08951667130815,lat_pulldown_2,289
87.86557175588877,149.0852920575863,118.47543190673753,71.9600712460278,39.087752318973834,55.52391178250082,lat_pulldown_2,290
85.84653948072875,158.36126832172897,122.10390390122886,75.15278315539547,50.95238733972366,63.05258524755956,lat_pulldown_2,291
92.48483460372276,149.76585678466614,121.12534569419445,73.57907141419834,61.64662576372705,67.61284858896269,lat_pulldown_2,292
78.1349972228397,133.86892673005065,106.00196197644517,73.91678373163992,72.12280559344353,73.01979466254173,lat_pulldown_2,293
67.17854036654694,115.55010948973111,91.36432492813903,72.9086865963562,76.12909120293918,74.51888889964769,lat_pulldown_2,294
70.98284354961777,70.00283763129887,70.49284059045831,70.27032609461654,74.72090958464744,72.49561783963199,lat_pulldown_2,295
74.88197131241704,80.14803860910362,77.51500496076034,67.87498693775039,71.50033526476426,69.68766110125733,lat_pulldown_2,296
111.94400434924569,158.32236219277974,135.1331832710127,88.85859887833298,88.63578352313763,88.7471912007353,lat_pulldown_2,312
152.86278280521205,114.03532056623087,133.44905168572146,30.675359765284835,17.317648195061068,23.996503980172953,lat_pulldown_2,319
101.46649077908772,108.4656428396404,104.96606680936407,31.03046797953048,11.152893822965542,21.09168090124801,lat_pulldown_2,320
154.48780272558125,151.1917360162022,152.83976937089173,14.223262852166261,27.086636492676085,20.654949672421175,lat_pulldown_2,321
123.87454721881895,168.97600870400927,146.4252779614141,14.559059495975395,11.226664379752291,12.892861937863843,lat_pulldown_2,322
115.4353948055343,169.74949759912823,142.59244620233127,22.557921018323718,16.1302422842404,19.34408165128206,lat_pulldown_2,323
175.93955222940755,70.08818005010262,123.0138661397551,14.861769878684987,26.11761598214408,20.489692930414535,lat_pulldown_2,324
170.67547135130928,147.12470326055004,158.90008730592967,18.95212605355133,24.01756640286818,21.484846228209754,lat_pulldown_2,325
135.40970354251834,153.76750323304776,144.58860338778305,27.11866407629174,9.22671326825305,18.172688672272393,lat_pulldown_2,326
131.3127339027474,175.71533601985226,153.51403496129984,25.757249957307025,10.046227000984487,17.901738479145756,lat_pulldown_2,327
176.31502763708212,139.09104894440242,157.70303829074226,4.526941132723263,13.019797960226025,8.773369546474644,lat_pulldown_2,328
175.30265198053567,79.70424075536327,127.50344636794946,6.948726883250799,14.93789217623976,10.94330952974528,lat_pulldown_2,329
144.02459365114257,165.04619202223273,154.53539283668766,19.078698308189008,9.320228841220114,14.199463574704561,lat_pulldown_2,330
174.71157888405952,152.72733215235104,163.71945551820528,2.336865995831966,11.551011971794424,6.943938983813195,lat_pulldown_2,331
152.22940205188138,148.32753866644288,150.27847035916213,2.0023560836465073,10.110544355715241,6.056450219680874,lat_pulldown_2,332
160.6808383162198,63.7702961215876,112.22556721890369,3.765160338837547,12.958519053971473,8.36183969640451,lat_pulldown_2,333
157.35434401197634,167.1563245584697,162.255334285223,10.306637142844098,5.009335309132929,7.657986225988513,lat_pulldown_2,334
162.3782196488953,151.66786798637312,157.02304381763423,18.995730073032114,6.118920848705896,12.557325460869006,lat_pulldown_2,335
164.63219054145208,155.41529093299584,160.02374073722396,18.049939914333848,5.008596101762421,11.529268008048135,lat_pulldown_2,336
164.15624643973658,154.08623003572762,159.1212382377321,16.007886394345,6.802798270856003,11.405342332600501,lat_pulldown_2,337
162.87276525346397,154.97132703463438,158.92204614404918,15.148703171913432,2.8913640989813905,9.020033635447412,lat_pulldown_2,338
161.65688646226744,158.12052136388166,159.88870391307455,14.470669706881742,2.989814202604025,8.730241954742883,lat_pulldown_2,339
160.6296166548676,154.34588149401915,157.48774907444337,14.117596764602226,6.674307441582907,10.395952103092567,lat_pulldown_2,340
159.30537980691741,150.33266696923457,154.819023388076,14.79490307010479,8.821863587211446,11.808383328658117,lat_pulldown_2,341
152.16758679007546,148.38696302835794,150.27727490921671,16.45120588780398,8.814910210556752,12.633058049180367,lat_pulldown_2,342
146.4438244903256,148.15531738406986,147.29957093719773,16.10251444732351,8.544587211065908,12.323550829194708,lat_pulldown_2,343
141.94467055406946,139.89641443637962,140.92054249522454,17.753549091656694,8.711450581497798,13.232499836577247,lat_pulldown_2,344
135.02444777509697,134.79789266078015,134.91117021793855,18.698203134806565,7.92711531433069,13.312659224568627,lat_pulldown_2,345
130.19423309557644,131.14119685971806,130.66771497764725,18.313783441279536,7.553487045434997,12.933635243357266,lat_pulldown_2,346
126.42716610512875,120.50094317846029,123.46405464179452,17.888025362886708,8.551422470176961,13.219723916531834,lat_pulldown_2,347
121.59724528828089,118.46984384456013,120.03354456642052,17.72804758605649,8.880695526062937,13.304371556059714,lat_pulldown_2,348
108.94205046370323,112.69663281153822,110.81934163762072,17.482248560122795,8.79828599733181,13.140267278727302,lat_pulldown_2,349
104.94358641849456,106.2834709938962,105.61352870619538,17.70134352997813,9.247079710452827,13.474211620215478,lat_pulldown_2,350
99.91253535362688,99.59790769405919,99.75522152384303,17.48631360332668,9.467971327832723,13.4771424655797,lat_pulldown_2,351
96.02181286715663,95.43891818286193,95.73036552500928,17.42691237711496,10.028038069082845,13.727475223098903,lat_pulldown_2,352
89.57101063029693,90.97078972072148,90.27090017550921,15.058290091103247,11.233019789142961,13.145654940123105,lat_pulldown_2,353
79.07257392504799,88.01836708874093,83.54547050689446,14.826374905087082,11.057039116131323,12.941707010609203,lat_pulldown_2,354
73.7119339315941,85.397193674768,79.55456380318105,16.16448607346724,10.89497560425716,13.5297308388622,lat_pulldown_2,355
73.33786721476584,82.25920280106487,77.79853500791535,16.37879845221492,10.744833616267615,13.561816034241268,lat_pulldown_2,356
96.20987593521704,94.51379386007085,95.36183489764394,15.475005676382903,9.269550202347942,12.372277939365421,lat_pulldown_2,357
48.35777266997077,27.021225933205482,37.68949930158813,10.598574467159208,23.370203093390472,16.98438878027484,lat_pulldown_2,358
78.00581960601173,95.1354514766067,86.57063554130922,24.75875650802868,0.8186533305367961,12.788704919282738,lat_pulldown_2,359
16.29223478344972,28.94673098266747,22.619482883058595,2.986786440190237,24.735757365539627,13.861271902864932,lat_pulldown_2,360
70.94693417551474,86.53994204949274,78.74343811250374,16.624471748245924,3.837312603006792,10.230892175626359,lat_pulldown_2,361
68.4215386104713,84.9654823780428,76.69351049425705,19.73442315897625,10.54117108799841,15.13779712348733,lat_pulldown_2,362
66.83658818451427,83.18802930867015,75.01230874659221,19.46327252833407,11.516726925075565,15.489999726704816,lat_pulldown_2,363
69.05771860988789,83.59881289157784,76.32826575073287,19.700455131386107,11.987398742767308,15.843926937076708,lat_pulldown_2,364
72.02525403237999,81.10391586317965,76.56458494777982,18.954632525643262,11.271927451458387,15.113279988550826,lat_pulldown_2,365
73.63541734598581,82.38817649615726,78.01179692107154,18.2986271911887,12.356653423646835,15.327640307417767,lat_pulldown_2,366
74.20826983479924,82.63031271497644,78.41929127488784,18.110947938894128,13.115795739419092,15.61337183915661,lat_pulldown_2,367
74.70508027680643,84.17723212630644,79.44115620155642,19.168988632583773,12.948971686399803,16.05898015949179,lat_pulldown_2,368
66.80337273481368,86.98598312569592,76.8946779302548,21.838205416948917,12.413864959941098,17.12603518844501,lat_pulldown_2,369
67.50026098710626,85.37834766007698,76.43930432359161,20.698640206180123,13.342309745954642,17.020474976067383,lat_pulldown_2,370
66.37411699674219,82.37842441209143,74.37627070441681,20.48228177772625,13.878928651074505,17.180605214400376,lat_pulldown_2,371
68.36619547059767,81.2012376169105,74.78371654375408,18.716497134766307,13.89583113341482,16.306164134090565,lat_pulldown_2,372
69.78031294865768,77.22818367418327,73.50424831142047,18.421358902062686,13.090205594143741,15.755782248103213,lat_pulldown_2,373
71.58409603111686,76.21546170050762,73.89977886581224,18.377782728903426,12.279269954034193,15.328526341468809,lat_pulldown_2,374
73.58605737953623,77.10461470332851,75.34533604143238,17.96997460230178,12.071909365227068,15.020941983764423,lat_pulldown_2,375
75.01707329853143,80.56037554394919,77.78872442124032,17.691395596733773,11.683902550354603,14.687649073544188,lat_pulldown_2,376
78.89384327605441,83.17057497636131,81.03220912620786,17.87228889594949,11.53815908851988,14.705223992234686,lat_pulldown_2,377
79.36951086107935,85.62107851172419,82.49529468640176,16.93249418500576,11.825821991763924,14.379158088384841,lat_pulldown_2,378
75.2008194588451,85.19903090424206,80.19992518154359,17.420389505404703,12.08814479480498,14.754267150104841,lat_pulldown_2,379
74.08387741946322,84.81872504446483,79.45130123196402,17.45193038074487,11.991946655593072,14.72193851816897,lat_pulldown_2,380
76.97011479746742,85.4300459245236,81.20008036099551,17.434102008351125,11.65173024027304,14.542916124312082,lat_pulldown_2,381
82.50735757401358,83.67267164677152,83.09001461039256,17.42625414576217,11.21152437702838,14.318889261395274,lat_pulldown_2,382
87.38774116646123,86.5566373804978,86.97218927347951,17.24454882019329,10.901820699609925,14.073184759901608,lat_pulldown_2,383
87.773730105088,85.38247878292145,86.57810444400474,16.827824933476,11.035253605359804,13.9315392694179,lat_pulldown_2,384
88.62106320339313,86.23367536236998,87.42736928288156,17.66302689322581,11.307454107191656,14.485240500208732,lat_pulldown_2,385
91.79670744232683,88.13497625414789,89.96584184823736,20.19387991289592,9.98556518964104,15.08972255126848,lat_pulldown_2,386
95.05799978487896,96.05085127193871,95.55442552840884,19.954515722020577,13.209508936026385,16.58201232902348,lat_pulldown_2,387
98.98691824595994,99.12274193463452,99.05483009029723,20.50855803350812,11.135647452753659,15.82210274313089,lat_pulldown_2,388
103.0612400854036,101.44821296560542,102.25472652550451,19.761574390626624,9.790502089066983,14.776038239846804,lat_pulldown_2,389
107.67605802234145,131.41943355160493,119.5477457869732,20.34749899428957,12.187544339717478,16.267521667003525,lat_pulldown_2,390
109.533260599755,125.09765949549802,117.31546004762652,22.174981501442517,11.583145329646223,16.87906341554437,lat_pulldown_2,391
114.44105369107899,124.13904282949673,119.29004826028786,22.26089688171787,10.592102248422204,16.42649956507004,lat_pulldown_2,392
116.73052259321005,174.54323472454394,145.63687865887698,20.862949825272054,9.80324364820417,15.333096736738112,lat_pulldown_2,393
121.88520464481519,172.37545604856817,147.13033034669166,20.209685101508935,14.04770566540452,17.128695383456726,lat_pulldown_2,394
151.34550088276058,134.7675267039261,143.05651379334336,4.07540117811144,11.701556150192758,7.888478664152099,lat_pulldown_2,395
173.987814846462,141.60589711394394,157.79685598020296,4.988279008610088,9.337101003577759,7.162690006093923,lat_pulldown_2,396
174.6432592480064,141.99337570773912,158.31831747787277,0.7431848603661467,11.376143156227098,6.059664008296623,lat_pulldown_2,397
156.50203461561696,175.8945165041905,166.19827555990372,19.64953964767544,0.8476254020767244,10.248582524876081,lat_pulldown_2,398
163.55602284483186,156.3660749972072,159.96104892101954,7.480442416607395,9.298075265473281,8.389258841040338,lat_pulldown_2,399
123.54247000816713,152.6862912711751,138.1143806396711,0.24427274699577878,12.141544689431594,6.192908718213687,lat_pulldown_2,400
165.80900273756663,115.1362770612075,140.47263989938705,2.964784827883822,10.130370299883374,6.547577563883598,lat_pulldown_2,401
161.1767981751614,97.577076506732,129.3769373409467,2.6583828221595196,14.891207214533418,8.774795018346468,lat_pulldown_2,402
119.40636759745857,153.32905633082453,136.36771196414156,0.2341445840543247,16.626553177878098,8.43034888096621,lat_pulldown_2,403
158.58493454660248,154.25596945860383,156.42045200260316,2.056886526385847,14.022693812581053,8.03979016948345,lat_pulldown_2,404
158.7828180451456,160.6028914685602,159.6928547568529,17.844207600406822,5.198033237533164,11.521120418969993,lat_pulldown_2,405
172.2277412712377,156.41076611587218,164.31925369355494,17.262373033962742,12.974203825013149,15.118288429487945,lat_pulldown_2,406
178.88335800175963,163.6283485545046,171.25585327813212,0.16542838986829903,18.59455188270983,9.379990136289065,lat_pulldown_2,407
139.75385088952396,167.32619110060722,153.5400209950656,4.891591344756207,16.464675065668857,10.678133205212532,lat_pulldown_2,408
150.7723139256336,163.01068439351425,156.89149915957393,1.1900042211458552,15.277659172105167,8.233831696625511,lat_pulldown_2,409
73.03337395326523,159.26405080428304,116.14871237877414,1.4190394286934975,14.029355521597939,7.7241974751457185,lat_pulldown_2,410
145.71669918905852,85.04698046410729,115.3818398265829,6.009392774826397,14.07898673669912,10.044189755762758,lat_pulldown_2,411
141.42033460362887,179.27159489895047,160.34596475128967,17.97348211088096,2.6353624464142666,10.304422278647612,lat_pulldown_2,412
136.77006724456157,155.65451289847078,146.21229007151618,20.795342251578067,4.016347743529184,12.405844997553626,lat_pulldown_2,413
128.84602837392018,135.90672149848916,132.37637493620468,7.551245703666796,18.79869295053615,13.174969327101472,lat_pulldown_2,414
90.31468900109284,166.04631659124914,128.180502796171,18.987587393436996,12.440630791082013,15.714109092259505,lat_pulldown_2,415
118.98026527814943,172.46974928131758,145.72500727973352,18.32086952430404,7.328428330028636,12.824648927166338,lat_pulldown_2,416
114.3942210408481,115.3941079007399,114.894164470794,18.481079876405126,2.64064835306987,10.560864114737498,lat_pulldown_2,417
117.45725148000768,69.72931915066204,93.59328531533487,17.24781750144577,3.2447348212118583,10.246276161328813,lat_pulldown_2,418
104.59693555374344,102.28025113259292,103.43859334316818,13.768563474169216,5.925571452547557,9.847067463358387,lat_pulldown_2,419
101.5142383802998,90.66932186011161,96.0917801202057,16.413689537002387,9.773131253240653,13.09341039512152,lat_pulldown_2,420
100.25278854584428,101.15441158249567,100.70360006416998,17.013972354823828,14.01203837910344,15.513005366963634,lat_pulldown_2,421
103.74296667875683,84.55916890835091,94.15106779355386,2.5366728961027487,5.35082631320831,3.943749604655529,lat_pulldown_2,422
126.9040255049925,77.60403078108743,102.25402814303996,8.071552213414455,6.004545137371391,7.038048675392923,lat_pulldown_2,423
33.23995351225104,8.819365937611574,21.029659724931307,2.5716827475170163,9.115697386912482,5.843690067214749,lat_pulldown_2,424
109.76084608695504,102.96853941326935,106.3646927501122,20.680796402806617,5.333651251566109,13.007223827186364,lat_pulldown_2,425
102.7436501193035,102.81017997999318,102.77691504964834,23.98829160838405,9.254998858652783,16.621645233518414,lat_pulldown_2,426
85.57558146868604,103.86051713269924,94.71804930069264,22.402925965138728,9.97663801391871,16.18978198952872,lat_pulldown_2,427
73.5010464117178,93.01456464831266,83.25780553001522,22.309501226053865,8.115800849726453,15.212651037890158,lat_pulldown_2,428
104.53536387507647,80.38235174555028,92.45885781031338,18.78428261721231,28.994477950492122,23.889380283852216,lat_pulldown_2,429
61.52404255363685,92.8741335854685,77.19908806955267,17.400173230691223,5.79018066975807,11.595176950224646,lat_pulldown_2,430
71.48265482290562,91.25538757445952,81.36902119868256,20.030347755038452,9.75549076782167,14.89291926143006,lat_pulldown_2,431
10.432181562728529,51.10880514400686,30.770493353367694,0.8192837099790408,4.46530257620856,2.6422931430938004,lat_pulldown_2,432
92.88623279771946,86.76551685742814,89.8258748275738,23.109799810666146,31.07552413383419,27.09266197225017,lat_pulldown_2,433
86.47161683933166,84.44659778657831,85.45910731295498,22.915563213666037,30.70712866106154,26.81134593736379,lat_pulldown_2,434
55.22035496299588,25.109834945133027,40.16509495406445,4.5142583352498304,3.6049169414060986,4.059587638327964,lat_pulldown_2,435
62.09374561995627,12.022155263408907,37.05795044168259,9.524144398762278,4.354306440750823,6.93922541975655,lat_pulldown_2,436
62.61816817801914,47.23371441498006,54.9259412964996,15.544024059447706,12.614887673964184,14.079455866705946,lat_pulldown_2,437
75.33710624213812,80.77433770972534,78.05572197593173,18.881680111434104,14.30488914718856,16.59328462931133,lat_pulldown_2,438
72.67266256940427,64.12939859194138,68.40103058067282,15.414371204498167,12.800916789289987,14.107643996894076,lat_pulldown_2,439
71.68442611215796,80.37962423572608,76.03202517394203,17.73713337631178,13.426689534821088,15.581911455566434,lat_pulldown_2,440
69.95691136839103,81.73872784467625,75.84781960653365,17.880512017933974,13.001664179506875,15.441088098720424,lat_pulldown_2,441
74.95037051371632,82.07173944155672,78.51105497763652,17.93955969064138,11.753349628148449,14.846454659394915,lat_pulldown_2,442
73.72402129986867,79.24411614919426,76.48406872453145,18.896960102229666,10.922362635335169,14.909661368782418,lat_pulldown_2,443
74.59096968163398,78.8252477304698,76.70810870605189,19.127915398086067,10.307533445768973,14.717724421927521,lat_pulldown_2,444
77.25730659182521,80.08146175405525,78.66938417294023,18.4323082841446,10.819529316749096,14.625918800446847,lat_pulldown_2,445
84.02183193891213,81.01349147592654,82.51766170741934,17.82308130115374,11.289333297127143,14.556207299140441,lat_pulldown_2,446
88.81437556359974,83.04622344427466,85.93029950393719,16.223346818484153,12.105358656430255,14.164352737457204,lat_pulldown_2,447
94.67542364193106,82.6309994356471,88.65321153878908,16.49449534144082,12.166535177035177,14.330515259237998,lat_pulldown_2,448
88.63931518982604,81.03001589990961,84.83466554486782,16.733898371857702,11.691519133668969,14.212708752763335,lat_pulldown_2,449
90.0495364133552,81.71662803066776,85.88308222201148,15.904623049948398,12.067806606710423,13.98621482832941,lat_pulldown_2,450
93.90546032611265,84.44882333574206,89.17714183092735,15.790835573342846,11.537838777066792,13.66433717520482,lat_pulldown_2,451
95.9612849557605,86.31437410811145,91.13782953193598,15.115846031947463,11.89888075812196,13.507363395034712,lat_pulldown_2,452
95.37113471799715,87.81033575387096,91.59073523593406,14.728011654449567,12.099247715246673,13.41362968484812,lat_pulldown_2,453
97.29850394506278,89.81029184164231,93.55439789335254,14.731264150575575,11.4114618048592,13.071362977717389,lat_pulldown_2,454
101.77898737368389,94.9052614416616,98.34212440767274,15.750971562332177,10.398125170836263,13.07454836658422,lat_pulldown_2,455
96.97886722557507,98.30906362118975,97.64396542338241,17.066707211553858,11.525955948722219,14.296331580138038,lat_pulldown_2,456
100.95370676814161,100.60911266843823,100.78140971828992,17.15894291188666,10.850514771335408,14.004728841611033,lat_pulldown_2,457
104.15437968506268,104.66558169927643,104.40998069216955,19.98031931063271,15.25262720334492,17.616473256988815,lat_pulldown_2,458
105.17123800445077,150.20482706306498,127.68803253375788,20.613324618569035,9.118525657588853,14.865925138078943,lat_pulldown_2,459
107.43166220157033,167.08599655482175,137.25882937819603,20.087052286760088,10.058591857916966,15.072822072338527,lat_pulldown_2,460
109.20575033617801,160.9357729038361,135.07076162000706,20.0873579858463,10.754290228893119,15.42082410736971,lat_pulldown_2,461
112.58089140810827,179.28751435370194,145.9342028809051,22.356320304714405,7.173133726433061,14.764727015573733,lat_pulldown_2,462
115.53972532882807,176.52743893868958,146.03358213375884,21.737082593757368,7.754339784226667,14.745711188992017,lat_pulldown_2,463
141.29041620342224,136.40921714720415,138.8498166753132,6.09450666682616,11.420836424435645,8.757671545630902,lat_pulldown_2,464
160.52783928263625,148.61498540398597,154.57141234331112,21.050624435100822,15.177704438668325,18.114164436884572,lat_pulldown_2,465
147.83673794903035,137.59763297311494,142.71718546107263,26.294899210045283,14.716627449873922,20.505763329959603,lat_pulldown_2,466
154.62522510160892,76.24298229387428,115.43410369774159,8.072719371666295,11.15543012578922,9.614074748727758,lat_pulldown_2,467
156.27872800351037,147.54140961416934,151.91006880883987,0.36943707949898474,13.410567785914662,6.890002432706823,lat_pulldown_2,468
125.37381623607575,146.16583717174368,135.7698267039097,0.4131024059241699,11.98194077860801,6.19752159226609,lat_pulldown_2,469
153.27172279539252,64.77338670828026,109.0225547518364,2.8965684511068255,9.39549756939797,6.146033010252397,lat_pulldown_2,470
164.59961765612854,96.51042808873927,130.5550228724339,0.40525534190444107,10.378816743670646,5.392036042787543,lat_pulldown_2,471
119.1371408529848,97.89530390998165,108.51622238148323,1.2447687413995963,11.115968485045105,6.180368613222351,lat_pulldown_2,472
155.23428474458854,103.02779861082838,129.13104167770845,0.548137299574859,9.811371500705349,5.179754400140104,lat_pulldown_2,473
172.87519295661218,120.15891784691347,146.51705540176283,5.523543680544712,5.945499569306884,5.734521624925798,lat_pulldown_2,474
167.84956688434985,116.30094380147823,142.07525534291403,1.1507179766325732,11.11748105668019,6.134099516656381,lat_pulldown_2,475
159.6878477807548,152.41498164258866,156.05141471167173,5.744630601045039,9.681712062450494,7.713171331747766,lat_pulldown_2,476
140.2902177335816,147.38159715924726,143.83590744641444,3.6478612546796003,9.221867897399802,6.434864576039701,lat_pulldown_2,477
122.98950171552013,138.76611716382143,130.87780943967078,2.182463816077023,9.776416244284695,5.979440030180859,lat_pulldown_2,478
81.13877334846943,171.57289927306812,126.35583631076878,10.435677970854373,7.016250044415024,8.725964007634698,lat_pulldown_2,479
92.19422804526461,179.82053838092057,136.0073832130926,12.746140766101643,7.573771021912813,10.159955894007227,lat_pulldown_2,480
126.12310731253875,174.33107873568133,150.22709302411005,18.86978223782646,1.0687993911770373,9.969290814501749,lat_pulldown_2,481
130.05100852442692,150.83834685864883,140.4446776915379,19.378275733767353,1.1934997058797066,10.28588771982353,lat_pulldown_2,482
126.65043983803487,134.1705118809659,130.4104758595004,14.885619912953523,5.184986155223807,10.035303034088665,lat_pulldown_2,483
118.58878311763645,123.96911706195661,121.27895008979652,17.63280284629612,7.468250326090511,12.550526586193316,lat_pulldown_2,484
107.14928233000457,107.35608545637427,107.25268389318941,19.01095797105456,7.824903727080546,13.417930849067552,lat_pulldown_2,485
102.04015132397406,95.50737824646575,98.7737647852199,19.432075312456483,8.487942380585528,13.960008846521006,lat_pulldown_2,486
96.96553538020619,96.96215588667957,96.96384563344287,18.531734600205965,9.362720531961964,13.947227566083964,lat_pulldown_2,487
92.12727283652673,84.15360597088471,88.14043940370573,16.743623811522994,9.795101657327379,13.269362734425187,lat_pulldown_2,488
90.4075582489454,86.86657273688068,88.63706549291305,16.364776722783677,9.638121582259755,13.001449152521715,lat_pulldown_2,489
88.50930781373557,86.87928507116251,87.69429644244904,15.658487118797233,10.214284231982274,12.936385675389754,lat_pulldown_2,490
90.47977985557976,90.6315172920528,90.55564857381628,17.671608393697383,9.633293786526917,13.65245109011215,lat_pulldown_2,491
81.23476573748718,84.48962512093023,82.8621954292087,19.18985491196081,8.336515265337725,13.76318508864927,lat_pulldown_2,492
82.89879195297826,84.90667811362955,83.90273503330391,18.700383778167403,8.191998009449758,13.44619089380858,lat_pulldown_2,493
83.07382569338877,85.87412767606973,84.47397668472925,18.72222853572141,9.38896258868129,14.05559556220135,lat_pulldown_2,494
99.587675077368,93.30758012511205,96.44762760124003,20.31500368719531,11.627438669577062,15.971221178386187,lat_pulldown_2,495
90.71648584532066,88.18274472428203,89.44961528480135,20.743188512310397,10.6710753271481,15.70713191972925,lat_pulldown_2,496
90.85432300393225,89.38551296395502,90.11991798394364,22.925369213964547,10.294854888148514,16.610112051056532,lat_pulldown_2,497
57.40958790908246,56.00551102789936,56.70754946849091,15.379280553714443,9.576692774462291,12.477986664088366,lat_pulldown_2,498
64.22496688798806,79.63139718706073,71.9281820375244,16.36062267125617,10.13021103549718,13.245416853376675,lat_pulldown_2,499
69.1388919792107,87.20113082381108,78.17001140151089,19.288691838271443,10.30779752765075,14.798244682961098,lat_pulldown_2,500
70.6181323532327,87.5554196843188,79.08677601877575,18.76189796450925,10.541927354086043,14.651912659297647,lat_pulldown_2,501
71.86227063940633,96.83254713863549,84.34740888902091,9.784085519908313,10.640011562318179,10.212048541113246,lat_pulldown_2,502
71.50296717043464,83.00023465997037,77.25160091520252,19.134302447544275,7.423126014757485,13.27871423115088,lat_pulldown_2,503
35.37362138118553,11.13911527564428,23.256368328414904,12.733178215727515,6.446440950406493,9.589809583067003,lat_pulldown_2,504
84.29525664515025,92.80430620294811,88.54978142404917,19.046458321899742,13.441985588578948,16.244221955239347,lat_pulldown_2,505
70.17496651170023,96.66854386877276,83.4217551902365,16.67443203702938,14.788572574275367,15.731502305652374,lat_pulldown_2,506
70.98094323280529,92.51818525027682,81.74956424154105,17.292698299498586,15.824732872012667,16.55871558575563,lat_pulldown_2,507
83.91368431206382,93.42777876975487,88.67073154090934,15.797953028811317,15.868858370171724,15.833405699491522,lat_pulldown_2,508
84.8406229805423,95.03223906768187,89.9364310241121,15.669353127166353,15.394815710526313,15.532084418846333,lat_pulldown_2,509
76.36108137284552,91.15618616345596,83.75863376815073,15.740583391812393,15.948658217276742,15.844620804544569,lat_pulldown_2,510
72.43904921609831,81.40291770619659,76.92098346114744,16.684023350255337,15.429533450203921,16.05677840022963,lat_pulldown_2,511
70.36217665326987,78.79995093127675,74.58106379227331,17.946663847122483,13.761810094707025,15.854236970914755,lat_pulldown_2,512
72.37853761280203,77.04955895521252,74.71404828400728,17.3550154998932,12.317059579782903,14.83603753983805,lat_pulldown_2,513
76.50506593386277,79.55289714142955,78.02898153764616,17.16551087477165,12.083240784848583,14.624375829810116,lat_pulldown_2,514
80.97175740719409,83.7341948587574,82.35297613297575,17.221878272886713,12.002486866181728,14.61218256953422,lat_pulldown_2,515
81.64183256655949,87.29156459405182,84.46669858030566,16.35283681715141,11.758249030237168,14.05554292369429,lat_pulldown_2,516
85.23697787073976,91.12508414110344,88.1810310059216,16.77757656359964,11.63996304950155,14.208769806550595,lat_pulldown_2,517
89.11541617511244,92.77965101639768,90.94753359575506,18.113354454149913,14.792411948889077,16.452883201519494,lat_pulldown_2,518
85.61004886915573,91.07613150445694,88.34309018680634,17.60410921572812,16.886842195261465,17.24547570549479,lat_pulldown_2,519
92.24709104289339,98.72486785463082,95.4859794487621,18.558321005906002,18.17871862010213,18.368519813004067,lat_pulldown_2,520
91.84259675431518,97.18345767335228,94.51302721383374,17.605039163657107,14.799206870623765,16.202123017140437,lat_pulldown_2,521
94.45707587551124,99.28076131556759,96.86891859553941,17.941826315343942,15.567921261738173,16.754873788541058,lat_pulldown_2,522
95.63450328885887,101.69228208199917,98.66339268542902,17.905564264817688,15.33576382859948,16.620664046708583,lat_pulldown_2,523
100.54609369219513,101.49745657828555,101.02177513524035,18.208562610074228,13.696081002051814,15.952321806063022,lat_pulldown_2,524
102.27447309444662,101.44841933712502,101.86144621578582,18.171717407132626,11.677426547056067,14.924571977094345,lat_pulldown_2,525
103.02448988280327,102.28192351213369,102.65320669746848,18.06565124249414,11.733418351477741,14.899534796985941,lat_pulldown_2,526
106.37250301332216,103.43901112888511,104.90575707110364,17.079012894787287,11.970009547779748,14.524511221283518,lat_pulldown_2,527
109.35624965928896,104.80858441783948,107.08241703856422,17.355230834293902,12.298512025005806,14.826871429649854,lat_pulldown_2,528
111.46046502514555,106.61277975162781,109.03662238838669,20.028696025721626,12.626071366758682,16.327383696240155,lat_pulldown_2,529
114.4422368006855,114.42310034149432,114.43266857108992,20.281698163070203,11.211202380721273,15.746450271895739,lat_pulldown_2,530
119.02920781021184,146.9783634106428,133.00378561042731,21.9967603571321,10.996488629400737,16.496624493266417,lat_pulldown_2,531
121.55087214679081,125.59196121498664,123.57141668088872,21.78642665452959,9.769643064355272,15.77803485944243,lat_pulldown_2,532
126.34455273688968,135.23052032336983,130.78753653012976,23.495778808917215,6.816880403483525,15.15632960620037,lat_pulldown_2,533
128.2525109933203,162.58146152123703,145.41698625727867,22.849659781842263,9.45855517700224,16.15410747942225,lat_pulldown_2,534
132.94961497798417,169.6236252753672,151.2866201266757,22.293789139738163,7.213397809198624,14.753593474468394,lat_pulldown_2,535
134.92116943357792,144.75526801440407,139.838218723991,21.26736974824395,7.9784010604913265,14.622885404367638,lat_pulldown_2,536
137.166765580715,141.51448191064893,139.34062374568197,19.638788725768308,7.34291431048871,13.490851518128508,lat_pulldown_2,537
139.60575641097196,143.54654718128282,141.5761517961274,19.762777740918516,5.090875596984911,12.426826668951714,lat_pulldown_2,538
142.65747551806615,147.29952916423042,144.97850234114827,19.8742812444273,6.178112296491893,13.026196770459597,lat_pulldown_2,539
151.71644873865077,155.8994547714204,153.8079517550356,19.875309596730197,5.997106547094911,12.936208071912555,lat_pulldown_2,540
149.27438444875247,154.485168602128,151.87977652544023,16.01753251955667,4.4394557585843755,10.228494139070524,lat_pulldown_2,541
150.08592005446968,164.1598221938084,157.12287112413904,17.4455317048237,5.443832894759462,11.44468229979158,lat_pulldown_2,542
179.58980697158464,155.159354746553,167.37458085906883,4.907054371341774,4.607972503490943,4.757513437416359,lat_pulldown_2,543
162.7816378723197,169.87223033195232,166.32693410213602,10.882287278417214,0.4646126164691936,5.673449947443204,lat_pulldown_2,544
166.85171682523438,151.96152914802755,159.40662298663096,2.2584948757244083,10.169481384815438,6.213988130269923,lat_pulldown_2,545
129.23805084620406,75.37365554507632,102.3058531956402,3.2359393967204326,6.43190574016826,4.833922568444347,lat_pulldown_2,546
152.13252712132257,145.22948009524006,148.68100360828132,5.25036538608748,12.1837326055288,8.71704899580814,lat_pulldown_2,547
146.57093053113573,166.08285726184786,156.3268938964918,8.170263878993776,8.854354656149308,8.512309267571542,lat_pulldown_2,548
149.01208849662086,145.3655376255599,147.1888130610904,19.925889760224994,5.252961660690906,12.58942571045795,lat_pulldown_2,549
147.2078225800718,158.87454647037643,153.0411845252241,21.631341203637824,0.289851360882073,10.960596282259948,lat_pulldown_2,550
141.19446625520214,132.45327804629423,136.82387215074817,21.03579026181419,3.368452021662178,12.202121141738184,lat_pulldown_2,551
139.40710800398293,126.69166528747712,133.04938664573,19.78932459762139,3.2049729831503364,11.497148790385864,lat_pulldown_2,552
136.56537698744336,131.1835574196362,133.87446720353978,19.402802997951806,2.4530408235272945,10.92792191073955,lat_pulldown_2,553
128.49451309897742,120.77478798323833,124.63465054110787,17.53916211250875,1.112718910850396,9.325940511679573,lat_pulldown_2,554
120.34901162392096,161.5638493208818,140.95643047240137,15.311101478903247,2.2512589574295387,8.781180218166392,lat_pulldown_2,555
112.72475720246726,116.39516960633745,114.55996340440235,12.380407127920254,4.224483885975002,8.302445506947628,lat_pulldown_2,556
107.13768646528386,109.9131143291408,108.52540039721234,12.64754970973198,3.308175357145066,7.977862533438523,lat_pulldown_2,557
99.2487474420032,94.05914934357975,96.65394839279148,12.65862336834093,7.700439691727665,10.179531530034296,lat_pulldown_2,558
97.04023558960185,93.13682581062392,95.08853070011288,13.678070211804515,7.802142349931212,10.740106280867863,lat_pulldown_2,559
92.66390433933557,96.8714566242001,94.76768048176784,13.144041883079261,6.0759518808700745,9.609996881974668,lat_pulldown_2,560
117.18929375289764,120.59284470965304,118.89106923127534,13.600262690945657,7.946918163077869,10.773590427011763,lat_pulldown_2,561
55.718320876004185,174.714130980699,115.21622592835159,5.86253558852713,14.455438754961337,10.158987171744233,lat_pulldown_2,562
67.68678310064982,9.16398688504294,38.42538499284638,6.089681159289419,5.641823355422851,5.865752257356135,lat_pulldown_2,563
88.05596129686009,91.30601675925874,89.68098902805941,23.06125308674601,8.622036123838479,15.841644605292245,lat_pulldown_2,564
82.59468424679334,92.5493174923549,87.57200086957411,25.13563091401802,9.82722138102492,17.481426147521468,lat_pulldown_2,565
74.37596856216685,89.01339229515789,81.69468042866237,21.405291722821136,10.310433334088824,15.85786252845498,lat_pulldown_2,566
74.61894983936884,87.16568911661045,80.89231947798964,20.327924100267882,9.40830507383209,14.868114587049986,lat_pulldown_2,567
68.68106618607281,86.40809722861995,77.54458170734638,20.74243441617842,8.795679700675496,14.769057058426958,lat_pulldown_2,568
68.28260027313931,93.52286069280154,80.90273048297043,16.04237355946514,8.373024243511255,12.207698901488197,lat_pulldown_2,569
77.33116380284281,98.07103560281618,87.7010997028295,17.15900922878469,7.7343470921548825,12.446678160469787,lat_pulldown_2,570
74.78455972154688,99.49876686994611,87.1416632957465,15.997862345234214,10.142895877395016,13.070379111314615,lat_pulldown_2,571
74.13625089767851,94.46888488052171,84.30256788910012,17.113762931450456,11.2852108724197,14.199486901935078,lat_pulldown_2,572
44.40342883020363,35.70504724095027,40.05423803557695,3.40738807968486,10.312477392616353,6.859932736150607,lat_pulldown_2,573
82.61347936524443,78.73399263979631,80.67373600252037,10.818164838512244,9.488762718706823,10.153463778609535,lat_pulldown_2,574
89.30113104051995,87.23569627126038,88.26841365589016,14.867517007703947,12.783207343143177,13.825362175423562,lat_pulldown_2,575
103.45944154037385,12.796548888763029,58.127995214568436,18.738648204415842,12.882770296897474,15.810709250656657,lat_pulldown_2,576
26.69784489010367,94.87709295411322,60.787468922108445,10.424070925137457,6.8425700516735475,8.633320488405502,lat_pulldown_2,577
86.51936884145981,89.78167054788979,88.1505196946748,16.584451508969565,12.737137977402403,14.660794743185985,lat_pulldown_2,578
82.99035588206475,89.64554968896036,86.31795278551255,15.504093368693795,12.558926893652176,14.031510131172986,lat_pulldown_2,579
79.49329129501506,84.96056603502659,82.22692866502082,15.722693048909603,12.464734058675502,14.093713553792552,lat_pulldown_2,580
74.92328439614707,80.05091813131891,77.487101263733,17.0114604240754,11.925509867478121,14.46848514577676,lat_pulldown_2,581
76.09083460303206,89.15778262686457,82.62430861494832,17.897499161166508,8.884694201709486,13.391096681437997,lat_pulldown_2,582
70.55848332063907,82.20796270154445,76.38322301109176,17.030786924852404,9.989807843514795,13.510297384183598,lat_pulldown_2,583
71.15200768333567,83.70754820590875,77.4297779446222,16.91951393210423,10.287112185625329,13.60331305886478,lat_pulldown_2,584
71.53116816079637,84.32615983109108,77.92866399594372,16.242504243911686,10.48493318808878,13.363718716000232,lat_pulldown_2,585
71.17732325473132,86.33167792782535,78.75450059127834,16.530597514397364,10.794924354622097,13.66276093450973,lat_pulldown_2,586
71.99906005062594,87.23752692422279,79.61829348742437,16.348181837125715,11.408166136647637,13.878173986886676,lat_pulldown_2,587
71.72090963737432,90.09112905199935,80.90601934468683,16.30660984359062,11.130279471188887,13.718444657389753,lat_pulldown_2,588
71.88026178827131,87.0543966131638,79.46732920071756,16.58250353164362,11.17886467483147,13.880684103237545,lat_pulldown_2,589
76.79087860717863,86.85875164305588,81.82481512511725,16.432080999233275,11.535883439978507,13.983982219605892,lat_pulldown_2,590
80.40821626311353,89.47870289595495,84.94345957953425,15.826861309908644,11.525165069014323,13.676013189461482,lat_pulldown_2,591
82.24714153950472,90.36253511907371,86.30483832928923,15.508814056611781,11.620954804447717,13.564884430529748,lat_pulldown_2,592
85.87951690909304,90.79011912034554,88.33481801471929,15.252203024611019,12.105915007624402,13.67905901611771,lat_pulldown_2,593
87.50199256677925,92.87725376983389,90.18962316830657,15.162679948030956,12.297577705664054,13.730128826847505,lat_pulldown_2,594
87.85735083887235,94.02956374130821,90.94345729009028,15.196029234819012,12.336099796882177,13.766064515850594,lat_pulldown_2,595
90.09220048607858,95.0700514847536,92.5811259854161,14.659139191037813,12.381322156803297,13.520230673920555,lat_pulldown_2,596
92.98541489492492,98.84962486601188,95.9175198804684,14.594005138814754,12.274664525106811,13.434334831960783,lat_pulldown_2,597
97.99569264028182,101.41220391776153,99.70394827902167,13.912341410236804,13.46004279955612,13.686192104896463,lat_pulldown_2,598
100.47601675597495,103.32634625104538,101.90118150351017,17.469938155855658,13.493300548823981,15.48161935233982,lat_pulldown_2,599
104.11484132557213,109.89214577703825,107.00349355130518,18.381512485915525,10.938721985240207,14.660117235577866,lat_pulldown_2,600
108.87969000761088,114.08290040382323,111.48129520571706,18.230272410356253,10.65762285369165,14.443947632023953,lat_pulldown_2,601
112.67044086515966,117.86228470688903,115.26636278602435,17.841304380119936,10.659555605578724,14.25042999284933,lat_pulldown_2,602
116.56973780214838,121.2027999972018,118.88626889967509,17.704669670357134,10.60117832776288,14.152923999060008,lat_pulldown_2,603
123.4106247695448,124.81677672933796,124.11370074944138,18.119356616128368,10.27836293016171,14.198859773145038,lat_pulldown_2,604
127.79999119862144,127.94098911427179,127.8704901564466,17.524403771269366,10.472483845068654,13.99844380816901,lat_pulldown_2,605
129.25045740738904,130.5384492064984,129.89445330694372,16.2185316117443,10.855021608581739,13.53677661016302,lat_pulldown_2,606
130.10837599851806,132.77764586114247,131.44301092983028,17.501347128195146,9.421538490532113,13.461442809363628,lat_pulldown_2,607
133.36283193681496,134.61013658406935,133.98648426044215,17.291186243712,8.76937082435553,13.030278534033766,lat_pulldown_2,608
135.81463431365012,136.62525956781602,136.21994694073305,18.106644560269775,8.862970517845417,13.484807539057595,lat_pulldown_2,609
142.43030263170803,136.93372103752031,139.68201183461417,17.85290651033384,8.966344364356761,13.4096254373453,lat_pulldown_2,610
143.60783581990538,138.790118109134,141.1989769645197,16.09780314611208,9.485832545876809,12.791817845994444,lat_pulldown_2,611
145.69026098657147,141.99006781641285,143.84016440149216,15.562713504445872,10.132790673314604,12.847752088880238,lat_pulldown_2,612
146.1361794895228,144.1795242288861,145.15785185920444,13.956865254217988,10.158687336925817,12.057776295571902,lat_pulldown_2,613
145.80002059554104,145.3915789459153,145.59579977072818,12.897819608968248,10.24813818338304,11.572978896175645,lat_pulldown_2,614
146.555809130457,146.10573705344007,146.33077309194852,12.944647427488114,9.887792006085284,11.4162197167867,lat_pulldown_2,615
147.86252827449417,146.12451812590498,146.99352320019958,13.00606038195356,10.478325625182666,11.742193003568113,lat_pulldown_2,616
147.6939196257425,146.15318551237038,146.92355256905643,13.017700391378494,10.621798088369317,11.819749239873905,lat_pulldown_2,617
147.4134235830871,146.44793538059082,146.93067948183898,13.03327633598706,10.255244890940725,11.644260613463892,lat_pulldown_2,618
148.57898149580322,147.51416326195684,148.04657237888003,13.272888942290667,9.651322907572316,11.462105924931492,lat_pulldown_2,619
148.47856221867104,147.52955110942415,148.0040566640476,13.360421288867371,9.531081476038981,11.445751382453176,lat_pulldown_2,620
148.7422960540308,147.5278404220889,148.13506823805983,13.585144867031335,9.311844069902849,11.448494468467093,lat_pulldown_2,621
146.69090191498773,147.2983893260872,146.99464562053748,13.834366669961762,9.087111982437957,11.46073932619986,lat_pulldown_2,622
144.4413537340686,142.47230252296828,143.45682812851845,13.87257173757543,9.277944317747954,11.575258027661693,lat_pulldown_2,623
140.90617369430964,137.06792227051716,138.9870479824134,13.522972421394089,9.541720467680209,11.532346444537149,lat_pulldown_2,624
138.06137335265424,131.1908069216306,134.62609013714243,13.326507604591628,9.672668818713781,11.499588211652704,lat_pulldown_2,625
134.91987016826437,125.5914236962764,130.2556469322704,13.303974381225345,9.721795086761809,11.512884733993577,lat_pulldown_2,626
129.13321162509578,122.50132398512076,125.81726780510827,12.950009837223917,9.605203357621965,11.277606597422942,lat_pulldown_2,627
120.05530489769899,118.62596546418266,119.34063518094082,13.754846278008847,9.939241190672389,11.847043734340618,lat_pulldown_2,628
109.68421273787685,103.36819075471715,106.526201746297,15.448647596292517,11.330740449858705,13.389694023075611,lat_pulldown_2,629
102.01250737614949,91.47947071932259,96.74598904773603,15.877652769607996,11.607077755536487,13.742365262572243,lat_pulldown_2,630
97.73834558545619,90.5041273058934,94.1212364456748,15.722535729182287,11.051957279372624,13.387246504277456,lat_pulldown_2,631
93.6576492979534,89.02069398992853,91.33917164394097,15.899401898802617,10.043933385020752,12.971667641911685,lat_pulldown_2,632
86.4411359843178,85.31606002491873,85.87859800461825,15.544325769605665,10.93158482177958,13.237955295692622,lat_pulldown_2,633
80.48703778524194,82.27490337128415,81.38097057826305,14.779826945316493,12.841263372334277,13.810545158825384,lat_pulldown_2,634
77.12466087202824,79.22282740356091,78.17374413779459,15.436849340088445,11.324627458177815,13.38073839913313,lat_pulldown_2,635
73.69750773322811,79.27184283069462,76.48467528196136,15.782636514956714,11.608544518208332,13.695590516582524,lat_pulldown_2,636
73.27786333926824,77.86776191585135,75.57281262755978,16.010331842878585,11.869680787057943,13.940006314968265,lat_pulldown_2,637
74.25982372768031,75.67103239454345,74.96542806111188,16.535790048755917,11.166877732692242,13.85133389072408,lat_pulldown_2,638
76.59582062388911,77.70662765198222,77.15122413793566,17.209828140139596,11.253522851062332,14.231675495600964,lat_pulldown_2,639
76.1717001308684,77.58278204379388,76.87724108733114,17.43430738703565,11.205529040178137,14.319918213606893,lat_pulldown_2,640
78.98479256721504,81.46848857449896,80.226640570857,17.895447882788005,11.401523858650794,14.6484858707194,lat_pulldown_2,641
85.9290144915003,88.70697707671314,87.31799578410673,18.72277650356626,11.702342070560615,15.212559287063437,lat_pulldown_2,642
87.14111844447709,88.33862360763392,87.73987102605551,17.93435503780019,11.816799545521377,14.875577291660784,lat_pulldown_2,643
85.21914770183609,86.81558165103696,86.01736467643653,16.927979928283193,12.137898283490717,14.532939105886955,lat_pulldown_2,644
86.66776527779474,88.09683931476948,87.38230229628212,16.351948637269032,12.433773650600129,14.392861143934581,lat_pulldown_2,645
88.19627467259443,90.9325564164181,89.56441554450626,16.259347070588436,12.466593049506455,14.362970060047445,lat_pulldown_2,646
90.65176125492863,90.40468252268984,90.52822188880924,16.373247193855583,12.767218045499298,14.57023261967744,lat_pulldown_2,647
91.62613862629692,91.02884570256114,91.32749216442903,15.819214643657011,12.798351926940322,14.308783285298666,lat_pulldown_2,648
92.92141609440067,90.13498846377617,91.52820227908842,15.76850981134518,12.393248795990067,14.080879303667622,lat_pulldown_2,649
92.94114023518308,90.21373171772694,91.577435976455,15.62015747313245,12.334255942248094,13.977206707690272,lat_pulldown_2,650
93.00008237723408,87.6022685418207,90.3011754595274,15.43130133048618,12.09450443852097,13.762902884503575,lat_pulldown_2,651
90.9995417967352,86.78461494257701,88.8920783696561,15.657556521777181,12.092992240371117,13.87527438107415,lat_pulldown_2,652
87.87038409482459,85.7743472956533,86.82236569523894,15.591010984846463,12.274570385535787,13.932790685191126,lat_pulldown_2,653
82.06131736885199,77.36111763977742,79.7112175043147,16.21795889545361,12.290954725824045,14.254456810638828,lat_pulldown_2,654
79.79727940025505,72.09012548654346,75.94370244339925,16.360752998968966,12.109626991620496,14.235189995294732,lat_pulldown_2,655
84.40043467165869,75.46722182924931,79.933828250454,16.185971102607223,11.87994404431143,14.032957573459326,lat_pulldown_2,656
86.30143015106306,78.1729159900552,82.23717307055912,15.971042889403106,11.284084896831272,13.62756389311719,lat_pulldown_2,657
86.31972161941759,78.98167480785335,82.65069821363548,15.692241543579959,10.930983104168318,13.311612323874138,lat_pulldown_2,658
86.94854259314938,82.64723473290914,84.79788866302925,15.558483896988891,10.591757201397495,13.075120549193194,lat_pulldown_2,659
81.82323516638253,85.60520802402377,83.71422159520316,14.837659823296642,10.933802553498971,12.885731188397806,lat_pulldown_2,660
79.34080408259011,89.21997016825956,84.28038712542484,14.607340545124831,11.408684046648322,13.008012295886576,lat_pulldown_2,661
81.25803418973776,87.73325691306961,84.49564555140368,14.632996382082382,11.61659966339847,13.124798022740425,lat_pulldown_2,662
80.46922583127704,87.67293495893685,84.07108039510695,14.270707220639531,11.970861648111566,13.120784434375548,lat_pulldown_2,663
81.28664676343854,88.88193455712454,85.08429066028154,13.64685502531977,11.886603247089928,12.766729136204848,lat_pulldown_2,664
84.81971969682678,88.70384730239613,86.76178349961145,13.573672011305637,10.948350449095704,12.26101123020067,lat_pulldown_2,665
86.32475823783979,89.15211179849155,87.73843501816566,13.88970816026398,10.690802532184238,12.290255346224109,lat_pulldown_2,666
86.8423103734615,88.86136970297753,87.8518400382195,14.030579543361068,9.572605532332348,11.801592537846709,lat_pulldown_2,667
89.26271503611426,90.23646525334857,89.74959014473141,14.580431823568107,8.70387932428129,11.642155573924699,lat_pulldown_2,668
90.81081563876755,96.36255135660275,93.58668349768516,15.381508339918405,7.841379916566234,11.611444128242319,lat_pulldown_2,669
92.20694584485146,99.69184375544967,95.94939480015057,17.555885559281332,7.199285914431742,12.377585736856537,lat_pulldown_2,670
94.44715810920371,103.69053694018163,99.06884752469267,17.985969383090005,7.304562979611848,12.645266181350927,lat_pulldown_2,671
97.3442985023216,106.89069479439286,102.11749664835723,17.994478139758545,7.879824363406753,12.937151251582648,lat_pulldown_2,672
102.41585940074184,111.17723265844708,106.79654602959445,18.660483702900954,7.846562011324468,13.253522857112712,lat_pulldown_2,673
110.76210180103807,115.63116409327239,113.19663294715522,18.513314306739368,8.633019111111102,13.573166708925235,lat_pulldown_2,674
114.40360285641431,117.5331712884221,115.96838707241821,18.05577159771041,8.659951673965457,13.357861635837935,lat_pulldown_2,675
118.0464357026303,121.40301154893447,119.72472362578239,17.842072478245246,8.306228468264097,13.074150473254672,lat_pulldown_2,676
122.78186592518126,124.3384431120993,123.56015451864027,19.949677977417966,7.907920174159679,13.928799075788824,lat_pulldown_2,677
129.42717536099101,128.86365770907406,129.14541653503255,18.814782657844116,7.005146037950902,12.909964347897509,lat_pulldown_2,678
133.93387960410092,130.94936968528478,132.44162464469287,17.991292421533142,6.952816262459286,12.472054341996214,lat_pulldown_2,679
138.77403535975316,137.3543869447113,138.06421115223225,15.418001441571704,5.983015964395969,10.700508702983836,lat_pulldown_2,680
142.5418619698165,142.2286329397793,142.38524745479788,14.090462103156707,7.90094406243767,10.995703082797188,lat_pulldown_2,681
145.2100274632996,152.90850459657435,149.05926602993696,15.492608001382916,9.336305013951705,12.41445650766731,lat_pulldown_2,682
150.2145035036826,154.16151977584798,152.1880116397653,16.569450847728124,6.913114639134041,11.741282743431082,lat_pulldown_2,683
156.60884424982976,155.81388904937,156.21136664959988,17.1730058902305,7.039616708992523,12.10631129961151,lat_pulldown_2,684
155.42512915457766,154.9562581562663,155.19069365542197,17.234590800623312,4.927559736338844,11.081075268481078,lat_pulldown_2,685
156.40958072388543,154.68399881422488,155.54678976905515,16.653204785333433,4.964520940735679,10.808862863034555,lat_pulldown_2,686
156.93450573146634,153.41086373497635,155.17268473322133,14.988565145987407,4.1035005608893265,9.546032853438366,lat_pulldown_2,687
158.15055913535957,152.91790966509467,155.53423440022712,14.58026829859102,3.5640018444537187,9.07213507152237,lat_pulldown_2,688
158.54749960808817,152.56590104019793,155.55670032414304,11.119172730001296,3.7596947376383834,7.43943373381984,lat_pulldown_2,689
158.13990084256582,153.02874606148825,155.58432345202704,12.217409274595235,4.292045219279814,8.254727246937524,lat_pulldown_2,690
157.63328850427897,152.91491082009307,155.27409966218602,12.75297194404107,4.219312008735604,8.486141976388337,lat_pulldown_2,691
155.153296922899,150.93862339691012,153.04596015990455,13.200701649093368,4.661025886168368,8.930863767630868,lat_pulldown_2,692
153.35234143294483,145.15385510217408,149.25309826755944,13.309701871869528,5.071896100298429,9.190798986083978,lat_pulldown_2,693
148.67545942115004,142.30084220381895,145.4881508124845,13.249743043220663,5.923341196367032,9.586542119793847,lat_pulldown_2,694
142.7070874293909,140.21342311318628,141.4602552712886,13.779445064260349,5.863234858733701,9.821339961497024,lat_pulldown_2,695
137.50361833126544,132.95762531085597,135.2306218210607,14.161596724322843,5.892440136429379,10.02701843037611,lat_pulldown_2,696
129.05030212889523,124.83937593371854,126.94483903130688,13.713941516458569,6.033587650781478,9.873764583620023,lat_pulldown_2,697
119.27769981822365,115.76181852889115,117.5197591735574,13.667962209374346,6.090374631408937,9.879168420391641,lat_pulldown_2,698
110.05976194205623,112.232019891065,111.1458909165606,14.199930768736325,6.146857454771446,10.173394111753886,lat_pulldown_2,699
101.32218132789941,104.7173965770269,103.01978895246316,13.647551133124828,6.909241982136219,10.278396557630524,lat_pulldown_2,700
99.06191636009363,96.35644475639134,97.70918055824248,13.594579193355571,7.694710546325179,10.644644869840375,lat_pulldown_2,701
95.04395133186101,93.30681703949705,94.17538418567904,13.620340985071804,9.523601504973024,11.571971245022414,lat_pulldown_2,702
88.58125590036609,85.21792030666381,86.89958810351496,13.952270644372508,9.419687637405138,11.685979140888822,lat_pulldown_2,703
80.00940623441493,79.80410528268101,79.90675575854797,14.091434186659512,9.248015920254106,11.669725053456808,lat_pulldown_2,704
72.98772902267972,76.54073912792762,74.76423407530368,13.716397704580595,9.395174725657382,11.555786215118989,lat_pulldown_2,705
72.46563171841954,75.63480209881722,74.05021690861838,14.119408601894987,9.348902622778649,11.734155612336817,lat_pulldown_2,706
71.22100262399816,72.30079050402124,71.7608965640097,14.576388716499064,9.567422755867561,12.071905736183313,lat_pulldown_2,707
70.25898199989518,71.45422195898428,70.85660197943973,15.119486777980638,9.934691482232537,12.527089130106589,lat_pulldown_2,708
74.39049763521285,73.41939975809106,73.90494869665196,16.103315494466848,9.470897081675862,12.787106288071355,lat_pulldown_2,709
81.64639697432246,77.64054523944398,79.64347110688323,17.07319864795946,9.58866914988806,13.33093389892376,lat_pulldown_2,710
86.8780133714527,82.11860757141645,84.49831047143456,18.441107814472957,9.727890306712487,14.084499060592723,lat_pulldown_2,711
63.47171834906792,39.64043266413831,51.556075506603115,8.078510281449235,5.597113791083862,6.837812036266548,lat_pulldown_2,712
95.9515520795932,58.23704945913828,77.09430076936573,9.52560704134791,3.7845121731091163,6.655059607228513,lat_pulldown_2,713
48.83883087650097,10.526457726475346,29.68264430148816,9.264505461264928,3.346810385041489,6.305657923153209,lat_pulldown_2,714
88.08014266108485,84.331106676419,86.20562466875192,19.713944142773972,23.51466178719061,21.614302964982294,lat_pulldown_2,715
89.1267636300321,83.03902625970352,86.0828949448678,15.643231541565001,9.155639104688605,12.399435323126802,lat_pulldown_2,716
98.60330499457376,90.37206507689574,94.48768503573476,17.950150500435623,14.726746759118972,16.338448629777297,lat_pulldown_2,717
93.14295403841128,89.94447388599642,91.54371396220384,17.540161410407634,13.427098102706553,15.483629756557093,lat_pulldown_2,718
88.58354166338036,89.73357489719244,89.1585582802864,18.10063805824089,12.21216659355282,15.156402325896854,lat_pulldown_2,719
85.15242907552916,89.96922525209355,87.56082716381135,17.315332675180407,12.310217044015076,14.812774859597742,lat_pulldown_2,720
87.32721272252557,86.1507853946069,86.73899905856624,16.77296843529433,12.062720073982709,14.41784425463852,lat_pulldown_2,721
84.33809564254786,85.27186700399277,84.80498132327031,17.6274388795386,11.56493418841686,14.59618653397773,lat_pulldown_2,722
83.86703317834203,90.58680965494366,87.22692141664285,19.22771030109865,12.098655634869868,15.663182967984259,lat_pulldown_2,723
81.38445237954114,81.28993571248606,81.3371940460136,19.26605642367814,11.833847296115453,15.549951859896797,lat_pulldown_2,724
80.02881845960921,78.82824010637113,79.42852928299017,18.582341522275485,11.18012897375076,14.881235248013123,lat_pulldown_2,725
80.69280584338001,78.6532798656081,79.67304285449406,17.55386117292788,11.014511210787065,14.284186191857472,lat_pulldown_2,726
83.51331270041878,78.04380303893748,80.77855786967814,16.78686338139011,11.276833290647719,14.031848336018914,lat_pulldown_2,727
83.71839454116297,77.77340327795056,80.74589890955676,16.623432296524022,11.30622336620797,13.964827831365996,lat_pulldown_2,728
85.8279712604165,78.47159399998064,82.14978263019857,16.066274711334227,11.475349887570058,13.770812299452142,lat_pulldown_2,729
84.53902876748147,79.1232420231243,81.83113539530288,15.643599390473597,11.625826662043155,13.634713026258375,lat_pulldown_2,730
81.94158189137934,82.64297671811632,82.29227930474784,15.253833094239438,11.473188055558715,13.363510574899077,lat_pulldown_2,731
80.11263285287511,85.61962182991698,82.86612734139604,15.394970097602247,11.287736355330132,13.34135322646619,lat_pulldown_2,732
79.7407549760349,89.26902325370428,84.5048891148696,15.144316089335042,11.18784951972197,13.166082804528507,lat_pulldown_2,733
79.20365617116073,87.34026953154657,83.27196285135365,14.625685838287149,10.684342011229905,12.655013924758528,lat_pulldown_2,734
81.77591389932888,85.45856432565506,83.61723911249197,13.135852049173355,10.544130087446234,11.839991068309795,lat_pulldown_2,735
84.8905145172726,87.50679589585795,86.19865520656528,13.4970527285154,9.954768978577839,11.725910853546619,lat_pulldown_2,736
87.41426490058271,88.29273614279975,87.85350052169123,14.266625809926486,9.463473449298425,11.865049629612455,lat_pulldown_2,737
90.2449373795303,88.35901196105476,89.30197467029254,14.62385415399423,9.578334865578777,12.101094509786503,lat_pulldown_2,738
92.26290261809639,91.01638862861108,91.63964562335374,17.711594338545186,11.109880646215093,14.41073749238014,lat_pulldown_2,739
93.05915642894546,93.58166415460045,93.32041029177296,17.588424077928046,10.539860031987702,14.064142054957873,lat_pulldown_2,740
92.04197946148379,96.44399722872396,94.24298834510387,17.349266760974857,10.581727444042812,13.965497102508834,lat_pulldown_2,741
93.31827412713874,99.39984401386369,96.35905907050122,17.643606266095514,10.468455016408019,14.056030641251766,lat_pulldown_2,742
96.9783908287935,101.21733226404609,99.0978615464198,20.604446559715758,9.315793943686412,14.960120251701085,lat_pulldown_2,743
102.845804535756,104.6969354143258,103.7713699750409,20.961549605631465,9.044070709614404,15.002810157622935,lat_pulldown_2,744
103.7618712207869,109.739889766419,106.75088049360295,21.004295727325903,8.293678467142907,14.648987097234405,lat_pulldown_2,745
106.24957601372682,113.6282149022849,109.93889545800586,21.12110161555833,8.61330846183902,14.867205038698675,lat_pulldown_2,746
109.23757494051117,116.97661167061932,113.10709330556524,20.554389751649477,8.770371699025901,14.66238072533769,lat_pulldown_2,747
112.68775188865852,127.78221144159224,120.23498166512539,20.72897281342929,8.492071381372782,14.610522097401036,lat_pulldown_2,748
117.34488619835508,131.10569884917123,124.22529252376316,19.754883723945376,8.49339228428782,14.124138004116599,lat_pulldown_2,749
125.97904050541122,133.51126646530247,129.74515348535684,18.1178161251184,7.698860395414854,12.908338260266627,lat_pulldown_2,750
128.77920503962042,136.43606417435322,132.60763460698684,16.00211142129206,7.346944188591833,11.674527804941947,lat_pulldown_2,751
134.80236725305497,142.0566264485961,138.42949685082553,13.850959534198678,7.086307258992499,10.468633396595589,lat_pulldown_2,752
138.33698179304466,143.39905975974145,140.86802077639305,14.068687103821208,6.530751061458946,10.299719082640078,lat_pulldown_2,753
142.23479345425196,150.20610121464446,146.2204473344482,13.613391395613617,5.990298840447445,9.801845118030531,lat_pulldown_2,754
144.97682571252838,150.4075653947683,147.69219555364833,13.445980628075823,6.145302634487248,9.795641631281535,lat_pulldown_2,755
148.08478553007402,151.22869028604921,149.65673790806161,13.385456318988787,6.226958896463142,9.806207607725964,lat_pulldown_2,756
150.0990864187865,150.68650354743332,150.39279498310992,12.030090214125032,6.7005425240815555,9.365316369103294,lat_pulldown_2,757
151.06795618416723,149.84479722514612,150.4563767046567,11.448039047564949,7.003389436557492,9.22571424206122,lat_pulldown_2,758
152.40814308413357,150.23155387407638,151.31984847910496,10.384463123763707,7.211340582616644,8.797901853190176,lat_pulldown_2,759
152.85532321292783,150.57275160982454,151.71403741137618,9.864684630958305,7.369497326519034,8.61709097873867,lat_pulldown_2,760
153.09954628698313,150.45217317211274,151.77585972954793,10.050485037359781,7.429497724387147,8.739991380873464,lat_pulldown_2,761
152.55963161811363,150.3495428442818,151.4545872311977,10.10133162780543,7.547863170611262,8.824597399208347,lat_pulldown_2,762
151.921158694578,150.11415939204673,151.01765904331236,10.214299107343505,7.561941103475343,8.888120105409424,lat_pulldown_2,763
149.32375823489423,148.79254684458425,149.05815253973924,11.082997526812488,7.551908794667631,9.31745316074006,lat_pulldown_2,764
146.2557078348436,145.05419429962768,145.65495106723563,12.06824085308629,7.414333422555905,9.741287137821098,lat_pulldown_2,765
142.49890672810426,138.12872686803377,140.313816798069,12.594099980232036,6.831088600693764,9.7125942904629,lat_pulldown_2,766
139.30974397394837,134.89573546966807,137.10273972180823,12.795302814974356,6.830535710074073,9.812919262524215,lat_pulldown_2,767
132.4844787537001,130.65519171144535,131.56983523257273,12.997157585693037,6.8630540141458685,9.930105799919453,lat_pulldown_2,768
125.29041920822337,126.7263592262959,126.00838921725963,12.648722187030291,7.675974378572191,10.16234828280124,lat_pulldown_2,769
117.39013155820047,118.71515857839651,118.05264506829849,12.912716895323904,8.020135861314102,10.466426378319003,lat_pulldown_2,770
109.12664351442702,112.90192198654054,111.01428275048377,13.644508464495667,8.64050312278361,11.14250579363964,lat_pulldown_2,771
102.85057312711533,104.35079466279271,103.60068389495402,13.610741828210852,8.932882179953902,11.271812004082378,lat_pulldown_2,772
97.26335132560988,98.33875398467467,97.80105265514227,12.88304519241574,10.694646405276908,11.788845798846324,lat_pulldown_2,773
90.98871643412656,92.5866118732751,91.78766415370083,13.053589543760854,10.450927253418048,11.75225839858945,lat_pulldown_2,774
84.97071053344209,87.49014936941686,86.23042995142947,13.106783834465581,10.135008040703632,11.620895937584606,lat_pulldown_2,775
77.97151501960572,82.99919512991116,80.48535507475844,13.947133247407802,9.722161165384875,11.834647206396339,lat_pulldown_2,776
74.98996191941366,80.55119591944243,77.77057891942805,13.866494227940347,10.159261510868424,12.012877869404385,lat_pulldown_2,777
70.512259469475,77.3262352236379,73.91924734655645,13.82460918851103,10.489673660791317,12.157141424651172,lat_pulldown_2,778
73.07335096949153,74.5891936960438,73.83127233276767,15.528538750619857,8.871958864732607,12.200248807676232,lat_pulldown_2,779
74.51828444590443,78.80725870867131,76.66277157728787,16.295659475107012,9.103212395662577,12.699435935384795,lat_pulldown_2,780
78.145209999731,79.44536207795295,78.79528603884197,16.773569888586984,9.16400846482285,12.968789176704917,lat_pulldown_2,781
80.72024089064755,80.27588107323926,80.49806098194341,18.694801642638627,8.794986138426005,13.744893890532316,lat_pulldown_2,782
83.07882373702166,85.97925314690089,84.52903844196128,19.081512926386747,7.955746222645391,13.51862957451607,lat_pulldown_2,783
81.63486817527838,86.60893305818747,84.12190061673293,19.638854082193507,8.195480068764102,13.917167075478805,lat_pulldown_2,784
80.82144394576984,86.697754339711,83.75959914274043,18.980715683176015,8.366810181371864,13.67376293227394,lat_pulldown_2,785
84.14794909207916,88.6832979587754,86.41562352542728,19.23383646151635,8.650280978432455,13.942058719974403,lat_pulldown_2,786
84.81750146711443,90.78989894468765,87.80370020590104,19.195789772179804,9.441680496695597,14.3187351344377,lat_pulldown_2,787
86.17228400422823,90.01050204555412,88.09139302489118,19.025671050438312,9.594496417310358,14.310083733874336,lat_pulldown_2,788
87.38338982720398,91.37229811417323,89.37784397068862,18.53318376794014,10.311883529485879,14.42253364871301,lat_pulldown_2,789
87.67834886386392,91.15998771343249,89.4191682886482,18.37291254338801,11.200157605150476,14.786535074269244,lat_pulldown_2,790
88.72873229582925,89.89904476081517,89.31388852832221,17.90246543356844,12.098699075975851,15.000582254772146,lat_pulldown_2,791
88.18076847665041,89.41036485109565,88.79556666387303,17.987245546073286,12.868653223305186,15.427949384689235,lat_pulldown_2,792
87.94140465309854,89.61404198967482,88.77772332138667,18.329038281287357,13.016130622550559,15.672584451918958,lat_pulldown_2,793
88.52281167919173,88.86471478401333,88.69376323160253,18.38742518568143,12.816746369903765,15.602085777792597,lat_pulldown_2,794
87.61050019650094,88.77199120014494,88.19124569832294,18.329394252011113,12.76749535405562,15.548444803033366,lat_pulldown_2,795
86.02090760849448,82.93891056939957,84.47990908894702,18.324864171044126,12.63918386775594,15.482024019400033,lat_pulldown_2,796
86.03469029572716,81.72915780334334,83.88192404953526,18.349813925511583,12.323610771656453,15.336712348584019,lat_pulldown_2,797
86.50510401873544,77.4330674155419,81.96908571713867,18.16787048711508,11.331191649617745,14.749531068366412,lat_pulldown_2,798
86.35688797020073,73.43756193371159,79.89722495195616,17.66280103170633,11.318375962655834,14.490588497181083,lat_pulldown_2,799
84.27030696565126,74.7788080882163,79.52455752693378,17.157632680026676,11.229282134367264,14.19345740719697,lat_pulldown_2,800
84.80793406026626,77.25754236468055,81.0327382124734,16.438070231059267,10.980764525498962,13.709417378279115,lat_pulldown_2,801
81.96490897634699,82.74346323805732,82.35418610720215,16.043303491559488,11.182147342713872,13.61272541713668,lat_pulldown_2,802
76.99384720357665,85.57642790982217,81.28513755669941,15.706816164837674,11.079935721128633,13.393375942983154,lat_pulldown_2,803
74.13002281287966,86.25164955741612,80.19083618514789,15.236662798676072,11.643583897605847,13.44012334814096,lat_pulldown_2,804
70.11239215313051,86.43583870867937,78.27411543090494,13.984764307288609,12.290122782156777,13.137443544722693,lat_pulldown_2,805
71.44926929160918,87.86952963999879,79.65939946580399,12.851047035308019,12.808086264789173,12.829566650048596,lat_pulldown_2,806
75.26771282000298,88.36831288383772,81.81801285192034,12.455136428050185,12.852176249547675,12.65365633879893,lat_pulldown_2,807
74.38871284201883,89.14987284792119,81.76929284497001,12.124694332477752,13.576180381554865,12.850437357016308,lat_pulldown_2,808
78.31928390629136,89.31710112624592,83.81819251626864,12.048001383748295,13.4814580448408,12.764729714294546,lat_pulldown_2,809
82.15887628827639,90.76502627814568,86.46195128321104,12.059075304362842,12.538005983297507,12.298540643830176,lat_pulldown_2,810
83.19654565640982,93.40609100479048,88.30131833060015,12.431359472735227,12.36632680322366,12.398843137979444,lat_pulldown_2,811
87.26742590844111,95.97067300902245,91.61904945873178,12.99425084057482,12.09748683959671,12.545868840085765,lat_pulldown_2,812
93.83251771056294,100.05914446097773,96.94583108577034,12.943789188072195,12.506271419474157,12.725030303773176,lat_pulldown_2,813
97.37230683558786,102.06440177064917,99.71835430311852,14.830661410001092,11.914031764026861,13.372346587013975,lat_pulldown_2,814
103.43269149067376,103.15748348715942,103.2950874889166,17.333081118803793,11.873677752020294,14.603379435412045,lat_pulldown_2,815
108.51708483878663,107.84723047499375,108.18215765689018,19.626493137279102,10.942547507069524,15.284520322174313,lat_pulldown_2,816
113.20087126238327,112.72193964297912,112.96140545268119,19.628231019021193,10.004602570837843,14.816416794929518,lat_pulldown_2,817
117.35019512118826,116.90982528721361,117.13001020420094,18.988011132496794,9.77360270417058,14.380806918333686,lat_pulldown_2,818
121.3447395199061,121.14690704834959,121.24582328412785,18.250067620154457,9.455106725128577,13.852587172641517,lat_pulldown_2,819
129.43918699187748,126.75542671457362,128.09730685322555,17.865428260263222,8.839726657423471,13.352577458843346,lat_pulldown_2,820
132.2636485186038,129.3464363884152,130.8050424535095,17.576326354302346,8.945273386703366,13.260799870502856,lat_pulldown_2,821
138.87850760850728,135.50108437048468,137.18979598949596,16.62936026052386,9.352597267449822,12.990978763986842,lat_pulldown_2,822
142.30786915942264,141.00089600170264,141.65438258056264,16.562547790980165,8.431787290757672,12.497167540868919,lat_pulldown_2,823
145.0644936300499,144.2479154580513,144.65620454405058,16.599583114754314,7.8010891382399885,12.20033612649715,lat_pulldown_2,824
146.89425780126282,147.8980264385982,147.39614211993052,13.418725188671397,7.821118135919812,10.619921662295605,lat_pulldown_2,825
146.85012240370932,149.73191073165873,148.29101656768404,13.585399424559721,7.258749233346874,10.422074328953297,lat_pulldown_2,826
149.10758853662276,151.13901111036097,150.12329982349186,13.68964685643142,5.897780729161756,9.793713792796588,lat_pulldown_2,827
151.8950149842709,151.1319639515502,151.51348946791055,13.691293571984922,6.41297650197577,10.052135036980346,lat_pulldown_2,828
153.50401767705904,150.80891032989325,152.15646400347615,13.62617875065544,6.278737282130604,9.952458016393022,lat_pulldown_2,829
153.78664994805118,150.17344018637897,151.9800450672151,13.393288117646739,6.934398076273365,10.163843096960052,lat_pulldown_2,830
154.5776303876201,149.96607321059523,152.27185179910765,13.032481937458561,7.492107986822307,10.262294962140434,lat_pulldown_2,831
154.48247994376933,149.5643038256056,152.02339188468747,12.903456894283837,8.07830450989942,10.490880702091628,lat_pulldown_2,832
153.73524505827322,147.51050586626462,150.62287546226892,12.982554709418782,8.172333459916949,10.577444084667865,lat_pulldown_2,833
148.44684411635464,146.58879490518348,147.51781951076907,13.169907738601866,8.106353013575013,10.63813037608844,lat_pulldown_2,834
144.22878766962123,145.42412563430744,144.82645665196435,13.407224577762028,8.40197840214302,10.904601489952524,lat_pulldown_2,835
139.6812072727196,141.02239005096052,140.35179866184006,12.33885139809949,8.644483217400772,10.49166730775013,lat_pulldown_2,836
139.3075490564495,135.74044223830197,137.52399564737573,13.496126989359865,8.133673836424608,10.814900412892236,lat_pulldown_2,837
135.80661028001114,131.36634024698506,133.5864752634981,13.804476241116319,7.776967214722138,10.790721727919228,lat_pulldown_2,838
129.01843983559957,122.8027172269837,125.91057853129163,13.53889383126973,7.155846829256264,10.347370330262997,lat_pulldown_2,839
124.56403969418466,114.56366362098103,119.56385165758284,13.10697123034542,7.785029424443953,10.446000327394687,lat_pulldown_2,840
114.3493815238308,107.75598796694007,111.05268474538543,12.481048931543192,10.288709368615837,11.384879150079515,lat_pulldown_2,841
110.6012692586212,105.98124590729842,108.29125758295982,12.7700541857631,11.06097666371159,11.915515424737345,lat_pulldown_2,842
104.40284396852802,99.65569811943232,102.02927104398017,13.13179882865675,10.734709189723954,11.933254009190353,lat_pulldown_2,843
98.4920124733858,96.8307297086439,97.66137109101484,13.03659595189433,11.338104584341192,12.187350268117761,lat_pulldown_2,844
90.75763159830608,91.82973844863568,91.29368502347089,13.647965891341515,12.05309728267337,12.850531587007442,lat_pulldown_2,845
83.3346386448746,87.95136666653258,85.64300265570358,13.261982056480406,11.812968137255497,12.53747509686795,lat_pulldown_2,846
77.26958485143741,84.89206711452607,81.08082598298174,13.459302832170826,11.528383606744061,12.493843219457442,lat_pulldown_2,847
75.16749696075865,80.09822155810406,77.63285925943136,13.603067963961417,11.583729541094465,12.593398752527941,lat_pulldown_2,848
73.79050113875164,76.7525581528696,75.27152964581062,13.204661247507943,12.001310374728874,12.602985811118408,lat_pulldown_2,849
74.72471762447472,78.01910582741726,76.37191172594599,13.010128348491495,12.07125242044811,12.540690384469801,lat_pulldown_2,850
78.55534037405523,75.73334366309804,77.14434201857664,13.415105734647053,12.177616372310853,12.796361053478954,lat_pulldown_2,851
79.98463820482353,76.13224438703851,78.05844129593102,14.282972716395946,11.469170552180868,12.876071634288408,lat_pulldown_2,852
81.7947441928264,77.73181117359971,79.76327768321306,14.860719327176877,11.046274766358657,12.953497046767767,lat_pulldown_2,853
84.29928277646688,77.38573945510622,80.84251111578655,15.229596856571796,11.426899371219474,13.328248113895635,lat_pulldown_2,854
85.45730903840871,79.7274379125257,82.59237347546721,15.34652751054804,11.852218605124209,13.599373057836125,lat_pulldown_2,855
88.64084610267562,82.25399444631785,85.44742027449674,15.29780351365115,12.234907712168193,13.76635561290967,lat_pulldown_2,856
88.32592667649573,87.7747068542738,88.05031676538476,14.85692078417334,12.417052162557184,13.636986473365262,lat_pulldown_2,857
84.83544741866288,86.92436771427671,85.8799075664698,14.94417199796192,12.303709194543506,13.623940596252712,lat_pulldown_2,858
86.49833284560064,86.04880751622665,86.27357018091365,15.033771999214363,12.376911270043944,13.705341634629153,lat_pulldown_2,859
87.89593766936869,85.41492010745048,86.65542888840959,14.885543098704773,12.673633135657173,13.779588117180973,lat_pulldown_2,860
88.22843634821533,86.61713410065488,87.4227852244351,15.017813152635465,13.280432274380173,14.149122713507818,lat_pulldown_2,861
87.70233249311437,85.56984181186725,86.6360871524908,15.049228549335753,13.415663224371766,14.23244588685376,lat_pulldown_2,862
88.22170041900873,83.99090976260128,86.106305090805,15.098829894795808,13.434031685608854,14.266430790202332,lat_pulldown_2,863
88.16978349435719,83.94311775085528,86.05645062260623,15.192242178668087,13.47268947905092,14.332465828859505,lat_pulldown_2,864
87.04066732982051,82.75947518418333,84.90007125700191,15.122159679527568,13.668343743630494,14.395251711579032,lat_pulldown_2,865
85.17697279321386,77.3272550188748,81.25211390604433,14.934933393312228,13.584602625198135,14.259768009255183,lat_pulldown_2,866
83.5474615187735,75.11599637384808,79.33172894631079,14.64658781407841,13.490563930921702,14.068575872500055,lat_pulldown_2,867
83.19783678584982,72.48972588256571,77.84378133420776,14.667288949637719,13.495682318617396,14.081485634127556,lat_pulldown_2,868
84.95598721678945,72.59266286316704,78.77432503997824,14.480242063560365,13.44343494882449,13.961838506192429,lat_pulldown_2,869
87.54897202010406,75.56519821048074,81.55708511529241,14.017556460877346,13.458227819802474,13.737892140339909,lat_pulldown_2,870
88.00059113507776,74.81431064602899,81.40745089055338,13.93452801818046,13.686820403749849,13.810674210965153,lat_pulldown_2,871
86.78120619275764,75.77915955611283,81.28018287443524,13.757083945603055,13.795707967604187,13.776395956603622,lat_pulldown_2,872
81.54517842408241,80.11874064724724,80.83195953566482,13.596365417758806,14.132131456897179,13.864248437327992,lat_pulldown_2,873
78.98956954084078,78.65910315123025,78.82433634603552,12.717634382839506,14.653258278342275,13.68544633059089,lat_pulldown_2,874
75.25834662797628,78.60126829286007,76.92980746041817,11.509931830758443,14.695351955592582,13.102641893175512,lat_pulldown_2,875
76.07818520261236,79.50309044594967,77.79063782428102,10.73554798924457,15.38230887961675,13.058928434430658,lat_pulldown_2,876
76.78660602998727,82.97128159442894,79.8789438122081,10.683465508256413,15.851763558257325,13.267614533256868,lat_pulldown_2,877
78.05340447681918,83.7928218545432,80.9231131656812,10.621965772566817,15.785377277898053,13.203671525232435,lat_pulldown_2,878
80.29592759788484,83.65500071581636,81.97546415685059,10.216385366495679,15.97630016815819,13.096342767326934,lat_pulldown_2,879
81.88779434223281,84.71084847393576,83.29932140808428,10.186306427692548,15.643424273850576,12.914865350771562,lat_pulldown_2,880
83.96560219736017,87.56281204372124,85.7642071205407,10.549198250583897,15.17739803558882,12.863298143086357,lat_pulldown_2,881
88.57570083434689,90.43599282891802,89.50584683163245,11.574965984640018,15.31846933245004,13.44671765854503,lat_pulldown_2,882
90.72854234850492,91.16782024534433,90.94818129692462,14.419542160629094,14.907298104254325,14.66342013244171,lat_pulldown_2,883
92.86805028924026,92.26036495804834,92.56420762364431,16.203845807918633,14.294509534299834,15.249177671109234,lat_pulldown_2,884
94.41695081371432,96.56378964919668,95.4903702314555,15.704237620130318,12.3256893168379,14.014963468484108,lat_pulldown_2,885
99.1487816695086,102.45306642949737,100.80092404950298,16.359451601633463,10.314260993044227,13.336856297338844,lat_pulldown_2,886
103.67219079417944,117.02791500335641,110.35005289876793,16.51906994087892,9.897728591246063,13.208399266062493,lat_pulldown_2,887
107.98286140085897,122.69976437875744,115.3413128898082,15.555154387446695,9.916975948443268,12.736065167944982,lat_pulldown_2,888
111.5756601011952,120.6240318639671,116.09984598258114,14.674625426449136,9.757761714238647,12.216193570343892,lat_pulldown_2,889
117.15979222249833,122.19210364461668,119.6759479335575,14.5123400350416,9.412118162528447,11.962229098785023,lat_pulldown_2,890
121.69883031098614,125.20939355037413,123.45411193068014,14.48689550553796,9.52698942766692,12.006942466602439,lat_pulldown_2,891
124.7361727077164,130.52186295822833,127.62901783297237,14.214591987105266,9.716837993706646,11.965714990405957,lat_pulldown_2,892
130.73459492572616,136.33761419600273,133.53610456086443,13.595616559556117,9.81268983434627,11.704153196951193,lat_pulldown_2,893
136.67937525585035,141.59883178458082,139.1391035202156,12.922715718956253,8.664253865325172,10.793484792140713,lat_pulldown_2,894
141.86194883795187,144.94412592642115,143.4030373821865,12.352871167199938,7.98940275044427,10.171136958822103,lat_pulldown_2,895
146.42297115451467,149.7230915964736,148.07303137549414,12.026003613065413,7.741088898380128,9.88354625572277,lat_pulldown_2,896
147.48431120635337,154.1172957480906,150.800803477222,12.175730069033271,7.648907130417155,9.912318599725213,lat_pulldown_2,897
148.98697388119558,154.03218013926053,151.50957701022804,12.49904550090416,7.592316352066115,10.045680926485137,lat_pulldown_2,898
149.9039345323614,157.11528830737825,153.50961141986983,12.778268135128158,4.881388949617658,8.829828542372908,lat_pulldown_2,899
155.38317243225873,158.01200690821813,156.69758967023841,13.050948317104135,5.634034182515307,9.34249124980972,lat_pulldown_2,900
155.41782897297142,159.3762147222377,157.39702184760455,12.409737164008899,5.819997493224195,9.114867328616548,lat_pulldown_2,901
157.64417393092347,159.7050130656633,158.6745934982934,12.964253835285444,6.319214510028658,9.641734172657051,lat_pulldown_2,902
158.40100170124344,158.55911823251841,158.48005996688093,12.637777579907217,6.907107479227521,9.77244252956737,lat_pulldown_2,903
157.24720856176415,158.78688522447086,158.0170468931175,12.667932559685939,6.885748851822349,9.776840705754143,lat_pulldown_2,904
157.3213207020196,159.12389057776585,158.22260563989272,13.233746190878083,6.253090774805204,9.743418482841644,lat_pulldown_2,905
157.1608589954297,154.81183482660987,155.98634691101978,13.644072219697755,5.744372655124569,9.694222437411161,lat_pulldown_2,906
152.81514656024922,139.59586822904413,146.20550739464667,13.203028274520143,5.527691592858896,9.36535993368952,lat_pulldown_2,907
148.94763114950973,141.09030085967947,145.0189660045946,13.276055922358097,6.3992134301767525,9.837634676267424,lat_pulldown_2,908
143.3466625182119,130.44890160415764,136.89778206118478,14.351672148069545,6.652123524899652,10.501897836484599,lat_pulldown_2,909
140.0151291093181,133.19693574759248,136.6060324284553,14.907455316668392,6.475199266206743,10.691327291437567,lat_pulldown_2,910
133.81608962223444,127.8063101211983,130.81119987171638,14.705401811201193,6.382099412320827,10.54375061176101,lat_pulldown_2,911
128.18239794616255,119.89916321504228,124.04078058060242,15.076397802676984,6.9033966292881095,10.989897215982547,lat_pulldown_2,912
120.9211406996436,113.24322270959124,117.08218170461743,16.197582751499567,7.452463282883305,11.825023017191436,lat_pulldown_2,913
113.43151779402137,102.37298924974976,107.90225352188557,15.736784062576248,10.311517411560265,13.024150737068258,lat_pulldown_2,914
108.57049911608905,94.31588906555311,101.44319409082108,16.908780986020552,11.022848018674084,13.965814502347317,lat_pulldown_2,915
100.27821007629709,87.86068850319509,94.06944928974609,16.02241738224009,12.044724258022883,14.033570820131487,lat_pulldown_2,916
93.77594168555464,86.66993978397244,90.22294073476354,15.287772009268224,12.51627290195642,13.902022455612322,lat_pulldown_2,917
86.8704430591935,83.6978625141088,85.28415278665116,15.025279759145063,12.870991230448961,13.948135494797011,lat_pulldown_2,918
78.57638688619693,74.59463124905274,76.58550906762483,14.2636550500343,12.838287402316501,13.5509712261754,lat_pulldown_2,919
70.72275525052125,69.11837312086652,69.92056418569388,12.729443620681362,13.12325772874874,12.926350674715051,lat_pulldown_2,920
68.49210990641453,68.31952685644973,68.40581838143213,12.932405645354674,13.048081220284908,12.990243432819792,lat_pulldown_2,921
66.97124251136866,67.15671094595554,67.0639767286621,12.537890472428268,13.163779296113244,12.850834884270757,lat_pulldown_2,922
67.13846198305065,67.19091984649813,67.16469091477438,12.318558263779629,13.091678933628412,12.70511859870402,lat_pulldown_2,923
69.0797574170491,71.4517258132196,70.26574161513435,12.704391707718855,12.677664824158178,12.691028265938517,lat_pulldown_2,924
71.07170696005888,72.55414108306262,71.81292402156075,14.578835067363125,12.73593916842619,13.657387117894658,lat_pulldown_2,925
74.18167032895849,74.17208427518113,74.17687730206981,15.109953211463408,12.412557380818104,13.761255296140757,lat_pulldown_2,926
77.61312408043244,81.34520545037537,79.47916476540391,15.267505613922953,12.434252175865053,13.850878894894002,lat_pulldown_2,927
80.13656905010217,99.1980522674855,89.66731065879384,16.15616327349247,11.768613741044565,13.962388507268518,lat_pulldown_2,928
82.34118963723732,87.82242702730467,85.081808332271,16.362810500661308,11.816153594799202,14.089482047730254,lat_pulldown_2,929
85.30161624639146,90.69939397061823,88.00050510850485,16.231366826085903,12.191028878718239,14.211197852402071,lat_pulldown_2,930
85.26805275012836,89.96818102503622,87.61811688758229,16.124473557172436,12.516620010855885,14.32054678401416,lat_pulldown_2,931
84.60852290403552,87.48826137912302,86.04839214157927,16.418109070076575,12.57809496967413,14.498102019875352,lat_pulldown_2,932
85.66868252913389,87.84817627024327,86.75842939968858,16.09140329272088,13.038714781789647,14.565059037255264,lat_pulldown_2,933
85.98100411894643,84.94679457336251,85.46389934615448,15.92041975856568,13.303225672150544,14.611822715358112,lat_pulldown_2,934
87.53249608025982,84.24550113469678,85.8889986074783,15.157352078231542,13.93319825180768,14.54527516501961,lat_pulldown_2,935
87.98393603285268,83.31014130926793,85.6470386710603,14.793757733057706,14.157413382499508,14.475585557778608,lat_pulldown_2,936
88.42294256363945,81.42317168200664,84.92305712282305,14.618604405585689,14.292615357346003,14.455609881465847,lat_pulldown_2,937
87.95203492144746,79.51782606811963,83.73493049478355,14.549734371786082,14.328991883174456,14.43936312748027,lat_pulldown_2,938
86.82852428979845,75.14161625663175,80.9850702732151,14.44617044612577,14.030128447024266,14.238149446575019,lat_pulldown_2,939
87.13032351432365,71.60109257797393,79.3657080461488,14.39745961783969,13.573672425750296,13.985566021794993,lat_pulldown_2,940
87.26367029377721,73.63681145486926,80.45024087432324,14.50061712486841,13.484474324362795,13.992545724615603,lat_pulldown_2,941
86.8491880019564,74.72527003393684,80.78722901794663,14.667888558375394,13.334391115213755,14.001139836794575,lat_pulldown_2,942
83.00755182102176,75.37838223898487,79.19296703000332,14.64802407664898,13.197174591837031,13.922599334243007,lat_pulldown_2,943
83.68558446690187,76.852333680034,80.26895907346793,14.55561467888251,12.936362275258523,13.745988477070515,lat_pulldown_2,944
81.45994474300882,78.6941903481927,80.07706754560076,14.118531421024127,12.802533720478847,13.460532570751486,lat_pulldown_2,945
78.29095215853647,78.98587678691437,78.63841447272543,13.798441466316719,12.710522016817158,13.254481741566938,lat_pulldown_2,946
76.12456857020165,78.55278872155192,77.33867864587678,13.495095881180047,12.65686004689101,13.075977964035529,lat_pulldown_2,947
74.2378471459975,77.11523103960585,75.67653909280168,13.165255028576773,12.748156800775346,12.95670591467606,lat_pulldown_2,948
76.74158270389866,78.59432447869779,77.66795359129821,13.045304057573226,12.893141918646888,12.969222988110058,lat_pulldown_2,949
78.92952271535677,82.02799704056979,80.47875987796328,12.543800840457958,13.130918639478509,12.837359739968234,lat_pulldown_2,950
79.59892542747808,82.21018200083064,80.90455371415436,12.245895026005773,13.344239917610118,12.795067471807945,lat_pulldown_2,951
80.42768501862915,82.17503752564545,81.3013612721373,12.089548630632564,13.13547969439176,12.612514162512163,lat_pulldown_2,952
82.54722151981507,83.88108749732913,83.21415450857211,12.044677075224453,12.80275530573159,12.423716190478022,lat_pulldown_2,953
86.12688424208379,86.70303545201602,86.41495984704991,11.419526287002821,13.344875910841944,12.382201098922383,lat_pulldown_2,954
86.40592019972328,88.96098094972041,87.68345057472185,11.125021799639882,13.41498325434106,12.27000252699047,lat_pulldown_2,955
89.4551480470623,88.68653165082327,89.07083984894278,12.081093145852638,13.44239483901388,12.76174399243326,lat_pulldown_2,956
92.94781233591601,90.33892543481409,91.64336888536505,15.561532525294673,12.915075145557248,14.23830383542596,lat_pulldown_2,957
98.73505459124979,92.68821506658855,95.71163482891917,16.125111893137827,13.668789428616394,14.89695066087711,lat_pulldown_2,958
105.5214168438524,97.94704054913888,101.73422869649565,16.64086821548658,13.17765341258102,14.9092608140338,lat_pulldown_2,959
110.12261197658785,109.36854679504509,109.74557938581647,18.3454546723706,12.055903726490072,15.200679199430336,lat_pulldown_2,960
113.69129333157395,116.32029760750734,115.00579546954064,18.129288332726183,11.476992010755962,14.803140171741074,lat_pulldown_2,961
116.67701920199059,121.1588882431557,118.91795372257315,16.584572268204965,11.79749782980872,14.191035049006842,lat_pulldown_2,962
122.71114992181577,124.30759519299437,123.50937255740507,16.214643632795102,10.128457053193925,13.171550342994514,lat_pulldown_2,963
128.3815831390201,126.13752536811867,127.25955425356939,15.586412871117181,10.846955632085278,13.21668425160123,lat_pulldown_2,964
133.27639363232876,131.12452967359215,132.20046165296046,15.60626771776592,10.18508234437818,12.89567503107205,lat_pulldown_2,965
140.3216011318466,138.24842075321146,139.28501094252903,15.690706918161187,9.63681659343188,12.663761755796532,lat_pulldown_2,966
143.6652360873103,144.9744311369902,144.31983361215026,15.413150770029052,9.179007315994374,12.296079043011712,lat_pulldown_2,967
144.65501513307123,149.07174675573557,146.8633809444034,16.837497303015706,6.821862690260101,11.829679996637903,lat_pulldown_2,968
148.68999247130998,153.7693319513671,151.22966221133854,18.255542957324263,6.881928504316239,12.56873573082025,lat_pulldown_2,969
149.92103439498632,154.0296711617655,151.9753527783759,17.303449828032225,6.909989653663193,12.106719740847709,lat_pulldown_2,970
148.6171670581068,155.2237826532587,151.92047485568276,15.516076493905162,5.585909020792256,10.550992757348709,lat_pulldown_2,971
147.69216604930782,154.21336824377684,150.95276714654233,15.139899519684578,5.621458296763775,10.380678908224176,lat_pulldown_2,972
148.07471930526006,155.46861030970678,151.77166480748343,13.930286810783842,5.7066162640851115,9.818451537434477,lat_pulldown_2,973
147.51595898012283,155.57824350467456,151.5471012423987,13.516795905013346,5.778226140258269,9.647511022635808,lat_pulldown_2,974
147.34366432561077,154.76891558337744,151.0562899544941,12.42811071120299,6.062240506629277,9.245175608916133,lat_pulldown_2,975
147.14120219705546,153.01198434248536,150.0765932697704,12.392457834280167,6.094377013005767,9.243417423642967,lat_pulldown_2,976
146.17787119629622,149.71697805470907,147.94742462550266,12.355213323986245,6.43545062362173,9.395331973803987,lat_pulldown_2,977
144.05778125448734,146.9417159331844,145.49974859383587,15.113711119387329,6.362792177946368,10.738251648666848,lat_pulldown_2,978
139.71087861413665,142.72127295439415,141.2160757842654,16.41631349363889,7.357583346020417,11.886948419829652,lat_pulldown_2,979
134.6151461271756,133.9581123774537,134.28662925231464,16.55805376444863,8.121743190532083,12.339898477490356,lat_pulldown_2,980
128.12784082043711,126.46181535545031,127.29482808794371,16.027293889228375,7.33328354303014,11.680288716129258,lat_pulldown_2,981
117.71808650016861,119.36582047019917,118.54195348518388,16.008884682172656,6.360843940516265,11.18486431134446,lat_pulldown_2,982
109.23256888956269,115.76464347760705,112.49860618358487,15.059012124557572,7.081021163534614,11.070016644046094,lat_pulldown_2,983
96.16984952999229,107.95806972820543,102.06395962909886,14.421738188092835,8.642829139132473,11.532283663612654,lat_pulldown_2,984
92.9264731981442,99.83248424087611,96.37947871951016,14.192491877913355,10.00331537659722,12.097903627255288,lat_pulldown_2,985
88.15965715686335,96.57146445875372,92.36556080780854,13.574618393529597,9.941227480736282,11.757922937132939,lat_pulldown_2,986
83.46949403018762,93.49374707726747,88.48162055372754,13.465831464256196,10.486641500795534,11.976236482525865,lat_pulldown_2,987
79.44417692974623,86.1767938266986,82.81048537822241,13.190376994021126,11.42765917164519,12.309018082833159,lat_pulldown_2,988
72.751542455908,83.04204917529572,77.89679581560185,13.569274906706715,11.576977955778219,12.573126431242468,lat_pulldown_2,989
67.22072425700964,79.1822628984415,73.20149357772556,14.193574030827838,11.485862771386897,12.839718401107367,lat_pulldown_2,990
64.09365879514839,77.23183387128026,70.66274633321433,13.437575338770023,11.789500528878012,12.613537933824016,lat_pulldown_2,991
65.85171290189417,77.03701828177205,71.4443655918331,13.746259073753096,11.460153154145157,12.603206113949128,lat_pulldown_2,992
67.20703507914295,81.87713753660745,74.5420863078752,14.656342242075102,10.831066638024083,12.743704440049592,lat_pulldown_2,993
68.89450989524805,84.1256684680552,76.51008918165162,15.40425189146968,10.713076805818881,13.058664348644282,lat_pulldown_2,994
72.85134186827042,84.57669813026617,78.71401999926829,16.362353440638962,9.895606501185496,13.12897997091223,lat_pulldown_2,995
78.17424557986834,83.67598250201726,80.9251140409428,16.91971750415638,10.141063094731509,13.530390299443944,lat_pulldown_2,996
87.22225425574227,97.0360176931434,92.12913597444285,18.52597031515746,9.73142637206838,14.12869834361292,lat_pulldown_2,997
87.41374546296849,90.6640749669659,89.03891021496719,18.639335927333924,8.892497686068667,13.765916806701295,lat_pulldown_2,998
89.08135978749927,88.67150097522682,88.87643038136304,18.73085565429296,8.747176479021464,13.73901606665721,lat_pulldown_2,999
87.32502657140307,92.0140847583832,89.66955566489314,18.874239707962136,8.94576345197872,13.910001579970428,lat_pulldown_2,1000
89.89616810113478,91.22295656412442,90.5595623326296,18.594711567469595,9.226870241985061,13.910790904727328,lat_pulldown_2,1001
91.33460508011773,92.54809929527418,91.94135218769595,18.43709525846069,9.837804681396685,14.137449969928689,lat_pulldown_2,1002
91.4126098526388,91.72592820497735,91.56926902880807,18.341580221431506,10.248268079269367,14.294924150350436,lat_pulldown_2,1003
92.50388668525825,91.28902362460481,91.89645515493153,17.278637743458866,10.629909522455426,13.954273632957147,lat_pulldown_2,1004
92.59906241932917,90.33893857113456,91.46900049523187,16.295741714208535,11.334053060521457,13.814897387364997,lat_pulldown_2,1005
92.41337421396494,90.42544980113456,91.41941200754975,16.20152776533661,11.65439554864118,13.927961656988895,lat_pulldown_2,1006
92.27097222913532,87.0690874514422,89.67002984028876,15.550254628478635,11.865897480710647,13.708076054594642,lat_pulldown_2,1007
92.69564042464295,86.54164110702735,89.61864076583515,15.247448844660534,11.684201395687053,13.465825120173793,lat_pulldown_2,1008
88.6775368712132,83.03251040481474,85.85502363801398,15.428684971393148,11.22711317184767,13.327899071620408,lat_pulldown_2,1009
85.42492108519414,81.6204515097478,83.52268629747097,15.451706681832906,10.822056566487998,13.136881624160452,lat_pulldown_2,1010
82.94926179949303,78.29396249967328,80.62161214958316,14.683119951616968,10.920951018903502,12.802035485260234,lat_pulldown_2,1011
81.23299436356938,78.07933610327437,79.65616523342187,13.928346126292713,11.327939225785912,12.628142676039312,lat_pulldown_2,1012
79.99912305806576,77.37650683498889,78.68781494652733,14.11247550774828,11.483428692545367,12.797952100146823,lat_pulldown_2,1013
79.03831760832037,79.70655331248663,79.3724354604035,13.938059829540983,11.594904728380728,12.766482278960854,lat_pulldown_2,1014
76.63757686793369,80.42590098993342,78.53173892893355,13.439272325948233,12.172441264777655,12.805856795362944,lat_pulldown_2,1015
76.36175778831422,80.57062036397342,78.46618907614382,12.376599992010254,12.710009809190254,12.543304900600255,lat_pulldown_2,1016
74.80035648801255,82.03782100926223,78.41908874863739,11.61549219429613,13.072883620666138,12.344187907481134,lat_pulldown_2,1017
73.11524243313482,83.65952244380486,78.38738243846984,11.167849856894545,13.301233111371017,12.23454148413278,lat_pulldown_2,1018
74.62910425302998,84.9796369719087,79.80437061246934,10.99608780818854,13.30428864028966,12.150188224239098,lat_pulldown_2,1019
72.34385814029284,84.29566292807897,78.3197605341859,10.528508443209464,13.751188112123014,12.139848277666239,lat_pulldown_2,1020
77.1292163810866,85.2526059413791,81.19091116123285,10.332638581477918,13.603548173803194,11.968093377640557,lat_pulldown_2,1021
82.01552126215694,86.33146469215819,84.17349297715757,11.430851425520784,12.779178694146301,12.105015059833542,lat_pulldown_2,1022
84.70441640652437,89.68525191161558,87.19483415906998,12.010870983384502,12.346804220949755,12.178837602167128,lat_pulldown_2,1023
88.01585185996494,93.13072093141716,90.57328639569104,13.848782334659639,12.071469358082553,12.960125846371096,lat_pulldown_2,1024
92.40716905697406,97.54542284372337,94.97629595034871,15.840260654054513,11.577075375670942,13.708668014862727,lat_pulldown_2,1025
95.91994026183764,102.01745865908657,98.9686994604621,16.617311101967413,10.474433538724789,13.545872320346101,lat_pulldown_2,1026
98.81118405389954,106.54098250229995,102.67608327809975,17.7483792547826,9.554981856189054,13.651680555485825,lat_pulldown_2,1027
102.70960806163859,110.4860260281452,106.5978170448919,18.987149993265053,7.505410231662236,13.246280112463644,lat_pulldown_2,1028
105.96447802351587,117.74385713997381,111.85416758174483,18.4912585855996,8.577817754337428,13.534538169968513,lat_pulldown_2,1029
107.77745214899349,120.05747781710417,113.91746498304883,17.398470410301087,9.563502243929952,13.48098632711552,lat_pulldown_2,1030
111.10417511516776,122.42855583964351,116.76636547740563,17.262922724105813,8.925599191660716,13.094260957883264,lat_pulldown_2,1031
117.13538410267917,124.67931013007606,120.90734711637762,17.54962782875084,8.38912725130744,12.96937754002914,lat_pulldown_2,1032
124.35076327783467,130.96160039391353,127.6561818358741,17.515754812033823,8.592583836338632,13.054169324186226,lat_pulldown_2,1033
131.37381238040655,132.09459581866747,131.734204099537,16.94159520122727,8.939807441003694,12.940701321115482,lat_pulldown_2,1034
140.35250396920773,140.65430081033054,140.50340238976912,17.20529582195129,8.51179968074747,12.85854775134938,lat_pulldown_2,1035
142.8915966231482,142.55060551709823,142.7211010701232,17.097607471472127,8.17397973396996,12.635793602721044,lat_pulldown_2,1036
142.10704368121546,145.71238275929568,143.90971322025558,15.859474884193896,7.464942543743232,11.662208713968564,lat_pulldown_2,1037
148.49440807717158,155.52841781488266,152.01141294602712,15.809016304001805,6.289763499676509,11.049389901839156,lat_pulldown_2,1038
152.8774519061635,156.07593560327183,154.47669375471764,15.360995867668867,5.036640799426403,10.198818333547635,lat_pulldown_2,1039
154.42126169896795,152.92127278721884,153.67126724309338,14.323415074546213,5.393221589283002,9.858318331914608,lat_pulldown_2,1040
156.6915659946301,154.43420131398358,155.56288365430686,14.102587975748186,5.7744549002697685,9.938521438008976,lat_pulldown_2,1041
157.52549532225936,153.68690977166347,155.6062025469614,15.375907294480303,5.386815752887072,10.381361523683687,lat_pulldown_2,1042
157.16681984450966,153.87436158058787,155.52059071254877,14.79415978948795,5.164546960408861,9.979353374948406,lat_pulldown_2,1043
157.06193494575805,153.16320302023806,155.11256898299806,14.987298304382122,5.0668842081451775,10.027091256263649,lat_pulldown_2,1044
156.38662416070525,151.91885589309234,154.1527400268988,15.401290765721525,5.051040590510478,10.226165678116,lat_pulldown_2,1045
154.91378941817123,150.40500225439538,152.6593958362833,15.08114346506444,5.955490703913151,10.518317084488796,lat_pulldown_2,1046
153.5942467402608,148.45106589353315,151.02265631689698,13.477791694135876,6.693740357092167,10.08576602561402,lat_pulldown_2,1047
149.06497057026755,146.02099744401295,147.54298400714026,13.574796463151129,7.152238567679159,10.363517515415143,lat_pulldown_2,1048
144.2854288055845,139.275594056217,141.78051143090073,13.500297926141295,9.379806866283186,11.440052396212241,lat_pulldown_2,1049
137.30331905336303,134.1810851630173,135.74220210819016,13.632904861343238,9.42831291430145,11.530608887822344,lat_pulldown_2,1050
130.0414947779818,128.09847768968464,129.06998623383322,14.453010151691949,8.939308438979637,11.696159295335793,lat_pulldown_2,1051
118.72572496071034,120.15436416445283,119.44004456258159,14.809530384128776,8.929858818453525,11.869694601291151,lat_pulldown_2,1052
106.65258943055963,110.85331980121913,108.75295461588938,14.826219050656597,9.536454000924552,12.181336525790574,lat_pulldown_2,1053
105.0546182186589,101.92213793969216,103.48837807917553,16.147101066976475,9.155723234701297,12.651412150838887,lat_pulldown_2,1054
100.30516193572029,96.57161914927087,98.43839054249558,15.338367663880492,9.673671187883363,12.506019425881927,lat_pulldown_2,1055
91.9395823892865,93.15064678870607,92.54511458899628,14.400427046256082,10.295038292748387,12.347732669502236,lat_pulldown_2,1056
87.71778488106612,86.50729512246551,87.11254000176581,14.18272478433635,10.716685327255341,12.449705055795846,lat_pulldown_2,1057
82.74018555046827,84.88568401634188,83.81293478340507,13.948371294891889,11.371227768094117,12.659799531493004,lat_pulldown_2,1058
77.78431031900429,81.34360786252006,79.56395909076218,14.135569389839592,11.104867627032416,12.620218508436004,lat_pulldown_2,1059
75.3840854222062,79.93215569366228,77.65812055793424,14.200237582418941,11.050167100506455,12.625202341462698,lat_pulldown_2,1060
71.67221911421787,78.21860754219384,74.94541332820586,14.388197047128815,11.223190349117843,12.805693698123328,lat_pulldown_2,1061
70.78056975747484,77.37740158279692,74.07898567013588,14.467745961546683,10.726338788847182,12.597042375196931,lat_pulldown_2,1062
72.86259718647189,80.55666662901972,76.7096319077458,14.604611901949033,10.761037920876554,12.682824911412794,lat_pulldown_2,1063
75.2690999037604,82.04903145748561,78.659065680623,15.341481783939356,10.596509971744963,12.96899587784216,lat_pulldown_2,1064
75.19686883082922,82.99508488727945,79.09597685905433,15.912920498073168,9.686361318472498,12.799640908272833,lat_pulldown_2,1065
78.93020381047135,84.17127622086396,81.55074001566766,18.08316193542327,9.058368850380255,13.570765392901762,lat_pulldown_2,1066
88.71023564740432,91.69343470781234,90.20183517760833,19.235046155617432,9.373781673280314,14.304413914448872,lat_pulldown_2,1067
87.39916839743822,90.18197594442154,88.79057217092988,19.386307442791104,9.51829800159569,14.452302722193398,lat_pulldown_2,1068
87.32877019607119,89.26041944324658,88.29459481965888,19.292143431562923,9.719441148886546,14.505792290224734,lat_pulldown_2,1069
88.93276138683831,87.81104468830274,88.37190303757052,19.006278544011845,9.96927837230802,14.487778458159934,lat_pulldown_2,1070
87.10096961876769,87.3585825705932,87.22977609468045,18.96662427114935,10.040553501221167,14.503588886185259,lat_pulldown_2,1071
87.10528228480524,84.20296546948006,85.65412387714265,18.892513692418405,11.018735501962455,14.955624597190429,lat_pulldown_2,1072
86.64653407664815,84.1447325532393,85.39563331494372,18.664401254962126,11.299640932600562,14.982021093781345,lat_pulldown_2,1073
87.81526045319852,84.90626658061197,86.36076351690525,18.29385510691069,11.448107599134643,14.870981353022668,lat_pulldown_2,1074
89.52771431589544,86.09309798228658,87.81040614909101,17.35718928056386,11.826656339206117,14.591922809884988,lat_pulldown_2,1075
89.38460643533428,86.40882463346146,87.89671553439787,16.496320974982634,11.938845414616912,14.217583194799772,lat_pulldown_2,1076
88.97926000284971,85.82863323022809,87.4039466165389,16.204152756501053,11.512892278971101,13.858522517736077,lat_pulldown_2,1077
86.5480449178597,82.3050668721863,84.426555895023,16.2781520530944,11.53485662299892,13.906504338046659,lat_pulldown_2,1078
87.66790633483339,81.76226096925387,84.71508365204363,16.108873447575554,11.539332152250328,13.824102799912941,lat_pulldown_2,1079
86.07503013766059,77.61531197469634,81.84517105617846,15.669762080030688,11.370819894836261,13.520290987433475,lat_pulldown_2,1080
86.48864386513962,74.71765750993374,80.60315068753668,15.79298466454796,11.1420327440576,13.46750870430278,lat_pulldown_2,1081
89.23926134049263,74.90168930756958,82.07047532403111,15.300870326926566,10.939194693518955,13.12003251022276,lat_pulldown_2,1082
87.67300225254836,76.56284351759986,82.11792288507411,14.494677371174342,11.43580902147949,12.965243196326917,lat_pulldown_2,1083
85.05656241160925,78.368051470069,81.71230694083913,13.832946490724881,11.638263372371611,12.735604931548245,lat_pulldown_2,1084
83.7016113666042,81.83222335453551,82.76691736056986,13.989741749413302,11.555040256922942,12.77239100316812,lat_pulldown_2,1085
82.03577101776392,83.6370595100459,82.83641526390491,13.920039445246601,11.39218089221813,12.656110168732365,lat_pulldown_2,1086
82.38077841425526,86.54737532039987,84.46407686732756,13.790213318659859,11.08823559777756,12.43922445821871,lat_pulldown_2,1087
85.6471609223068,90.71371126569493,88.18043609400087,13.544400169334606,10.751333600439525,12.147866884887065,lat_pulldown_2,1088
88.09993681350701,91.0892691369292,89.59460297521811,13.484499923541343,10.55217769789634,12.018338810718841,lat_pulldown_2,1089
89.82765799113933,91.61148848588618,90.71957323851277,13.711532592022253,10.540528123557241,12.126030357789748,lat_pulldown_2,1090
93.51978773050892,94.05869208212783,93.78923990631839,14.34946441457112,9.882499571977995,12.115981993274557,lat_pulldown_2,1091
92.89382170827353,94.37553453004983,93.63467811916169,13.73511259022979,10.240753350741876,11.987932970485833,lat_pulldown_2,1092
92.28384423279985,95.70537693689113,93.99461058484549,13.68424834089033,11.68163521768818,12.682941779289255,lat_pulldown_2,1093
94.1328976711921,100.57935588483952,97.3561267780158,13.91264813069006,10.282792306965987,12.097720218828023,lat_pulldown_2,1094
95.74976732522309,102.83050017987318,99.29013375254814,16.322811128944267,10.005362163554116,13.164086646249192,lat_pulldown_2,1095
101.53091272450303,108.63323318225724,105.08207295338013,17.54644725289567,10.273219563469118,13.909833408182394,lat_pulldown_2,1096
103.0197091396127,111.86395935055504,107.44183424508387,17.17449819819021,9.603704668554824,13.389101433372517,lat_pulldown_2,1097
106.9036324601544,115.91715984042136,111.41039615028788,17.264582843661067,9.405476852680069,13.335029848170567,lat_pulldown_2,1098
109.74169070467227,117.61874329486108,113.68021699976667,17.046615249246145,9.012955614660923,13.029785431953535,lat_pulldown_2,1099
115.37228569953781,121.18259269716464,118.27743919835123,16.47549111439805,8.357980129369512,12.416735621883781,lat_pulldown_2,1100
120.42172729261179,125.77870521845048,123.10021625553114,16.16401818322744,8.294021500070448,12.229019841648945,lat_pulldown_2,1101
121.68542045815477,127.02328479038496,124.35435262426986,16.848761353219928,7.0191880419123365,11.933974697566132,lat_pulldown_2,1102
128.66552121601737,134.76367898179655,131.71460009890694,17.2676889078673,5.035716967483997,11.151702937675648,lat_pulldown_2,1103
133.18674411272391,139.20999600796014,136.19837006034203,17.501931167701393,5.290941520233617,11.396436343967505,lat_pulldown_2,1104
140.47616539484756,143.04023676377065,141.75820107930912,17.54264117862177,4.725533938349869,11.13408755848582,lat_pulldown_2,1105
144.95425809502908,144.20744857986492,144.580853337447,16.524899553322864,4.920588900413423,10.722744226868144,lat_pulldown_2,1106
144.93987588507412,146.53354156009206,145.7367087225831,16.613193234181647,4.995821467053294,10.80450735061747,lat_pulldown_2,1107
144.82678194489742,149.2185176767918,147.0226498108446,16.57132225437346,4.110352855172586,10.340837554773023,lat_pulldown_2,1108
146.65093144419586,150.4643857289388,148.55765858656733,16.502752466921173,4.198299103493707,10.35052578520744,lat_pulldown_2,1109
147.3598999494426,152.2005760584559,149.78023800394925,16.38476479001633,4.598477141823225,10.491620965919777,lat_pulldown_2,1110
147.2325595222755,152.34731081501994,149.78993516864773,16.415435699939195,4.754476844255721,10.584956272097457,lat_pulldown_2,1111
147.4287661099675,152.44124243943824,149.93500427470286,16.15849316362625,4.978464653212845,10.568478908419548,lat_pulldown_2,1112
147.16221981590724,152.84695003840864,150.00458492715794,15.92997769280188,5.018385494773073,10.474181593787478,lat_pulldown_2,1113
147.75111804209413,152.27079001494667,150.01095402852042,15.748604682002918,5.470335167712802,10.60946992485786,lat_pulldown_2,1114
147.04182982061786,150.64509684901552,148.8434633348167,16.086214031742834,6.4472560612911165,11.266735046516976,lat_pulldown_2,1115
145.87318107685124,149.13879349322542,147.50598728503832,15.63020472527191,6.697683709474147,11.163944217373029,lat_pulldown_2,1116
143.86041633847347,146.15888850741393,145.0096524229437,15.67051384191473,6.736965507376494,11.203739674645611,lat_pulldown_2,1117
139.80107415510398,142.2817440324241,141.04140909376403,16.29090041894283,6.6997925318471205,11.495346475394975,lat_pulldown_2,1118
134.40111495966445,137.218236290594,135.80967562512922,16.306535604989886,6.785306716904912,11.5459211609474,lat_pulldown_2,1119
133.87725039059535,132.87488566724537,133.37606802892037,16.518086414921225,6.657334732460724,11.587710573690973,lat_pulldown_2,1120
129.8142572959881,127.47619479447059,128.64522604522935,16.368130670123506,6.526253204391012,11.447191937257259,lat_pulldown_2,1121
122.81827994084551,121.95344047598428,122.3858602084149,16.091052311807093,6.952211796011009,11.521632053909052,lat_pulldown_2,1122
116.39634295164775,114.22007246002246,115.30820770583512,16.3384283346124,7.585444695094817,11.961936514853608,lat_pulldown_2,1123
109.96932523846756,104.3263172706736,107.14782125457057,15.793329895281238,8.14664145669258,11.969985675986909,lat_pulldown_2,1124
106.0929874331426,103.33895104102703,104.7159692370848,15.13512986994547,8.922728543101877,12.028929206523674,lat_pulldown_2,1125
100.72765078900734,100.99494108289696,100.86129593595214,14.897304620901272,8.757035205340905,11.82716991312109,lat_pulldown_2,1126
94.67246963475522,98.74323115414325,96.70785039444922,15.506170861710196,7.556285125607896,11.531227993659046,lat_pulldown_2,1127
85.4520467393269,93.32925402001973,89.39065037967332,15.329541428402756,7.3190119256620045,11.32427667703238,lat_pulldown_2,1128
76.36108037845918,87.3335949511655,81.84733766481233,14.668481912319251,7.318847132455011,10.993664522387132,lat_pulldown_2,1129
72.9191774986536,87.63100026716796,80.27508888291078,15.266458904670452,7.01698172328277,11.141720313976611,lat_pulldown_2,1130
73.77744865064886,85.12547061523095,79.4514596329399,14.467471043710379,7.277049916667567,10.872260480188974,lat_pulldown_2,1131
73.6930107374024,84.97166461732147,79.33233767736193,14.533914957075282,7.482113483515074,11.008014220295179,lat_pulldown_2,1132
75.27709219662275,84.37091463665217,79.82400341663745,14.146286401592437,8.270596273808925,11.20844133770068,lat_pulldown_2,1133
80.3033689755366,84.60442490361565,82.45389693957613,14.534827737527198,8.530652071446962,11.53273990448708,lat_pulldown_2,1134
84.75664818034632,84.81905935071292,84.78785376552962,14.64283880559265,9.020623243709386,11.831731024651017,lat_pulldown_2,1135
84.65438714757288,87.35729144426732,86.0058392959201,14.961614875899345,8.723959728878008,11.842787302388675,lat_pulldown_2,1136
86.37336243448202,87.84589347673703,87.10962795560953,15.184048737065481,8.885761746798234,12.034905241931858,lat_pulldown_2,1137
84.20471571543276,89.50915827115571,86.85693699329423,15.825786193766094,9.592412636973295,12.709099415369694,lat_pulldown_2,1138
84.09441974344544,88.71768415473788,86.40605194909166,16.043749275308098,10.225097236884979,13.13442325609654,lat_pulldown_2,1139
85.70824503366696,89.65881067761984,87.6835278556434,16.180585180539985,10.538960392501073,13.35977278652053,lat_pulldown_2,1140
86.6592904418671,88.8423098863268,87.75080016409694,16.591645820488964,10.775712549303073,13.683679184896018,lat_pulldown_2,1141
85.91143358014362,86.24625462035435,86.07884410024899,17.301390301167377,11.155224484115688,14.228307392641533,lat_pulldown_2,1142
86.22207660896345,85.19637389430683,85.70922525163513,17.391208424824455,11.816069151911503,14.603638788367979,lat_pulldown_2,1143
86.7938730072141,85.81440187133533,86.30413743927471,17.710313183466553,13.264916721130152,15.487614952298353,lat_pulldown_2,1144
86.07358172737673,84.6151349287285,85.3443583280526,17.821617034441278,13.283424065496783,15.552520549969032,lat_pulldown_2,1145
86.81660832355526,86.09033370893353,86.4534710162444,17.983337767277725,13.235420625760558,15.609379196519141,lat_pulldown_2,1146
87.40734791206737,86.00036444649879,86.70385617928308,17.61462632735524,13.162279416388627,15.388452871871934,lat_pulldown_2,1147
86.1686640208272,85.2714376712489,85.72005084603805,17.471391305952743,13.394776692580692,15.433083999266717,lat_pulldown_2,1148
85.40636904730913,84.9651348258454,85.18575193657726,17.17226127674917,13.615863671250272,15.394062473999721,lat_pulldown_2,1149
84.37715360367284,82.48380370741553,83.43047865554419,16.84808132777648,13.668852786531867,15.258467057154174,lat_pulldown_2,1150
84.56592373271266,79.74706691853747,82.15649532562506,16.875183899033516,13.6863512918615,15.280767595447507,lat_pulldown_2,1151
86.09458127779266,77.85154170819283,81.97306149299274,16.82126822150231,13.391284890252427,15.106276555877368,lat_pulldown_2,1152
85.65667440502422,75.74220155539744,80.69943798021083,16.67395558312485,12.828794389541647,14.75137498633325,lat_pulldown_2,1153
84.40897853972407,76.707958423444,80.55846848158404,16.69260757600687,12.748868931495165,14.72073825375102,lat_pulldown_2,1154
84.82993237610312,78.10112027058992,81.46552632334652,16.479471574793493,12.79856729477008,14.639019434781787,lat_pulldown_2,1155
86.0398942612971,80.47250196564217,83.25619811346964,16.069924584321097,12.68548815501448,14.377706369667788,lat_pulldown_2,1156
86.16310509614581,82.25812490201112,84.21061499907847,15.932522211940713,12.608905547540415,14.270713879740564,lat_pulldown_2,1157
81.23468959295434,83.87369575749103,82.55419267522268,15.658442697167537,12.42693267964274,14.042687688405138,lat_pulldown_2,1158
78.09789091991485,82.1756783711935,80.13678464555417,14.683780281699159,12.285626579311517,13.484703430505338,lat_pulldown_2,1159
77.70624658267086,82.1184585068419,79.91235254475637,13.502794109953076,12.549273705038527,13.026033907495801,lat_pulldown_2,1160
79.26142193914794,81.86905755443603,80.56523974679197,12.884515325323216,13.082170989860199,12.983343157591708,lat_pulldown_2,1161
79.89339236968189,83.22646672432425,81.55992954700307,12.55160117453944,13.278779058286954,12.915190116413196,lat_pulldown_2,1162
81.16724888190777,83.61223412445969,82.38974150318373,11.967286593009662,13.58629751687522,12.77679205494244,lat_pulldown_2,1163
81.1938591724645,84.32701557026212,82.76043737136331,11.709824117998771,13.813497764183163,12.761660941090966,lat_pulldown_2,1164
83.86106216966921,85.9533924869383,84.90722732830375,11.622987603403672,13.969285823044888,12.79613671322428,lat_pulldown_2,1165
84.78721958941478,88.30211427741926,86.54466693341702,11.666370472496915,14.172930444800068,12.91965045864849,lat_pulldown_2,1166
87.49652461091686,90.21840940051163,88.85746700571426,12.599442723819223,13.810233853718213,13.204838288768718,lat_pulldown_2,1167
90.25123157299251,93.313443999394,91.78233778619325,13.848998170619607,12.002206134902234,12.92560215276092,lat_pulldown_2,1168
91.9874255360429,96.01338207850853,94.00040380727572,14.108577069353125,11.238753111607412,12.673665090480268,lat_pulldown_2,1169
96.62859581429875,97.66859883140768,97.14859732285322,15.141459749521825,10.127476674892712,12.634468212207269,lat_pulldown_2,1170
99.76388501028977,99.57822175514292,99.67105338271634,15.050243334699298,10.371842412678037,12.711042873688667,lat_pulldown_2,1171
101.67994769464735,103.4240685642763,102.55200812946183,15.033402389530341,9.726082952676235,12.379742671103287,lat_pulldown_2,1172
105.72685913730736,112.99245371455305,109.35965642593021,15.203334422719061,9.138138352560436,12.17073638763975,lat_pulldown_2,1173
110.25859270866604,119.66643031856051,114.96251151361328,15.135940741155347,9.126972879850623,12.131456810502986,lat_pulldown_2,1174
115.20691973285045,122.20523646944983,118.70607810115014,15.323335933169865,8.420750480240653,11.872043206705259,lat_pulldown_2,1175
119.22121043020232,126.26126363103879,122.74123703062055,15.285708123926144,8.390049895775839,11.83787900985099,lat_pulldown_2,1176
124.05348797392568,128.67850617038403,126.36599707215485,15.737482662502675,8.186411956536471,11.961947309519573,lat_pulldown_2,1177
131.19108471178106,132.9749146824065,132.08299969709378,15.597667491083337,7.7846082073023215,11.69113784919283,lat_pulldown_2,1178
135.0947065902787,137.13908792005708,136.11689725516788,15.494000407592642,7.469802927671721,11.481901667632181,lat_pulldown_2,1179
141.25088466716375,144.5343513199517,142.89261799355774,15.339701455267676,7.360959219322376,11.350330337295025,lat_pulldown_2,1180
144.0128277790869,151.76988464201582,147.89135621055135,14.742088035087178,7.973961378717578,11.358024706902379,lat_pulldown_2,1181
148.392625005483,152.9752993912912,150.68396219838712,14.651402868017252,7.875360449715984,11.263381658866617,lat_pulldown_2,1182
150.85789842122202,154.29220035348402,152.57504938735303,14.23449778825464,7.814659139265013,11.024578463759827,lat_pulldown_2,1183
152.37064175433628,157.58462986430933,154.9776358093228,14.301264132120163,7.892794410517904,11.097029271319034,lat_pulldown_2,1184
152.05129956530246,158.24619786167264,155.14874871348755,14.465688321302498,7.590983437716743,11.028335879509621,lat_pulldown_2,1185
154.659026531826,158.02091766041028,156.33997209611812,14.242119849004046,7.632089922964831,10.93710488598444,lat_pulldown_2,1186
156.03924546686224,160.59234651915108,158.31579599300665,14.192902498265296,7.645330984971784,10.91911674161854,lat_pulldown_2,1187
156.14825706356993,160.29951036582102,158.2238837146955,14.387569796920786,6.982873781077716,10.68522178899925,lat_pulldown_2,1188
155.5943349497726,159.24524359113497,157.41978927045378,14.396585560809106,6.334357740634435,10.365471650721771,lat_pulldown_2,1189
155.22976523368908,156.64560856455182,155.93768689912045,14.475465375482493,6.062421515363084,10.268943445422789,lat_pulldown_2,1190
153.60197770401214,153.472483442366,153.53723057318908,14.642113462473365,5.718353941617235,10.1802337020453,lat_pulldown_2,1191
151.08523435817153,150.33264018748537,150.70893727282845,15.080226712587839,5.949563617851144,10.514895165219492,lat_pulldown_2,1192
148.58095283336598,144.78998932900305,146.68547108118452,15.568778731540668,6.079935419873586,10.824357075707127,lat_pulldown_2,1193
142.232572264981,141.54315284974527,141.88786255736312,15.787621408340963,6.453465071348523,11.120543239844743,lat_pulldown_2,1194
136.54325905952155,137.598239573503,137.07074931651226,15.421265380799463,7.270224517086464,11.345744948942963,lat_pulldown_2,1195
132.56541017894247,132.870690092681,132.71805013581172,15.196360057036369,7.798660806296837,11.497510431666603,lat_pulldown_2,1196
128.38066029524504,127.31474631701292,127.84770330612898,15.156836665307749,7.795552950145159,11.476194807726454,lat_pulldown_2,1197
121.98030035303739,120.59132422529402,121.2858122891657,15.217767202119944,7.794924005789173,11.506345603954559,lat_pulldown_2,1198
115.2772361889455,110.6099550511245,112.943595620035,15.308926955977212,7.469848784206178,11.389387870091696,lat_pulldown_2,1199
105.28443544379584,97.66585478882183,101.47514511630884,15.99829265595042,6.250631736929336,11.124462196439879,lat_pulldown_2,1200
102.15892164694824,97.23593857260903,99.69743010977864,16.646656418565556,6.306605940188973,11.476631179377264,lat_pulldown_2,1201
99.0572512218236,96.86847211025417,97.96286166603889,17.247429515822276,5.115650438827338,11.181539977324807,lat_pulldown_2,1202
93.02494952940285,91.90331696313484,92.46413324626884,16.633487646000074,5.934705324580075,11.284096485290075,lat_pulldown_2,1203
86.81146805692484,86.89553317248512,86.85350061470498,16.633474066046436,6.803048939029687,11.718261502538061,lat_pulldown_2,1204
81.79485962075726,81.41627671994083,81.60556817034904,16.20890966648757,7.370080217767004,11.789494942127288,lat_pulldown_2,1205
75.2870230935046,78.178115339132,76.7325692163183,14.26996732972084,8.042509127826817,11.156238228773828,lat_pulldown_2,1206
72.04401862430669,77.0868578300575,74.56543822718209,14.333553414435222,8.590724230313226,11.462138822374225,lat_pulldown_2,1207
70.60716431817097,76.01992422008455,73.31354426912776,14.32753979494097,8.992546104939963,11.660042949940467,lat_pulldown_2,1208
76.4574551196757,77.55111863371599,77.00428687669584,14.944902792159272,9.212425108262922,12.078663950211098,lat_pulldown_2,1209
77.50354509200946,75.51680122726333,76.5101731596364,16.10069188179479,9.078930296553393,12.589811089174091,lat_pulldown_2,1210
76.74833246389129,77.28740291439419,77.01786768914275,17.128636048870103,8.879353691531128,13.003994870200614,lat_pulldown_2,1211
78.04329167265092,79.54809507936336,78.79569337600714,17.295486903526815,8.827862904904643,13.061674904215728,lat_pulldown_2,1212
79.4101197760022,81.25451079104963,80.33231528352592,17.953509042785583,9.041119242282717,13.497314142534151,lat_pulldown_2,1213
82.07415846228035,84.96913130823815,83.52164488525925,17.85390785644268,9.457426098787975,13.65566697761533,lat_pulldown_2,1214
83.77378931843265,86.599498857168,85.18664408780032,17.58190705020714,10.35537859659407,13.968642823400604,lat_pulldown_2,1215
87.00004869300798,88.36721850407905,87.68363359854351,17.78167453854974,10.314692088463742,14.04818331350674,lat_pulldown_2,1216
88.70581477898824,87.29908836037514,88.00245156968168,17.87684126219294,11.29890114685059,14.587871204521765,lat_pulldown_2,1217
89.49552051963981,86.03660281944478,87.7660616695423,18.305404183829435,12.689085116813855,15.497244650321644,lat_pulldown_2,1218
92.07672790123883,85.25645554114757,88.6665917211932,18.13788935815355,13.574129917124647,15.856009637639099,lat_pulldown_2,1219
89.54889249098552,83.45912020719685,86.50400634909118,17.996334087837514,13.519403511307564,15.757868799572538,lat_pulldown_2,1220
90.84018555066751,84.24561270136635,87.54289912601693,17.64773437267262,13.436458914139944,15.542096643406282,lat_pulldown_2,1221
91.65306135077982,84.09312323393762,87.87309229235872,17.05414162174313,13.548267899217134,15.301204760480132,lat_pulldown_2,1222
92.24491515534804,84.98310119609627,88.61400817572215,16.919912025360393,13.361202837811604,15.140557431585998,lat_pulldown_2,1223
91.73165591611314,85.73186547724892,88.73176069668102,16.586527633912123,13.307197155691366,14.946862394801745,lat_pulldown_2,1224
89.29041917075392,81.76206560643159,85.52624238859275,15.95171799888659,13.062328049235465,14.507023024061027,lat_pulldown_2,1225
86.98665695758554,76.25085340429224,81.61875518093889,15.815611274219304,12.692571201171024,14.254091237695164,lat_pulldown_2,1226
85.71483307589885,75.71640590869886,80.71561949229886,15.352263814266582,12.347781505344987,13.850022659805784,lat_pulldown_2,1227
87.92910262757046,77.91029444817983,82.91969853787515,15.095223363952927,12.025177314600143,13.560200339276534,lat_pulldown_2,1228
87.75806391912718,76.3626489869283,82.06035645302774,14.317125818580866,12.237418198784257,13.277272008682562,lat_pulldown_2,1229
82.9964206428819,77.26366712633501,80.13004388460845,14.484284396460614,11.842489883567374,13.163387140013995,lat_pulldown_2,1230
81.14358317400274,80.36246094965286,80.7530220618278,14.498926836084587,11.706996012704332,13.10296142439446,lat_pulldown_2,1231
80.5238872541804,81.66117122683272,81.09252924050656,14.513697078625018,11.412805261963294,12.963251170294157,lat_pulldown_2,1232
80.44350569474003,80.32646666377963,80.38498617925983,14.29919450270525,11.339870097288768,12.81953229999701,lat_pulldown_2,1233
78.23508591158698,80.98281609763092,79.60895100460894,14.185620122315754,11.35297333648759,12.769296729401672,lat_pulldown_2,1234
76.87168079275075,80.81886175556036,78.84527127415555,13.870364498114611,11.28030851160742,12.575336504861015,lat_pulldown_2,1235
76.8277947616683,81.80472295442138,79.31625885804485,13.930470320180676,10.904502482208043,12.41748640119436,lat_pulldown_2,1236
78.94964598832028,83.7026755855203,81.3261607869203,14.222146305695713,10.966224023742914,12.594185164719313,lat_pulldown_2,1237
81.28050968377909,86.55227089888331,83.9163902913312,14.021354924396174,10.94076356269794,12.481059243547058,lat_pulldown_2,1238
82.43627868227622,89.65911942771623,86.04769905499623,14.10678772893786,11.08096504648542,12.59387638771164,lat_pulldown_2,1239
84.94885275843092,93.59888761453277,89.27387018648184,14.181611567998967,10.924475737863299,12.553043652931134,lat_pulldown_2,1240
88.61973348642687,98.18725182653264,93.40349265647976,14.728338525459039,10.269504580039317,12.498921552749177,lat_pulldown_2,1241
94.20799397596521,101.86564207425465,98.03681802510994,15.003967683840282,10.353845626218106,12.678906655029195,lat_pulldown_2,1242
98.34622816253811,104.0991033408954,101.22266575171676,16.957465413192235,10.570268101679492,13.763866757435864,lat_pulldown_2,1243
100.53486505630356,105.76667956489129,103.15077231059743,17.404946120993873,10.786699843524772,14.095822982259323,lat_pulldown_2,1244
104.53043839588555,109.94653066097209,107.23848452842881,18.70599472056393,10.269894887561085,14.487944804062508,lat_pulldown_2,1245
108.09805178619419,112.569247962183,110.3336498741886,20.479731441374746,9.995989332167444,15.237860386771095,lat_pulldown_2,1246
112.58639485561051,119.27767974910608,115.9320373023583,18.454459610958622,10.099626475777118,14.27704304336787,lat_pulldown_2,1247
119.25348482432688,122.69474300498854,120.9741139146577,17.903689696857203,9.218148202874978,13.56091894986609,lat_pulldown_2,1248
125.65304046743059,126.87755742769721,126.2652989475639,14.1229178961126,9.315714230414756,11.719316063263678,lat_pulldown_2,1249
133.18277290193004,129.87349822303344,131.52813556248174,14.610387974691973,9.320046656366193,11.965217315529083,lat_pulldown_2,1250
140.13427657871395,135.23365810310386,137.6839673409089,14.909850442494932,7.400811662187564,11.155331052341248,lat_pulldown_2,1251
146.1724638231293,138.3059872156464,142.23922551938784,14.859943931680908,6.864753889430256,10.862348910555582,lat_pulldown_2,1252
147.83864702156953,143.27511532304356,145.55688117230653,14.914727545731877,5.356261964268454,10.135494755000165,lat_pulldown_2,1253
149.67703026528093,149.7624051067829,149.7197176860319,14.99959726287378,5.039989616330036,10.019793439601909,lat_pulldown_2,1254
151.1950572581771,153.23857870504105,152.21681798160907,15.021094510922977,4.509882333835832,9.765488422379404,lat_pulldown_2,1255
154.27101128864692,154.67831321673128,154.4746622526891,15.139901185128753,4.373960115386064,9.75693065025741,lat_pulldown_2,1256
155.540876035361,154.6866187515475,155.11374739345428,15.306018875836983,4.047688808932655,9.67685384238482,lat_pulldown_2,1257
156.66602631461058,155.64137209778295,156.15369920619676,15.508115476434131,3.878954036433749,9.693534756433941,lat_pulldown_2,1258
156.99425606756333,155.4354157068929,156.2148358872281,15.517994874692189,3.383608771965083,9.450801823328636,lat_pulldown_2,1259
157.5011658174909,153.5778103469142,155.53948808220252,15.821524583902452,1.8809306738480884,8.85122762887527,lat_pulldown_2,1260
157.7363176104277,151.78900095197304,154.76265928120037,16.348506990877407,1.2519902356484207,8.800248613262914,lat_pulldown_2,1261
157.7560178029856,150.22154782340942,153.98878281319753,17.52140483387422,1.2522670357469214,9.386835934810572,lat_pulldown_2,1262
156.23974520615357,147.72656759028246,151.983156398218,17.71285527571135,1.9574809325044507,9.8351681041079,lat_pulldown_2,1263
152.93423208702734,142.1700115161651,147.55212180159623,17.70320597685771,2.973396804983479,10.338301390920595,lat_pulldown_2,1264
149.0575008736823,136.20575130700254,142.63162609034242,17.924986728243194,3.662298959638082,10.793642843940638,lat_pulldown_2,1265
143.41967442595805,134.15562942878088,138.78765192736947,16.387877965190896,5.808727274281086,11.09830261973599,lat_pulldown_2,1266
136.65631510229073,130.63851469009649,133.6474148961936,16.901404737423533,5.759907517053359,11.330656127238447,lat_pulldown_2,1267
130.83469097282835,127.34332162601552,129.08900629942195,17.701406827368828,5.559632063074833,11.63051944522183,lat_pulldown_2,1268
123.33113411764391,117.77005863444356,120.55059637604373,17.187382639594375,5.75991416411848,11.473648401856428,lat_pulldown_2,1269
112.70801770852324,108.09172581999007,110.39987176425666,16.830563798976083,7.033222505454183,11.931893152215133,lat_pulldown_2,1270
102.78547193577924,101.32126693365677,102.05336943471801,15.822215352693364,8.08419019299019,11.953202772841777,lat_pulldown_2,1271
101.89834939357472,98.79599299693683,100.34717119525578,15.387023262257657,9.286447110599187,12.336735186428422,lat_pulldown_2,1272
99.39471027411729,94.7238584576204,97.05928436586885,16.10543594093086,9.003458957068949,12.554447448999905,lat_pulldown_2,1273
93.5687583458552,88.94854433977031,91.25865134281275,17.047133355109114,8.559771117436103,12.803452236272609,lat_pulldown_2,1274
89.91883817431689,84.0879136596215,87.00337591696919,17.05325790517123,9.152756350450256,13.103007127810741,lat_pulldown_2,1275
85.47839464194112,80.33109857643434,82.90474660918773,17.3197991265911,10.409651554400396,13.864725340495749,lat_pulldown_2,1276
80.012427895588,76.13723024309259,78.0748290693403,16.880792176947804,10.521918258740765,13.701355217844284,lat_pulldown_2,1277
72.77077094882559,73.12342866318959,72.94709980600759,16.20060957964123,11.14670755499959,13.67365856732041,lat_pulldown_2,1278
74.84133362325211,72.15522327983346,73.49827845154279,15.888340730667853,11.190616603281706,13.53947866697478,lat_pulldown_2,1279
73.71182453206038,75.48380971931391,74.59781712568714,15.468182932776353,11.457447308541926,13.46281512065914,lat_pulldown_2,1280
75.74069944427868,77.67132222091055,76.70601083259461,15.73386644124388,11.626906944671948,13.680386692957914,lat_pulldown_2,1281
79.47626971106885,78.7080030584105,79.09213638473967,16.070297934965648,11.789693559330793,13.92999574714822,lat_pulldown_2,1282
78.89639715515243,83.6933106804873,81.29485391781986,16.43475047685966,12.11033502859162,14.27254275272564,lat_pulldown_2,1283
82.67864284078905,84.01516900336232,83.34690592207568,17.04337105211007,12.513100125941014,14.778235589025542,lat_pulldown_2,1284
86.19648898205978,87.92076234252981,87.05862566229479,17.242789012514102,14.523528438794711,15.883158725654408,lat_pulldown_2,1285
89.01694612506726,88.59676080885559,88.80685346696143,17.326214479258695,14.342310976960992,15.834262728109843,lat_pulldown_2,1286
90.47672900118995,88.75167417869875,89.61420158994434,17.404966659156194,14.300794638860868,15.852880649008531,lat_pulldown_2,1287
94.43717467841374,87.96349482026862,91.20033474934118,17.225019837872622,14.164385108829658,15.694702473351139,lat_pulldown_2,1288
94.52539416736826,87.28177218342181,90.90358317539503,17.59100226979286,13.932996244411303,15.761999257102081,lat_pulldown_2,1289
92.60160138830852,85.69267062574099,89.14713600702476,17.62736630541498,13.865100794200055,15.746233549807517,lat_pulldown_2,1290
93.58188645375277,85.90535946397776,89.74362295886527,17.524943242387916,13.931372561422648,15.728157901905282,lat_pulldown_2,1291
91.07829718923941,82.98014784624911,87.02922251774426,17.297931182059216,14.155232977923315,15.726582079991266,lat_pulldown_2,1292
89.48246303552803,82.74886635685395,86.11566469619099,17.314205348822416,14.26985986360322,15.792032606212818,lat_pulldown_2,1293
89.5994165361255,83.66355068873055,86.63148361242803,17.26423389116593,13.997356980671668,15.630795435918799,lat_pulldown_2,1294
87.14865621187442,79.30753786995909,83.22809704091677,16.77851774838622,13.725797652201612,15.252157700293917,lat_pulldown_2,1295
84.58489798280037,75.98248416857261,80.28369107568649,16.417422366775746,13.275940292370635,14.84668132957319,lat_pulldown_2,1296
83.73721435823471,74.12156829677645,78.92939132750558,16.28137386768347,12.640451502952834,14.460912685318153,lat_pulldown_2,1297
82.5118493237199,71.71835047227808,77.11509989799899,16.134110879465155,12.136722739412539,14.135416809438848,lat_pulldown_2,1298
85.03989753307728,71.92094729912837,78.48042241610283,15.91453350995412,11.766443672756752,13.840488591355436,lat_pulldown_2,1299
85.18332479392518,76.22979741100208,80.70656110246364,16.08905764086695,11.494603715428491,13.791830678147722,lat_pulldown_2,1300
88.22504877335474,79.59878374718244,83.91191626026858,15.778129900334019,11.267058536887,13.522594218610509,lat_pulldown_2,1301
85.71105135706445,79.8421236643094,82.77658751068692,15.499219142755882,11.179923522679397,13.33957133271764,lat_pulldown_2,1302
83.92067584290645,81.05243626178725,82.48655605234686,15.054523218945645,11.311541255416525,13.183032237181084,lat_pulldown_2,1303
81.48070635401625,83.18359572920151,82.33215104160888,14.813498914409658,11.574718507047828,13.194108710728743,lat_pulldown_2,1304
83.40654677206437,85.0456236662568,84.22608521916058,14.479631819403753,11.866100561443139,13.172866190423445,lat_pulldown_2,1305
85.78944889790968,86.08065404251103,85.93505147021035,13.731112777789004,12.186091672315987,12.958602225052495,lat_pulldown_2,1306
86.29123614986564,86.05516143016797,86.17319879001681,13.102648689578617,11.45066458164109,12.276656635609854,lat_pulldown_2,1307
88.95238565201444,86.98679501473214,87.96959033337329,13.442266559282483,10.700884975089398,12.07157576718594,lat_pulldown_2,1308
91.44498435802596,89.54454986041713,90.49476710922156,18.60154921461749,11.721219788125046,15.161384501371266,lat_pulldown_2,1309
93.65988356819123,91.3592810200476,92.50958229411941,18.426305324535395,12.692057348833965,15.55918133668468,lat_pulldown_2,1310
95.38544428381356,98.81785594262993,97.10165011322175,20.24421852907475,12.42840143875022,16.336309983912486,lat_pulldown_2,1311
97.2413414258784,104.68681002843235,100.96407572715538,20.818586861191932,12.517144150311529,16.66786550575173,lat_pulldown_2,1312
99.85127895824611,108.80707070496706,104.3291748316066,20.955739205424983,12.631682958114224,16.793711081769604,lat_pulldown_2,1313
101.01335058331787,110.88415677560229,105.94875367946008,20.849541106361887,11.827387276106432,16.33846419123416,lat_pulldown_2,1314
105.90893897042386,113.17628813927223,109.54261355484805,20.583750682058334,11.833841130551006,16.20879590630467,lat_pulldown_2,1315
110.07874889574063,116.2129143395897,113.14583161766517,19.372504150440474,11.73275460262142,15.552629376530946,lat_pulldown_2,1316
113.06127913232174,120.44391685056254,116.75259799144214,18.587636309764697,10.02512621337096,14.306381261567829,lat_pulldown_2,1317
115.85695876939363,123.25421924519739,119.55558900729551,18.424251419046325,9.059004245052085,13.741627832049204,lat_pulldown_2,1318
118.09462610939038,127.04533728855847,122.56998169897443,17.994181793769272,8.112137834770794,13.053159814270032,lat_pulldown_2,1319
121.35091804160756,130.55668975758093,125.95380389959425,18.098776242436433,7.218410566797141,12.658593404616788,lat_pulldown_2,1320
126.22870793082481,136.1136430802414,131.17117550553309,17.94594295331557,6.14179465103866,12.043868802177116,lat_pulldown_2,1321
134.2383762418122,140.7410197048933,137.48969797335275,17.106675696130345,4.843285031497266,10.974980363813806,lat_pulldown_2,1322
139.1140761343691,145.46375370487155,142.2889149196203,14.793083274807747,5.5412011611072085,10.167142217957478,lat_pulldown_2,1323
145.12915422312184,157.0910210487239,151.11008763592287,14.892958086840803,5.136661725136713,10.014809905988757,lat_pulldown_2,1324
146.13939850766633,155.00504758278797,150.57222304522713,14.9757172957641,4.775373999810527,9.875545647787314,lat_pulldown_2,1325
146.55976742029156,154.21739808486564,150.3885827525786,15.100183568876886,4.6713086966224475,9.885746132749667,lat_pulldown_2,1326
147.28438695675675,154.70013324451122,150.99226010063398,14.990020001607427,4.433871157388965,9.711945579498195,lat_pulldown_2,1327
147.02217832685142,154.85652478118504,150.93935155401823,15.136215641605364,4.400926930043606,9.768571285824486,lat_pulldown_2,1328
146.9782717473943,154.60168727723183,150.78997951231307,15.585602274814821,4.251500651480654,9.918551463147738,lat_pulldown_2,1329
147.18336141258743,154.71716140323406,150.95026140791074,15.57509422066378,4.250345572250391,9.912719896457086,lat_pulldown_2,1330
148.27986909999493,154.46010295025656,151.36998602512574,15.578531379338985,4.073713854045636,9.82612261669231,lat_pulldown_2,1331
149.29081713754493,153.94080235940726,151.6158097484761,15.630377175312233,4.150078511341083,9.890227843326658,lat_pulldown_2,1332
149.31103455784387,153.00381671710898,151.15742563747642,15.525171072861358,4.211870392743398,9.868520732802377,lat_pulldown_2,1333
148.9371805228799,153.0778906541831,151.0075355885315,15.556126781241389,4.31982813123188,9.937977456236634,lat_pulldown_2,1334
148.8514332521548,150.69871880664104,149.77507602939792,15.78337637073852,4.332295569682,10.05783597021026,lat_pulldown_2,1335
146.22532036408612,145.939342308008,146.08233133604705,16.40477325676402,5.274774279595819,10.83977376817992,lat_pulldown_2,1336
144.6962524492772,143.89770781374423,144.29698013151074,16.690230976080105,5.114757772255017,10.902494374167562,lat_pulldown_2,1337
141.98606386414318,142.22352501461933,142.10479443938124,16.643164187770434,5.445695418540658,11.044429803155547,lat_pulldown_2,1338
137.49905554982467,142.2141563606986,139.85660595526164,16.5628507760996,5.914434516874933,11.238642646487268,lat_pulldown_2,1339
132.18398380264702,136.03059726132102,134.107290531984,16.168780827180708,5.449733610961938,10.809257219071323,lat_pulldown_2,1340
124.36647315372608,129.90500091998442,127.13573703685525,16.237784003017797,5.133884237826791,10.685834120422294,lat_pulldown_2,1341
121.18211683795397,121.27043950848324,121.2262781732186,16.210008157411735,4.904707672499535,10.557357914955634,lat_pulldown_2,1342
111.37225325348228,114.58630410135066,112.97927867741647,15.575292848126018,4.898277749596429,10.236785298861223,lat_pulldown_2,1343
105.89987016123395,107.3468051929558,106.62333767709487,16.170463539337735,5.151910459112577,10.661186999225157,lat_pulldown_2,1344
100.7864104202249,103.19168410905024,101.98904726463758,14.35267490883266,5.318377292763387,9.835526100798024,lat_pulldown_2,1345
95.45080706350733,100.54064727568556,97.99572716959645,13.857605746668824,5.87295276225513,9.865279254461978,lat_pulldown_2,1346
86.82750547172327,96.14619051956629,91.48684799564478,14.225216732596824,5.890332616785102,10.057774674690963,lat_pulldown_2,1347
82.19935208593586,93.73181754602427,87.96558481598007,14.74317533807577,5.932964443853482,10.338069890964626,lat_pulldown_2,1348
76.8483499037341,88.93853213137156,82.89344101755283,14.451271856545874,6.8368598078579925,10.644065832201933,lat_pulldown_2,1349
71.60845283238075,84.95802879474607,78.28324081356341,14.598836280290591,7.699829795468115,11.149333037879353,lat_pulldown_2,1350
70.53166910618191,80.55989719336931,75.54578314977562,14.943605331514512,9.099761335353694,12.021683333434103,lat_pulldown_2,1351
68.38881650195063,78.59435161033382,73.49158405614222,15.187871208979569,9.466762172657536,12.327316690818552,lat_pulldown_2,1352
72.00133664165021,78.01292349359835,75.00713006762427,15.289803086207916,9.74411238205878,12.51695773413335,lat_pulldown_2,1353
74.39711457610888,76.0457315661425,75.22142307112568,15.272517715761321,10.098823649077763,12.685670682419541,lat_pulldown_2,1354
74.0476038628555,77.80836524682249,75.92798455483899,15.963183865261316,10.097235467199734,13.030209666230526,lat_pulldown_2,1355
74.99009078264157,79.06326927346763,77.0266800280546,16.66290319451781,9.98502953621179,13.3239663653648,lat_pulldown_2,1356
79.3134967956395,81.75404399221624,80.53377039392787,17.24523361133667,9.964413087883088,13.604823349609878,lat_pulldown_2,1357
34.72455240484361,72.15753103335743,53.44104171910052,15.491539121146113,10.621913726214938,13.056726423680526,lat_pulldown_2,1358
66.28807308225768,76.73751963181412,71.51279635703591,16.112388320083536,10.387324484587168,13.249856402335352,lat_pulldown_2,1359
77.83911014798538,71.45477558918418,74.64694286858477,17.05319849234715,11.63268655080449,14.34294252157582,lat_pulldown_2,1360
84.69921284654653,72.09006949432144,78.39464117043399,16.67238625948073,11.930194563661322,14.301290411571028,lat_pulldown_2,1361
87.87630773709304,74.97081792075339,81.42356282892322,16.80696499851185,11.896899564853866,14.35193228168286,lat_pulldown_2,1362
88.30841518300747,75.92967436434927,82.11904477367837,17.056413636229706,12.363138897130163,14.709776266679935,lat_pulldown_2,1363
88.55195654686443,75.83324005040186,82.19259829863314,15.712395587020634,12.757192383679266,14.234793985349949,lat_pulldown_2,1364
89.162600699517,76.84356370249579,83.00308220100639,15.607699620120195,12.865481702563773,14.236590661341985,lat_pulldown_2,1365
89.14191770723131,80.09701294374236,84.61946532548683,14.276203119505132,13.132995487397048,13.70459930345109,lat_pulldown_2,1366
89.31504754783982,81.5038311990448,85.40943937344231,14.069545924252445,13.408928926092631,13.739237425172538,lat_pulldown_2,1367
88.81897870955473,81.13643038179754,84.97770454567613,14.148439440889529,13.424490932440186,13.786465186664858,lat_pulldown_2,1368
86.42260404904707,80.87339909329573,83.64800157117139,14.006929627513388,13.509082392214587,13.758006009863987,lat_pulldown_2,1369
85.36206782511776,76.86485877400457,81.11346329956118,14.070985543454118,13.281443488845905,13.676214516150011,lat_pulldown_2,1370
85.13331615100626,72.96037752095599,79.04684683598111,14.198152477882566,13.035276870564672,13.61671467422362,lat_pulldown_2,1371
85.86683815537285,75.15952543221601,80.51318179379443,14.14081907932851,12.594284701176342,13.367551890252425,lat_pulldown_2,1372
87.43812685999269,78.63911806445212,83.0386224622224,14.45113424670907,11.576325649012224,13.013729947860647,lat_pulldown_2,1373
87.43275120706363,80.61513107748146,84.02394114227255,14.329166931642082,11.696413011841944,13.012789971742013,lat_pulldown_2,1374
83.80305089627839,80.86928520092681,82.3361680486026,14.160404733073586,11.545110562804084,12.852757647938834,lat_pulldown_2,1375
82.58547254670421,79.09545359725809,80.84046307198115,13.739906144164603,11.62397755527681,12.681941849720706,lat_pulldown_2,1376
82.04102727412236,77.72203024166043,79.8815287578914,13.88129222099104,11.56874102361487,12.725016622302956,lat_pulldown_2,1377
78.14285530706158,76.9115381600756,77.52719673356859,13.346668006040105,12.162369387388518,12.75451869671431,lat_pulldown_2,1378
78.70145363387047,78.14745642426443,78.42445502906745,12.902101010807117,12.5841491129925,12.743125061899809,lat_pulldown_2,1379
81.66611848872212,80.65498262651107,81.1605505576166,13.517557476147632,12.784928058807884,13.151242767477758,lat_pulldown_2,1380
84.31522861675364,85.21690913445968,84.76606887560666,14.066301533941235,12.616930349989284,13.341615941965259,lat_pulldown_2,1381
86.24100189928124,87.9020912257854,87.07154656253331,14.2979330122948,12.536595882560205,13.417264447427502,lat_pulldown_2,1382
94.13134132896191,116.47387194869742,105.30260663882967,14.59925988927397,13.222566825844748,13.910913357559359,lat_pulldown_2,1383
96.15089259291139,94.75397785419989,95.45243522355564,17.29554274440035,11.419032433916936,14.357287589158643,lat_pulldown_2,1384
99.44078048029296,103.15720692629333,101.29899370329315,18.94848022977688,10.815196995645673,14.881838612711277,lat_pulldown_2,1385
100.8331853130236,109.4209707048953,105.12707800895944,19.829730603176763,11.063554449398758,15.44664252628776,lat_pulldown_2,1386
104.9966916954409,109.44217673932778,107.21943421738433,19.935454167050526,11.018908506179192,15.477181336614859,lat_pulldown_2,1387
109.29806961891761,110.31188673144376,109.80497817518068,19.97897047732938,8.612328859193559,14.295649668261468,lat_pulldown_2,1388
110.89010682187448,111.52477234830457,111.20743958508953,18.77236172069092,7.388304528083572,13.080333124387247,lat_pulldown_2,1389
113.91539037862412,119.64768898690923,116.78153968276668,18.41297784714226,5.376406388401815,11.894692117772037,lat_pulldown_2,1390
115.27385387807318,121.43458180699548,118.35421784253433,18.329610612424037,4.336262971137908,11.332936791780973,lat_pulldown_2,1391
119.35870528911853,122.43285733810328,120.89578131361091,18.25168592002756,3.3200271838158217,10.78585655192169,lat_pulldown_2,1392
125.14062728551956,126.17104424344964,125.6558357644846,16.583837780095596,3.676993166143035,10.130415473119315,lat_pulldown_2,1393
129.17060329202542,130.82348830461225,129.99704579831882,16.509670999749602,3.992139910763541,10.250905455256571,lat_pulldown_2,1394
136.3477951461599,135.98738308152556,136.16758911384272,16.01247941954071,4.100165991362549,10.05632270545163,lat_pulldown_2,1395
141.12158732763393,141.58696775445148,141.3542775410427,16.59376835729603,6.669937372226953,11.631852864761493,lat_pulldown_2,1396
147.11715218854184,147.06573770861377,147.09144494857782,16.73504709921113,6.460542652508094,11.597794875859613,lat_pulldown_2,1397
151.10968492171378,149.13685477498467,150.12326984834922,15.732196806628469,5.725550498755475,10.728873652691972,lat_pulldown_2,1398
153.0945296463057,151.71085842526128,152.4026940357835,13.787497776806266,5.864314900429281,9.825906338617774,lat_pulldown_2,1399
151.94427739169655,147.55574585642316,149.75001162405985,14.593202003213898,5.079561947422734,9.836381975318316,lat_pulldown_2,1400
179.1200445525938,138.28424135318375,158.70214295288878,0.8921063291122999,6.989113432991212,3.9406098810517562,lat_pulldown_2,1401
173.19005995513592,147.86325274051129,160.5266563478236,9.113191626616793,0.16072394307690338,4.636957784846848,lat_pulldown_2,1402
168.90030507565493,172.23603147990084,170.5681682777779,11.004412073217125,5.074512842944806,8.039462458080965,lat_pulldown_2,1403
159.15612036112333,153.22217857760887,156.1891494693661,11.848944694006637,4.143869499761641,7.996407096884139,lat_pulldown_2,1404
153.7426428398893,174.83748000095466,164.29006142042198,12.436552010149372,3.047693932403028,7.7421229712762,lat_pulldown_2,1405
153.65311929128413,158.36909912164307,156.0111092064636,11.971425850672826,3.1022076960657126,7.536816773369269,lat_pulldown_2,1406
149.81486705280133,165.82285427878102,157.8188606657912,16.91598183621967,3.9234584946789286,10.4197201654493,lat_pulldown_2,1407
146.84697952757523,158.18574869028268,152.51636410892894,15.076437680373912,4.532023192519148,9.804230436446531,lat_pulldown_2,1408
142.95216209784533,159.53821431011403,151.2451882039797,16.410270164372335,2.267712019045897,9.338991091709115,lat_pulldown_2,1409
139.5252480703673,141.56987649466006,140.5475622825137,19.998330407777352,4.220392558797443,12.109361483287397,lat_pulldown_2,1410
137.93679625521526,154.2606487332585,146.09872249423688,18.840291407250426,5.408217631354168,12.124254519302298,lat_pulldown_2,1411
132.95530626151202,155.43986385232415,144.1975850569181,18.843370586562365,5.745580185763441,12.294475386162903,lat_pulldown_2,1412
127.57037223822662,146.3541199417304,136.96224608997852,18.33038726614068,7.326108122323872,12.828247694232276,lat_pulldown_2,1413
120.53424594961324,128.2963807714972,124.41531336055522,18.066223909090766,7.267184348183097,12.666704128636932,lat_pulldown_2,1414
116.07277555074262,126.27228090114215,121.17252822594239,17.58272060254688,5.902499977590386,11.742610290068633,lat_pulldown_2,1415
108.29510184456034,115.34128218359311,111.81819201407671,17.428227828162786,6.317421374349995,11.87282460125639,lat_pulldown_2,1416
101.34858108814365,106.39555617623364,103.87206863218864,16.13670562797252,8.266115387821305,12.201410507896913,lat_pulldown_2,1417
99.79091822880139,103.18688722629201,101.4889027275467,16.031784736141862,8.840294744286577,12.43603974021422,lat_pulldown_2,1418
92.92468539593673,97.8360402683578,95.38036283214727,15.691954190102841,10.366476535157434,13.029215362630136,lat_pulldown_2,1419
85.00337910417423,94.39661271975717,89.6999959119657,14.829779647976144,10.613786430014388,12.721783038995266,lat_pulldown_2,1420
81.55334799297242,88.74504597363013,85.14919698330127,14.716013613914441,10.527700409635683,12.621857011775063,lat_pulldown_2,1421
77.64291453012287,85.06246854534564,81.35269153773424,14.117872514451165,10.244410963327033,12.1811417388891,lat_pulldown_2,1422
70.72630633706244,84.36286598927163,77.54458616316703,13.040094372795059,10.731801329348935,11.885947851071997,lat_pulldown_2,1423
69.96801455192562,83.94346521883864,76.95573988538213,13.373090424587206,10.89660280857782,12.134846616582513,lat_pulldown_2,1424
70.28579474040052,79.5770763380238,74.93143553921216,14.278420203917193,11.062775719501726,12.67059796170946,lat_pulldown_2,1425
72.03443042344512,83.68479881516964,77.85961461930738,14.778764703237364,11.061035756545166,12.919900229891265,lat_pulldown_2,1426
72.24046893846236,86.6202189458889,79.43034394217563,15.579619548873401,11.01824482830223,13.298932188587816,lat_pulldown_2,1427
74.01454363341342,88.81273415022117,81.4136388918173,16.43122567803093,10.956955935227308,13.69409080662912,lat_pulldown_2,1428
79.01823271747077,90.97521030009108,84.99672150878092,17.505559403286995,10.506458570621328,14.00600898695416,lat_pulldown_2,1429
79.87362408565907,91.53384173569373,85.7037329106764,18.655058549538246,10.267522090285382,14.461290319911814,lat_pulldown_2,1430
81.87852006242191,91.04617703773472,86.46234855007832,20.75614234842032,9.480402457513625,15.118272402966973,lat_pulldown_2,1431
84.31787840857508,88.03458171695452,86.1762300627648,21.101586808785385,9.65801206091977,15.379799434852577,lat_pulldown_2,1432
85.43710836540275,91.21344097649614,88.32527467094945,21.04771451735739,9.790922540004926,15.41931852868116,lat_pulldown_2,1433
84.92442602262528,90.26812138155559,87.59627370209043,20.46731508286156,9.906315912358908,15.186815497610233,lat_pulldown_2,1434
88.36250515484227,90.9021423465719,89.63232375070709,20.171254429262966,10.368049377757037,15.269651903510002,lat_pulldown_2,1435
88.20634672356692,90.33113362962719,89.26874017659705,20.047453595744727,11.525626868157783,15.786540231951255,lat_pulldown_2,1436
87.20408729376946,89.01228983833508,88.10818856605226,19.32829114244598,11.975758244729676,15.652024693587828,lat_pulldown_2,1437
87.40260360334159,89.14549924127701,88.2740514223093,19.06987750006184,11.964610718529798,15.517244109295818,lat_pulldown_2,1438
88.02990746226702,87.6333476960794,87.83162757917322,19.36313705699852,11.71622021794743,15.539678637472976,lat_pulldown_2,1439
88.5657245973202,87.46201887909912,88.01387173820966,19.293414972120924,11.58012814661028,15.436771559365603,lat_pulldown_2,1440
87.80971650687543,84.74784796325802,86.27878223506673,19.12235503911855,11.583050790179795,15.352702914649171,lat_pulldown_2,1441
86.87107998379908,84.09991338202902,85.48549668291405,18.927095129756626,11.546947704201761,15.237021416979193,lat_pulldown_2,1442
85.81870108061752,78.99890082768331,82.40880095415042,18.89487258130896,10.953053067853817,14.923962824581388,lat_pulldown_2,1443
84.45609420883393,75.9410682563814,80.19858123260767,18.786484098824392,11.238767147057715,15.012625622941053,lat_pulldown_2,1444
84.80615818515531,76.73327687901717,80.76971753208625,18.4069646198772,11.114087842036799,14.760526230957,lat_pulldown_2,1445
83.72722227454948,76.68589386261011,80.2065580685798,18.06116776255159,11.074265650746174,14.567716706648882,lat_pulldown_2,1446
81.36974986044538,79.1621766548758,80.26596325766059,17.578356152937634,11.612198767284573,14.595277460111102,lat_pulldown_2,1447
78.71823337483643,81.5905916357103,80.15441250527337,17.0217779944849,11.456334666894374,14.239056330689637,lat_pulldown_2,1448
77.13233134437218,81.81031465430605,79.47132299933912,16.167491700734733,11.203460723802475,13.685476212268604,lat_pulldown_2,1449
77.79464022690746,83.76501358307125,80.77982690498936,15.43374955169704,10.649316756799543,13.041533154248292,lat_pulldown_2,1450
75.36583725172028,83.18317278851893,79.2745050201196,15.017266735385142,10.741464922598885,12.879365828992015,lat_pulldown_2,1451
75.90004752560763,81.89707195939592,78.89855974250177,14.395827910733889,11.297797282603634,12.846812596668762,lat_pulldown_2,1452
75.69677532347865,84.77348424831791,80.23512978589828,13.994497178428777,11.464927463175721,12.72971232080225,lat_pulldown_2,1453
75.48675287249604,86.43362840765514,80.96019064007558,13.651459985773824,11.112924714755474,12.38219235026465,lat_pulldown_2,1454
79.08782384711989,88.08308958011872,83.58545671361931,13.550177694868907,10.936561521928944,12.243369608398925,lat_pulldown_2,1455
83.06816189304747,90.2175433417894,86.64285261741844,13.650298923184607,10.565493991280901,12.107896457232755,lat_pulldown_2,1456
85.04564111413862,92.21220492451869,88.62892301932865,13.708429073727098,9.782448052732134,11.745438563229616,lat_pulldown_2,1457
87.77689653100985,94.69607655668455,91.2364865438472,14.65040440409232,10.137341518657035,12.393872961374678,lat_pulldown_2,1458
90.64115830262551,98.13213482754986,94.38664656508769,15.058951050382841,9.9267466737061,12.492848862044472,lat_pulldown_2,1459
95.74023159231811,101.47021118059553,98.60522138645682,15.384647390970473,10.15216728291049,12.76840733694048,lat_pulldown_2,1460
99.78777909744568,108.24618164792048,104.01698037268308,15.465466409397656,9.90212782890327,12.683797119150462,lat_pulldown_2,1461
103.84371228098854,114.85965410350818,109.35168319224836,15.149000750778407,10.02457662681232,12.586788688795364,lat_pulldown_2,1462
106.55168836101879,120.13761038874347,113.34464937488113,15.167860612108573,10.303426510767418,12.735643561437996,lat_pulldown_2,1463
110.28884260476325,122.80621820855126,116.54753040665724,14.929066236159233,10.840795204666673,12.884930720412953,lat_pulldown_2,1464
113.05848889466131,124.79820898778951,118.92834894122541,14.808208026594624,10.676526456588547,12.742367241591586,lat_pulldown_2,1465
117.62402374470527,125.98179219777097,121.80290797123811,14.720733660141603,10.611866865086347,12.666300262613975,lat_pulldown_2,1466
120.85305306620523,129.33445787415192,125.09375547017858,14.717087569269832,10.791829611537192,12.754458590403512,lat_pulldown_2,1467
126.54412101993343,132.69624167517844,129.62018134755593,14.389316574553513,10.600740786061433,12.495028680307474,lat_pulldown_2,1468
130.18789481280115,133.88727899850656,132.03758690565385,14.153230644470309,10.331638808130887,12.242434726300598,lat_pulldown_2,1469
134.98035228214556,140.23950282211058,137.60992755212806,14.20961989775054,8.584177676899747,11.396898787325144,lat_pulldown_2,1470
141.56302710362445,145.1606399018327,143.3618335027286,14.080343041166667,7.55791163968,10.819127340423334,lat_pulldown_2,1471
146.25755820090959,146.97705369359534,146.61730594725248,13.544263387388554,6.662160703782654,10.103212045585604,lat_pulldown_2,1472
151.16310268577277,150.28487245676075,150.72398757126678,13.011992573126022,6.191867431173409,9.601930002149716,lat_pulldown_2,1473
153.7204295199509,150.1323264588958,151.92637798942334,12.86680778363376,5.81010558756467,9.338456685599215,lat_pulldown_2,1474
153.32011608333755,152.53836074888116,152.92923841610934,13.519061050996607,5.779104394052421,9.649082722524515,lat_pulldown_2,1475
152.85353268705774,152.66113927154205,152.7573359792999,15.027482730308506,5.809862005879926,10.418672368094215,lat_pulldown_2,1476
154.6413980892321,152.8611768623271,153.7512874757796,17.75675833308498,4.705261803429755,11.231010068257369,lat_pulldown_2,1477
156.785737256892,153.20776658041166,154.99675191865182,17.298491695159885,4.576515669641139,10.937503682400513,lat_pulldown_2,1478
155.9332421727401,155.32791819308102,155.63058018291056,16.4857119533371,6.178403936566187,11.332057944951643,lat_pulldown_2,1479
155.6300502777911,154.70495021677982,155.16750024728546,13.781289651054037,6.281188095378557,10.031238873216296,lat_pulldown_2,1480
155.69862503228376,152.83078850539664,154.2647067688402,15.600878518703707,6.15701385536818,10.878946187035943,lat_pulldown_2,1481
155.85017329515375,150.50377536529447,153.1769743302241,15.948951989828984,6.383790490971167,11.166371240400075,lat_pulldown_2,1482
154.13351837508355,148.15736263311533,151.14544050409944,16.168105778393443,5.748010759940584,10.958058269167013,lat_pulldown_2,1483
152.403992701644,145.051337010801,148.7276648562225,16.175584884579564,6.1137344564183325,11.144659670498948,lat_pulldown_2,1484
150.374643980207,143.60361799404203,146.9891309871245,16.266660501354934,6.908808180789722,11.587734341072329,lat_pulldown_2,1485
146.39771436930627,141.33026312593915,143.86398874762273,16.540717392245377,6.691670104999605,11.616193748622491,lat_pulldown_2,1486
141.83662246906647,137.38562643978915,139.6111244544278,15.720603647503498,6.756980421046032,11.238792034274766,lat_pulldown_2,1487
140.38961445478685,135.64220890721205,138.01591168099947,13.826881875797843,7.073347618579817,10.450114747188831,lat_pulldown_2,1488
135.83265048286012,133.86236730729186,134.84750889507598,14.138095729229903,7.038143415358133,10.588119572294017,lat_pulldown_2,1489
129.85999452078806,129.86467342380976,129.86233397229893,14.46056153067132,6.85778044679331,10.659170988732315,lat_pulldown_2,1490
119.23598624741318,125.23906313341124,122.23752469041222,14.1240124728645,5.142081430647812,9.633046951756157,lat_pulldown_2,1491
112.75362440655174,118.08360862553582,115.41861651604378,16.003047391559,4.072702672594327,10.037875032076665,lat_pulldown_2,1492
111.01977750418634,108.9352068770439,109.97749219061512,16.264157452908016,5.040449073913901,10.652303263410959,lat_pulldown_2,1493
108.09612708117339,103.08098436039342,105.5885557207834,15.588615536474583,6.944554688420596,11.26658511244759,lat_pulldown_2,1494
100.37437477076254,100.40412670351662,100.38925073713958,14.50871944079937,9.258386980894427,11.883553210846898,lat_pulldown_2,1495
92.70258956713164,93.13069543273349,92.91664249993256,14.495643619667558,10.234765528056297,12.365204573861927,lat_pulldown_2,1496
87.08875036512526,88.2416888945441,87.66521962983468,14.093350401180794,10.41731662656044,12.255333513870617,lat_pulldown_2,1497
78.46995235137145,83.4156372730613,80.94279481221636,14.575823832735963,10.885865658980519,12.730844745858242,lat_pulldown_2,1498
72.68362415850476,76.64513095105309,74.66437755477892,15.017203075583824,11.037323933973125,13.027263504778475,lat_pulldown_2,1499
70.55580119313687,70.94063304898594,70.7482171210614,13.676104574572168,11.613826455151399,12.644965514861784,lat_pulldown_2,1500
71.2950439670514,70.5761069797547,70.93557547340305,13.218372666544715,12.406671874835798,12.812522270690256,lat_pulldown_2,1501
71.26387208593832,72.27140850121877,71.76764029357855,13.28348525258356,12.701216016840284,12.992350634711922,lat_pulldown_2,1502
71.507106069573,74.5399366144427,73.02352134200785,14.146489717756685,12.539686601596117,13.343088159676402,lat_pulldown_2,1503
74.70855135396917,77.18342128946877,75.94598632171898,14.90474656280643,11.867125684218955,13.385936123512693,lat_pulldown_2,1504
75.68970564206214,75.46423700395675,75.57697132300945,15.127508930167522,11.74025167626864,13.433880303218082,lat_pulldown_2,1505
80.76742236842671,77.64866997530095,79.20804617186383,15.428098061470854,11.659415770068943,13.543756915769897,lat_pulldown_2,1506
84.63473654673784,83.13908540545187,83.88691097609485,15.779027649278946,11.708962595881157,13.743995122580053,lat_pulldown_2,1507
85.50758165949885,82.09693062285557,83.80225614117721,16.057488325993774,11.349685819274598,13.703587072634186,lat_pulldown_2,1508
87.72582767558836,86.24756181477974,86.98669474518405,16.22824340495215,11.471527188730025,13.849885296841087,lat_pulldown_2,1509
90.38007836312781,88.93383397323684,89.65695616818232,17.54635777578459,11.53764139492528,14.541999585354935,lat_pulldown_2,1510
89.8065388289607,87.44679776306785,88.62666829601427,19.646946968534277,11.79140649090619,15.719176729720234,lat_pulldown_2,1511
88.27112946464655,85.13915741696623,86.70514344080638,20.78498141586584,11.962938016711417,16.373959716288628,lat_pulldown_2,1512
89.11031548787336,84.01549566933409,86.56290557860373,20.646388509701918,12.212390717056424,16.429389613379172,lat_pulldown_2,1513
90.29241107275786,83.54467253211732,86.91854180243759,20.31160341978724,13.116017564606201,16.71381049219672,lat_pulldown_2,1514
90.20694839774335,82.36393809209207,86.2854432449177,20.400534443524293,13.003557223149205,16.702045833336747,lat_pulldown_2,1515
89.79262427332434,83.29058465052552,86.54160446192492,20.055207316297476,12.935332551614959,16.495269933956216,lat_pulldown_2,1516
88.72020151234159,83.1914774138783,85.95583946310995,19.43793770015022,12.854587106549,16.14626240334961,lat_pulldown_2,1517
87.78265306806621,83.61827162164775,85.70046234485699,19.102497247706914,12.862005921434454,15.982251584570683,lat_pulldown_2,1518
86.68520111705799,84.06132883845488,85.37326497775643,18.251589857821955,12.706746588809175,15.479168223315565,lat_pulldown_2,1519
86.58646760398747,83.68456083150012,85.1355142177438,17.966992474326354,12.340662438426632,15.153827456376494,lat_pulldown_2,1520
85.83960716116317,79.06572146111431,82.45266431113873,17.619863971390167,12.134312541105501,14.877088256247834,lat_pulldown_2,1521
85.45154259676154,75.00480755220606,80.2281750744838,17.464812415251213,12.049606849560629,14.757209632405921,lat_pulldown_2,1522
86.03966634313872,71.88102964708784,78.96034799511328,16.793386030331884,12.241039115398529,14.517212572865207,lat_pulldown_2,1523
87.73031605292857,74.75291582204895,81.24161593748876,16.32412099499834,12.502666502423514,14.413393748710927,lat_pulldown_2,1524
88.73337681833658,75.17787260952673,81.95562471393166,15.83299701410431,12.3481110674289,14.090554040766605,lat_pulldown_2,1525
87.48697408155796,75.19842091956296,81.34269750056046,15.40839222528754,12.357361545145997,13.882876885216769,lat_pulldown_2,1526
84.21136072440376,76.17130210157191,80.19133141298784,15.159375019035245,12.497096377538918,13.82823569828708,lat_pulldown_2,1527
85.31413335862732,76.35205290774391,80.83309313318561,14.489674316885301,12.16895564715378,13.32931498201954,lat_pulldown_2,1528
83.10369656180242,76.27138601786315,79.68754128983278,14.019697966858793,11.814354744094667,12.917026355476729,lat_pulldown_2,1529
81.16675845191158,77.20814156101285,79.18745000646221,13.657042361837062,11.843758617029021,12.75040048943304,lat_pulldown_2,1530
82.93042413314986,81.97776104472386,82.45409258893686,13.20933775497664,11.772546021425637,12.490941888201139,lat_pulldown_2,1531
84.47278398222376,83.6821186538678,84.07745131804577,13.09698555469025,11.861251801273575,12.479118677981912,lat_pulldown_2,1532
84.61833084986351,86.18996460356512,85.40414772671431,12.961666026065885,12.26454010832542,12.613103067195652,lat_pulldown_2,1533
86.05849866413172,88.71947909298393,87.38898887855783,13.215697807048702,12.535546157523822,12.875621982286262,lat_pulldown_2,1534
87.65320798004781,92.53644180383168,90.09482489193974,13.335129686774385,12.56189215281388,12.948510919794131,lat_pulldown_2,1535
90.26020499977717,95.03669770180892,92.64845135079304,15.956254651349099,13.976602390455778,14.966428520902438,lat_pulldown_2,1536
91.86866973171172,96.73022856616552,94.29944914893862,16.67129781816083,13.610472656760715,15.140885237460772,lat_pulldown_2,1537
90.99498108720861,97.04380376225333,94.01939242473097,17.1730797487192,12.330861922181732,14.751970835450466,lat_pulldown_2,1538
92.59572776283888,99.31045585298779,95.95309180791332,17.306908516547825,10.977791421793544,14.142349969170684,lat_pulldown_2,1539
95.5359033563257,102.81571207040781,99.17580771336677,17.427899675256477,10.088885768822305,13.75839272203939,lat_pulldown_2,1540
98.84588728975737,105.80966753637827,102.32777741306782,17.291029555614827,9.642371154981099,13.466700355297963,lat_pulldown_2,1541
101.50685446019226,108.9721406473646,105.23949755377842,17.22392116272479,9.641237015124611,13.432579088924701,lat_pulldown_2,1542
105.25679241618592,112.41943453152791,108.83811347385691,16.738179393776438,8.577598103411734,12.657888748594086,lat_pulldown_2,1543
110.7697084367924,114.75507278271766,112.76239060975503,17.818366327674152,6.359074722532194,12.088720525103174,lat_pulldown_2,1544
116.82075927503507,117.40141523682095,117.11108725592801,18.22385933622037,6.240741936786515,12.232300636503442,lat_pulldown_2,1545
122.18667909062292,122.5880754022676,122.38737724644525,17.288535148208354,6.429386461688448,11.858960804948401,lat_pulldown_2,1546
128.1047837207235,127.8473088600162,127.97604629036985,17.854637932542598,7.2174517189058705,12.536044825724234,lat_pulldown_2,1547
135.38180973538496,135.45265923101604,135.4172344832005,17.98878014394202,8.745015785108663,13.366897964525341,lat_pulldown_2,1548
140.71363770923543,141.48587127696305,141.09975449309923,18.07024126002258,7.854067133229144,12.962154196625862,lat_pulldown_2,1549
144.0776286589488,145.78960215173302,144.9336154053409,17.67117638933829,7.9782026563814155,12.824689522859853,lat_pulldown_2,1550
147.14792402450604,150.89839343664408,149.02315873057506,17.3991426180111,7.784799042171502,12.591970830091302,lat_pulldown_2,1551
149.73201375958823,154.08033551060836,151.9061746350983,17.01606720657248,7.075291779348995,12.045679492960737,lat_pulldown_2,1552
151.28137500947895,155.11405062419678,153.19771281683785,16.600802756083077,6.21739355113339,11.409098153608234,lat_pulldown_2,1553
152.96806162580472,157.95918109010205,155.4636213579534,16.343634480017386,5.99269926337613,11.168166871696759,lat_pulldown_2,1554
154.58862521796135,160.34401270569387,157.4663189618276,16.093229350589525,5.9118006970580295,11.002515023823777,lat_pulldown_2,1555
156.61756855689418,159.6738122747323,158.14569041581325,15.98240640018834,5.595955768236947,10.789181084212643,lat_pulldown_2,1556
156.80141453548546,159.11020569811436,157.9558101167999,15.912324729154024,5.157542161402958,10.53493344527849,lat_pulldown_2,1557
156.22884572129436,158.7237111615904,157.4762784414424,15.945426899173475,4.305193003271632,10.125309951222553,lat_pulldown_2,1558
155.61003685388187,157.85871145115456,156.73437415251823,16.077734993126942,3.3100807099234895,9.693907851525216,lat_pulldown_2,1559
154.6763733996777,157.12785859751065,155.90211599859418,16.306162829240062,2.9410378096010588,9.62360031942056,lat_pulldown_2,1560
153.58782914444916,155.65390677819553,154.62086796132235,16.447568420354877,3.0839685905978755,9.765768505476377,lat_pulldown_2,1561
151.72598391940394,152.94272772391747,152.33435582166072,18.8820927730903,3.253066569771029,11.067579671430664,lat_pulldown_2,1562
148.48187297621593,150.45731579806204,149.46959438713898,19.03335860494189,3.4280001664262976,11.230679385684093,lat_pulldown_2,1563
145.84735847830856,146.5276273552319,146.18749291677022,18.684735784194842,3.8135620718206833,11.249148928007763,lat_pulldown_2,1564
143.408673342252,143.516517568056,143.462595455154,18.419503093067885,4.616180556085092,11.517841824576488,lat_pulldown_2,1565
140.65489741993161,140.06397490692285,140.35943616342723,17.371510253958633,5.05633398905931,11.213922121508972,lat_pulldown_2,1566
135.64964786378147,135.06152618120663,135.35558702249403,15.23733546877005,5.408321922611329,10.322828695690689,lat_pulldown_2,1567
129.38261150416832,129.11378160408245,129.2481965541254,14.558513015225476,5.847187892354743,10.20285045379011,lat_pulldown_2,1568
120.21065946725187,124.04836896954598,122.12951421839892,13.87676588232636,7.471766930574212,10.674266406450286,lat_pulldown_2,1569
111.73594990593607,118.67925782062426,115.20760386328016,13.994923189147835,7.644005176371444,10.819464182759639,lat_pulldown_2,1570
109.00790366949239,110.80147951323903,109.90469159136572,13.927503628635257,8.386421404102343,11.1569625163688,lat_pulldown_2,1571
106.0640040676493,98.7730812624493,102.4185426650493,13.56476021072728,10.225791759690903,11.895275985209093,lat_pulldown_2,1572
96.83877486563223,92.74711542712112,94.79294514637667,13.686941686866245,10.10102231700758,11.893982001936912,lat_pulldown_2,1573
91.87523846513564,87.83224383713014,89.85374115113288,14.203368416708697,9.553251535192315,11.878309975950506,lat_pulldown_2,1574
88.05175016980951,84.83927417631833,86.44551217306392,14.690430108803364,9.623405492896403,12.156917800849882,lat_pulldown_2,1575
80.4176336289266,78.84997153704909,79.63380258298784,13.311399267239869,10.403720981188666,11.857560124214267,lat_pulldown_2,1576
77.00785238386878,76.33859577859288,76.67322408123083,13.259413254055174,10.493257241135915,11.876335247595545,lat_pulldown_2,1577
72.42230441040196,73.29525828779283,72.8587813490974,12.739864453520998,10.323120459118618,11.531492456319807,lat_pulldown_2,1578
71.28430165894257,70.8274697616567,71.05588571029963,13.687529380437558,9.675883265625323,11.681706323031442,lat_pulldown_2,1579
74.82287701785391,70.31439338185119,72.56863519985255,14.106813349444472,9.18485756447456,11.645835456959517,lat_pulldown_2,1580
74.60331496982872,73.2886949949775,73.94600498240311,15.223934794008585,9.214596672605554,12.219265733307068,lat_pulldown_2,1581
77.88986116380535,75.5239052143207,76.70688318906303,16.735625200953457,8.197907882139098,12.466766541546278,lat_pulldown_2,1582
80.74179195751384,80.12987104123759,80.43583149937572,17.99537257689797,8.329167512780277,13.162270044839124,lat_pulldown_2,1583
82.47747927413853,84.06361601624862,83.27054764519357,19.347685207014795,8.027704586950401,13.687694896982599,lat_pulldown_2,1584
85.89895487445183,86.76844230659951,86.33369859052567,19.000075109476604,8.048175554663997,13.524125332070302,lat_pulldown_2,1585
85.38715511126468,89.73113471519784,87.55914491323125,19.306005555101585,8.699306594662659,14.002656074882122,lat_pulldown_2,1586
85.53171736831108,88.75809284830189,87.14490510830649,19.730350928809095,9.725260643378176,14.727805786093636,lat_pulldown_2,1587
85.75730956389717,87.69640593352294,86.72685774871005,19.456884607841573,10.571577677058025,15.014231142449798,lat_pulldown_2,1588
85.57236630216006,87.99619825426474,86.7842822782124,19.237136601083588,11.009423200641066,15.123279900862327,lat_pulldown_2,1589
85.59778696060465,86.48823205576012,86.0430095081824,18.889306948282698,11.508366673104131,15.198836810693415,lat_pulldown_2,1590
85.560134386371,86.7304181180597,86.14527625221535,19.452895317446426,11.76770303449222,15.610299175969324,lat_pulldown_2,1591
84.99711014782595,85.44690112334632,85.22200563558613,19.194098522809043,12.52620914749337,15.860153835151205,lat_pulldown_2,1592
85.50883999194802,84.86181586090461,85.18532792642631,18.912498812366053,13.055672248008726,15.98408553018739,lat_pulldown_2,1593
85.51419039430998,84.94344283992305,85.22881661711651,18.17716946816189,14.10012806112278,16.138648764642333,lat_pulldown_2,1594
85.23748933904406,84.911181212409,85.07433527572653,17.73582721835157,14.464398238189313,16.100112728270442,lat_pulldown_2,1595
86.86139301554586,85.23311861645855,86.0472558160022,17.593339610065474,14.477024972528818,16.035182291297147,lat_pulldown_2,1596
87.6078603109933,83.81329057504435,85.71057544301883,17.77159697947189,14.146051113199725,15.958824046335808,lat_pulldown_2,1597
87.47737300901682,86.82486395552085,87.15111848226883,17.780362540635718,13.88038782158275,15.830375181109233,lat_pulldown_2,1598
86.4868693008572,87.13920540814107,86.81303735449913,17.725228170280804,13.455015562201295,15.590121866241049,lat_pulldown_2,1599
85.81408475667106,80.55895397776025,83.18651936721565,17.36201981748008,13.310079660295944,15.336049738888011,lat_pulldown_2,1600
85.82749159337041,81.9333196679878,83.8804056306791,16.65261991483614,13.025989820834928,14.839304867835533,lat_pulldown_2,1601
84.19804307772954,81.39405338646498,82.79604823209726,16.494431292761806,12.656609308655671,14.575520300708739,lat_pulldown_2,1602
83.87848398331796,81.05896258118759,82.46872328225277,16.463277173774248,12.16270937056273,14.31299327216849,lat_pulldown_2,1603
84.37029820935172,80.01560352706547,82.19295086820858,16.335429359984307,11.398906897249528,13.867168128616917,lat_pulldown_2,1604
85.7492057252598,80.29654945723432,83.02287759124707,16.376911130628383,11.068953422285993,13.722932276457188,lat_pulldown_2,1605
86.26384735119493,77.01636839967297,81.64010787543396,16.124102667271302,11.560028999147681,13.842065833209492,lat_pulldown_2,1606
83.52941984974959,76.09761178484608,79.81351581729783,15.526491003464445,11.82885480606226,13.677672904763352,lat_pulldown_2,1607
83.69451950572322,77.75182540637904,80.72317245605113,15.408045203297773,12.410912370240633,13.909478786769203,lat_pulldown_2,1608
86.99681613353403,78.69786132496793,82.84733872925098,15.27081915287327,12.417033104344865,13.843926128609068,lat_pulldown_2,1609
90.75119604880989,82.20555834115186,86.47837719498088,15.229022027030243,12.336968313515447,13.782995170272844,lat_pulldown_2,1610
93.87602702296799,85.68046348939879,89.7782452561834,15.35337759763062,11.958783038967079,13.65608031829885,lat_pulldown_2,1611
95.00494368053225,88.86074031749877,91.93284199901551,15.152827345734622,11.518147633578105,13.335487489656362,lat_pulldown_2,1612
97.39497371874414,93.0367703147702,95.21587201675717,15.407639658558056,10.47768335916879,12.942661508863424,lat_pulldown_2,1613
98.7340747771176,96.43825263368882,97.58616370540321,16.61930167767368,10.037369749575447,13.328335713624563,lat_pulldown_2,1614
98.33832153793847,101.47838725023024,99.90835439408436,16.92084595252399,9.548337939375736,13.234591945949862,lat_pulldown_2,1615
102.49058547319926,105.97743415077483,104.23400981198705,16.937649484703755,8.711108869112186,12.824379176907971,lat_pulldown_2,1616
105.04635722337977,109.97917448251104,107.5127658529454,17.15076829031112,8.705005002725125,12.927886646518122,lat_pulldown_2,1617
108.18133856627215,114.10740944408454,111.14437400517835,16.918243100386565,8.014904426003417,12.46657376319499,lat_pulldown_2,1618
109.51119759387491,119.0826841268815,114.29694086037821,16.863020942379716,7.642330433922983,12.25267568815135,lat_pulldown_2,1619
115.49420792011149,123.97486818189856,119.73453805100502,16.534553922351396,7.652123753946383,12.09333883814889,lat_pulldown_2,1620
120.20762007460411,126.54293199158835,123.37527603309623,16.373634895308477,7.64509923159731,12.009367063452894,lat_pulldown_2,1621
123.04325752740503,130.11235046720876,126.57780399730689,16.793519047190888,7.682735611282922,12.238127329236905,lat_pulldown_2,1622
127.30268106456978,131.3322894922586,129.3174852784142,18.18413815756009,6.958403125564516,12.571270641562302,lat_pulldown_2,1623
131.11217757002944,133.6093891499841,132.3607833600068,20.864955519555767,5.70339074996993,13.284173134762849,lat_pulldown_2,1624
138.22088282317418,137.36989061926673,137.79538672122044,19.866846074863293,6.345949208060334,13.106397641461815,lat_pulldown_2,1625
142.97536185886483,137.4695194310736,140.2224406449692,19.605376512061316,5.567720366684383,12.58654843937285,lat_pulldown_2,1626
147.2039593655354,139.86841183741586,143.53618560147564,19.26136944510908,5.637348109382917,12.449358777245997,lat_pulldown_2,1627
150.32147167958803,142.0132714864427,146.16737158301538,18.631029889869946,4.55011465296807,11.590572271419008,lat_pulldown_2,1628
149.33929758292325,144.6058825697923,146.9725900763578,18.24532252657103,4.279336197070065,11.262329361820548,lat_pulldown_2,1629
152.8034063979703,148.21180162774243,150.50760401285635,17.970391126395647,4.231137678659604,11.100764402527625,lat_pulldown_2,1630
153.28989923618096,150.44476147749722,151.8673303568391,16.66596514059417,4.448043502552015,10.557004321573093,lat_pulldown_2,1631
153.595143398167,149.93760250750879,151.7663729528379,18.867866367448293,4.856840868888,11.862353618168147,lat_pulldown_2,1632
153.30362558438395,150.89551826195822,152.09957192317108,18.900586770998423,4.639330992465143,11.769958881731784,lat_pulldown_2,1633
152.69017165507367,150.9642589901391,151.82721532260638,18.716452208927493,4.565508815314756,11.640980512121125,lat_pulldown_2,1634
151.89104454495575,150.17999522820375,151.03551988657975,19.466395870547387,4.55741647406209,12.01190617230474,lat_pulldown_2,1635
150.68635088682333,149.97918586888827,150.3327683778558,19.219592183309427,4.390610500961778,11.805101342135602,lat_pulldown_2,1636
147.964327274587,148.62264869887758,148.2934879867323,19.072428658111082,4.2534991432575096,11.662963900684296,lat_pulldown_2,1637
145.71329103780062,147.03841333533165,146.37585218656614,18.542297716576098,3.4397106810939415,10.99100419883502,lat_pulldown_2,1638
142.81146823985108,142.7519691470573,142.7817186934542,17.657589783243488,3.259318438625501,10.458454110934495,lat_pulldown_2,1639
139.5250649688549,141.248266023853,140.38666549635394,16.68417589352651,3.3526534853192502,10.018414689422881,lat_pulldown_2,1640
139.64505645088403,139.20377274259326,139.42441459673864,15.398105444359045,3.8364896004134597,9.617297522386252,lat_pulldown_2,1641
134.249207077154,134.6463003619339,134.44775371954395,16.190215162732706,3.9420048955959377,10.06611002916432,lat_pulldown_2,1642
128.3670369258047,128.45900297075303,128.41301994827887,16.43554064359145,4.514612248789696,10.475076446190574,lat_pulldown_2,1643
120.17804402787874,123.45934974169705,121.8186968847879,16.748689956483815,4.735836614240128,10.742263285361972,lat_pulldown_2,1644
116.94430665583117,117.02860928150395,116.98645796866757,17.37251372463384,5.861353121906079,11.616933423269959,lat_pulldown_2,1645
110.50592666330569,110.04549661625413,110.2757116397799,17.362857297319614,6.4096799492887815,11.886268623304197,lat_pulldown_2,1646
102.69178531624468,96.23669595402004,99.46424063513236,17.34357021957057,6.9131057616310345,12.128337990600802,lat_pulldown_2,1647
98.22407713347383,92.8381743648709,95.53112574917236,16.78938980005507,8.06615331759636,12.427771558825714,lat_pulldown_2,1648
91.40952062117289,90.63749501933165,91.02350782025226,16.912779770699938,8.00701240788539,12.459896089292664,lat_pulldown_2,1649
86.88931212884518,87.98767792186105,87.43849502535312,16.73498193638007,8.28566608119729,12.510324008788679,lat_pulldown_2,1650
83.12228884911343,84.51009695631754,83.81619290271549,16.89976363281337,8.779105945317719,12.839434789065546,lat_pulldown_2,1651
78.8805555941681,80.43490532825676,79.65773046121242,16.316959446760748,9.287232361626183,12.802095904193465,lat_pulldown_2,1652
75.03705883243717,76.36081921089419,75.69893902166568,16.307381501120172,9.94082271702604,13.124102109073107,lat_pulldown_2,1653
71.48450210031038,72.09034560020866,71.78742385025953,16.193692428007758,10.135703057801885,13.16469774290482,lat_pulldown_2,1654
71.1460287656205,72.21278334539377,71.67940605550714,16.18449765549674,10.191896917424897,13.18819728646082,lat_pulldown_2,1655
73.4501052619537,71.4870216524046,72.46856345717914,16.316508939356176,9.814123968647438,13.065316454001806,lat_pulldown_2,1656
71.89003417857529,75.1506319377442,73.52033305815974,16.274930163536332,9.733426918194231,13.004178540865283,lat_pulldown_2,1657
72.18168252914676,77.17052835737638,74.67610544326158,17.18818904858019,9.724147648253409,13.4561683484168,lat_pulldown_2,1658
75.65853638372883,79.15453575522075,77.40653606947478,17.88926950616045,9.781078095723414,13.83517380094193,lat_pulldown_2,1659
80.07354251224515,82.7696007390456,81.42157162564538,18.053753431817896,9.921269052656424,13.98751124223716,lat_pulldown_2,1660
87.40971726523684,86.09450895810454,86.7521131116707,18.58470150073592,10.23651583352402,14.41060866712997,lat_pulldown_2,1661
88.63009447258187,86.5300129629841,87.58005371778299,18.695978730211394,10.436817344949612,14.566398037580502,lat_pulldown_2,1662
88.59404794717301,89.38711446882742,88.99058120800021,19.035435042751175,10.856992697741562,14.946213870246368,lat_pulldown_2,1663
86.2975353416664,84.51123239480056,85.40438386823348,19.402423123474566,11.740771968980997,15.571597546227782,lat_pulldown_2,1664
86.6436206170871,83.69104611143207,85.16733336425958,19.2734348791208,12.381304863092858,15.827369871106828,lat_pulldown_2,1665
88.56384426630271,85.92913044674742,87.24648735652507,19.66546970722395,13.474768901686693,16.57011930445532,lat_pulldown_2,1666
87.89853885940596,86.47525061623202,87.18689473781899,20.176324753917257,13.930004083320165,17.05316441861871,lat_pulldown_2,1667
87.32727342723346,86.07035755686236,86.69881549204791,20.142303582930094,14.739479509231435,17.440891546080763,lat_pulldown_2,1668
87.1312857335603,84.42992000834644,85.78060287095337,19.92950994575979,14.980616686755686,17.45506331625774,lat_pulldown_2,1669
87.33650215379477,83.37926048611072,85.35788131995275,19.143760448961515,15.563869758530478,17.353815103745998,lat_pulldown_2,1670
87.91905774544556,84.61554852620048,86.26730313582303,18.144308431279565,15.030356027720407,16.587332229499985,lat_pulldown_2,1671
85.32967358806484,84.81222004873813,85.07094681840148,17.194486450627057,14.612328886849763,15.90340766873841,lat_pulldown_2,1672
84.58923721082974,82.03794197509644,83.3135895929631,16.942575453660954,14.225080050395537,15.583827752028245,lat_pulldown_2,1673
83.8853482999632,78.46726872831783,81.17630851414052,16.822229360279948,13.995399925910059,15.408814643095003,lat_pulldown_2,1674
84.80594301796569,77.64659208283759,81.22626755040164,16.870092078184815,13.494799416236159,15.182445747210487,lat_pulldown_2,1675
83.95393314833647,76.14690891354707,80.05042103094178,16.54540074176221,13.332218708812196,14.938809725287204,lat_pulldown_2,1676
84.44582925573401,77.1679324438384,80.80688084978621,16.190439737061503,13.134534571072587,14.662487154067044,lat_pulldown_2,1677
88.51152089133663,74.95114266257085,81.73133177695374,15.614531208205188,13.683619030108478,14.649075119156834,lat_pulldown_2,1678
84.96806789625141,76.66089837837109,80.81448313731124,14.596089705953947,13.733709798379191,14.16489975216657,lat_pulldown_2,1679
83.00155613809895,79.23030084936569,81.11592849373233,14.376046578592497,14.11372038942138,14.244883484006937,lat_pulldown_2,1680
81.90928941681439,80.46647189428735,81.18788065555087,14.255552043265249,14.675473411158512,14.46551272721188,lat_pulldown_2,1681
78.56012227067735,80.16469746061662,79.36240986564698,13.876007601765375,15.285454159329893,14.580730880547634,lat_pulldown_2,1682
80.41011353838577,79.92576427152724,80.16793890495651,12.92912172539937,15.553545084704352,14.241333405051861,lat_pulldown_2,1683
81.806639033746,82.98762084937255,82.39712994155927,12.652025075592274,15.514010660214256,14.083017867903266,lat_pulldown_2,1684
85.03215581063245,87.44956161952337,86.2408587150779,12.299211198200675,15.46534030846368,13.882275753332177,lat_pulldown_2,1685
86.4070883572274,89.56043530116199,87.98376182919469,12.164368612534263,15.355326098327055,13.759847355430658,lat_pulldown_2,1686
88.86631882131987,92.05492623383856,90.4606225275792,11.784131246816289,14.99847096106237,13.39130110393933,lat_pulldown_2,1687
89.70481611853374,93.28710810290221,91.49596211071798,11.473606071534844,14.558840522804088,13.016223297169466,lat_pulldown_2,1688
92.29192276239382,96.80544501461077,94.5486838885023,11.49641128029136,14.142311872901287,12.819361576596323,lat_pulldown_2,1689
94.23627460680001,100.31200084138362,97.27413772409182,11.474297415989295,13.85724948934535,12.665773452667322,lat_pulldown_2,1690
97.31828946131294,103.88972477374608,100.6040071175295,11.777657951040913,13.2628688487855,12.520263399913206,lat_pulldown_2,1691
99.21299064064335,106.76688114203711,102.98993589134022,12.101724534240576,13.208383450762875,12.655053992501726,lat_pulldown_2,1692
100.67669160038722,111.58765419953934,106.13217289996328,12.060549160754059,12.725818497921308,12.393183829337683,lat_pulldown_2,1693
107.14515983688855,116.90859400622804,112.0268769215583,12.843295909156534,12.396880310120757,12.620088109638646,lat_pulldown_2,1694
110.88111695874997,119.62552830426941,115.25332263150969,13.131652833104432,11.926548387368276,12.529100610236355,lat_pulldown_2,1695
114.03228316584112,122.70343497840221,118.36785907212166,13.429526372230175,11.573892035805972,12.501709204018074,lat_pulldown_2,1696
118.28793424450605,125.51328252743656,121.90060838597131,14.769838323109045,11.26664995342122,13.018244138265132,lat_pulldown_2,1697
122.33531527193882,127.85461774187681,125.09496650690781,14.801660802305053,11.34384537149583,13.072753086900441,lat_pulldown_2,1698
127.71588940884206,128.99806141522564,128.35697541203385,14.942292660778344,10.492016864920629,12.717154762849486,lat_pulldown_2,1699
132.19180029311002,132.5862916882618,132.38904599068593,15.262285961765292,10.10632774413102,12.684306852948156,lat_pulldown_2,1700
136.00097620346267,134.5483367792269,135.27465649134479,16.364304146599725,9.69873923822031,13.031521692410017,lat_pulldown_2,1701
138.30764508681492,137.9538765070485,138.13076079693172,15.75154529794822,9.089756520931598,12.420650909439908,lat_pulldown_2,1702
140.66536474505122,140.74997641493738,140.7076705799943,15.09003449499214,7.959056518449543,11.524545506720841,lat_pulldown_2,1703
143.8164897796061,143.79006691411016,143.80327834685812,14.83388114078281,7.38176237816292,11.107821759472865,lat_pulldown_2,1704
146.67256444186927,146.4063777475269,146.5394710946981,14.462926112499892,6.3165353806584426,10.389730746579167,lat_pulldown_2,1705
147.84786214111273,147.5313407871176,147.68960146411519,14.191764440026851,6.031400874759145,10.111582657392997,lat_pulldown_2,1706
149.45484517160193,149.08023735677935,149.26754126419064,14.188359384581496,5.531552132100144,9.85995575834082,lat_pulldown_2,1707
150.2942996671543,149.44608739184764,149.87019352950097,14.32130026451265,5.114917707478413,9.718108985995531,lat_pulldown_2,1708
151.45043269607578,149.43067285649516,150.44055277628547,14.466013765475584,4.694886553574304,9.580450159524943,lat_pulldown_2,1709
151.44035507915248,149.39204755157087,150.41620131536166,14.250362273085464,4.375794519358084,9.313078396221774,lat_pulldown_2,1710
151.42394825942847,149.1173972043113,150.27067273186987,14.345987112779982,4.038238589564506,9.192112851172244,lat_pulldown_2,1711
151.74846307781905,148.98257887383943,150.36552097582924,14.507835946066093,3.995139200056122,9.251487573061107,lat_pulldown_2,1712
151.36166754340294,148.28457242884852,149.82311998612573,14.558166269892466,4.075569786258917,9.316868028075692,lat_pulldown_2,1713
149.50033305505136,147.88079477720316,148.69056391612725,15.000834653346793,4.393060058624195,9.696947355985493,lat_pulldown_2,1714
146.60444947891185,145.17802254370292,145.8912360113074,15.038427819286847,4.637210970394652,9.83781939484075,lat_pulldown_2,1715
146.05245065532182,142.5906033669564,144.3215270111391,15.170951079469967,4.777445020286933,9.97419804987845,lat_pulldown_2,1716
143.62694236452606,140.26913873455624,141.94804054954113,15.428452555062545,5.412738523060314,10.42059553906143,lat_pulldown_2,1717
138.92540903265933,137.9904384105212,138.45792372159025,15.368101319963746,5.424618665044961,10.396359992504353,lat_pulldown_2,1718
132.66248988466674,134.49461693256558,133.57855340861616,15.61284479766661,6.915287796674477,11.264066297170544,lat_pulldown_2,1719
126.51997776848675,129.2460347936504,127.88300628106859,14.349671757013812,7.519261014667351,10.934466385840581,lat_pulldown_2,1720
119.60193975566581,125.59790743359238,122.5999235946291,14.089128710066557,8.491539322733287,11.290334016399921,lat_pulldown_2,1721
113.79221344119013,122.10470162854364,117.94845753486689,14.441903231994566,8.280681362364884,11.361292297179725,lat_pulldown_2,1722
111.1835903635482,116.64698288441633,113.91528662398227,13.830109926567552,9.580245988119312,11.705177957343432,lat_pulldown_2,1723
107.63384269804962,109.43542110022207,108.53463189913585,14.041571371210622,11.32059173928293,12.681081555246777,lat_pulldown_2,1724
102.50578499155209,102.01868290632473,102.26223394893842,14.379706583374432,11.173928982293985,12.776817782834208,lat_pulldown_2,1725
97.20970354538989,94.65167563128807,95.93068958833898,14.459853126979734,10.699841418229001,12.579847272604368,lat_pulldown_2,1726
90.95150437221943,89.08692557140188,90.01921497181065,14.335598396323126,10.227997917377978,12.281798156850552,lat_pulldown_2,1727
84.09826863485598,79.01985783995153,81.55906323740376,14.100453924881904,10.269867926400462,12.185160925641183,lat_pulldown_2,1728
79.52003620537242,73.61900513496207,76.56952067016724,14.121702684121294,11.229275212120147,12.67548894812072,lat_pulldown_2,1729
74.59431785286128,71.88238906320261,73.23835345803195,13.285095950751323,11.955597008081003,12.620346479416163,lat_pulldown_2,1730
70.90049830812335,68.65285195873851,69.77667513343093,12.871529989134775,12.220994334397401,12.546262161766087,lat_pulldown_2,1731
69.7414159366666,68.05332480743809,68.89737037205234,12.193684930171974,12.88649090200096,12.540087916086467,lat_pulldown_2,1732
72.28556352151938,66.60582891648653,69.44569621900295,12.721990967388496,12.75852020358561,12.740255585487052,lat_pulldown_2,1733
71.42114778823097,66.03682449659911,68.72898614241504,13.917623757699523,12.154400307100417,13.03601203239997,lat_pulldown_2,1734
74.19135740271165,65.65352892755404,69.92244316513285,14.718603941888496,11.212331454818537,12.965467698353518,lat_pulldown_2,1735
78.03170455013391,71.65392553859802,74.84281504436596,15.163542802142873,10.986257647729998,13.074900224936435,lat_pulldown_2,1736
80.87549240009737,76.10544424668204,78.4904683233897,15.907403865702317,10.841486520687893,13.374445193195104,lat_pulldown_2,1737
83.68734098884167,83.52779285753384,83.60756692318776,16.441427863985442,10.470196255766757,13.455812059876099,lat_pulldown_2,1738
84.99940833775044,87.770791580873,86.38509995931172,16.63914811736436,10.449051880377727,13.544099998871044,lat_pulldown_2,1739
83.20693303706923,87.69472669073961,85.45082986390443,17.12005936918489,10.962474174243232,14.04126677171406,lat_pulldown_2,1740
83.31085308041881,89.32976618433685,86.32030963237783,17.261260477600008,11.493094178550697,14.377177328075351,lat_pulldown_2,1741
85.54182521369368,92.0971295601425,88.8194773869181,17.78451067716945,11.617443096137208,14.70097688665333,lat_pulldown_2,1742
85.25993642002776,92.64929424571108,88.95461533286942,18.20066459340711,12.56156704564154,15.381115819524325,lat_pulldown_2,1743
84.3469139396817,91.60964736569116,87.97828065268644,18.463725480501896,13.225469173201507,15.844597326851702,lat_pulldown_2,1744
85.07764762031601,89.5528462814752,87.31524695089561,18.453960092161246,14.329793265162687,16.391876678661966,lat_pulldown_2,1745
84.71059854161356,89.87767475419294,87.29413664790326,18.315708075994703,14.808538061153977,16.56212306857434,lat_pulldown_2,1746
85.8274975481728,89.92972024324058,87.87860889570669,18.220723191705233,15.136843705971092,16.67878344883816,lat_pulldown_2,1747
85.61156801007127,89.12845238590639,87.37001019798882,17.69449463050689,15.288282146976476,16.491388388741683,lat_pulldown_2,1748
85.18955776580088,89.1623956285339,87.17597669716739,17.752398996831186,15.168034798999951,16.46021689791557,lat_pulldown_2,1749
84.56275835411138,88.52881020850434,86.54578428130786,17.663830726205962,15.038038702072711,16.350934714139335,lat_pulldown_2,1750
84.9282983329467,85.24437662698263,85.08633747996467,17.668241188525137,14.178079636381941,15.923160412453539,lat_pulldown_2,1751
85.59324203665729,80.24445588988218,82.91884896326974,17.50955197973796,13.290973093922167,15.400262536830063,lat_pulldown_2,1752
86.33350162716657,74.11668859011498,80.22509510864077,17.39642535271257,12.900926390262999,15.148675871487784,lat_pulldown_2,1753
88.06440790145072,68.25490460726074,78.15965625435572,16.9621073550763,13.002551226550557,14.982329290813428,lat_pulldown_2,1754
88.61613340792842,65.34775459471466,76.98194400132154,16.31839701888668,13.281994558517333,14.800195788702007,lat_pulldown_2,1755
86.18171255390236,65.62360581461553,75.90265918425894,15.670652323991694,14.33795322460779,15.004302774299742,lat_pulldown_2,1756
86.71509694573402,66.60422832918569,76.65966263745986,15.043947883664082,14.984488349652125,15.014218116658103,lat_pulldown_2,1757
85.10831859737073,66.88166095888761,75.99498977812917,14.705449347435508,15.609484822605918,15.157467085020713,lat_pulldown_2,1758
81.55961036607611,66.89963019572865,74.22962028090238,14.310199690855368,15.966000802041235,15.138100246448301,lat_pulldown_2,1759
78.87123263529237,67.732062327034,73.30164748116319,14.038551548931514,15.616263108385684,14.827407328658598,lat_pulldown_2,1760
79.2870321163718,71.8574711457067,75.57225163103925,13.599862688663313,15.141862178140675,14.370862433401994,lat_pulldown_2,1761
79.28758507891514,76.56969268405285,77.928638881484,13.092315140755339,15.133478192583908,14.112896666669624,lat_pulldown_2,1762
80.88312083810025,79.76356953136761,80.32334518473394,12.99680208663511,15.03468011169888,14.015741099166995,lat_pulldown_2,1763
83.98678194710402,82.72966739188809,83.35822466949605,13.142942515580524,14.664847363718344,13.903894939649433,lat_pulldown_2,1764
85.98889618948024,85.65664861733848,85.82277240340936,13.367532934318874,14.447334133275008,13.90743353379694,lat_pulldown_2,1765
88.9419179966542,89.65709575922403,89.29950687793911,13.533855650048991,14.111504829618013,13.822680239833502,lat_pulldown_2,1766
90.73370619299942,94.01896974298268,92.37633796799105,12.974639887257664,13.84377903740845,13.409209462333056,lat_pulldown_2,1767
93.81136317449096,96.85340461952887,95.33238389700992,12.801875224532823,14.108225481679108,13.455050353105966,lat_pulldown_2,1768
99.10760787058312,100.47171938404051,99.78966362731182,12.594855661766339,14.215615593962653,13.405235627864496,lat_pulldown_2,1769
103.50647347250958,103.49273056285574,103.49960201768266,12.510814988034156,13.105628519700765,12.80822175386746,lat_pulldown_2,1770
106.60822821157143,108.21792781184982,107.41307801171062,13.041636061680048,12.343524387111326,12.692580224395687,lat_pulldown_2,1771
108.85607446443149,114.01575655894393,111.43591551168771,14.852774546578075,10.487923285942772,12.670348916260423,lat_pulldown_2,1772
113.7626094801299,120.32893123345545,117.04577035679267,14.560790476033434,10.530232786623545,12.54551163132849,lat_pulldown_2,1773
118.69360736117356,123.69282578013164,121.1932165706526,14.706410823345907,9.838163419015713,12.27228712118081,lat_pulldown_2,1774
123.03355294819427,125.84548928123834,124.43952111471631,15.82122868852353,7.572780881035122,11.697004784779326,lat_pulldown_2,1775
125.92387483302979,131.6286917412895,128.77628328715963,16.0084367476976,7.565835882080526,11.787136314889064,lat_pulldown_2,1776
129.52707593496734,136.040499137272,132.7837875361197,16.113688201115842,8.153887358915396,12.13378778001562,lat_pulldown_2,1777
133.8518558671517,142.9502900766401,138.4010729718959,15.673796790017457,7.6142150740846315,11.644005932051044,lat_pulldown_2,1778
140.39663607084452,148.84819257155232,144.62241432119842,15.421847071109488,7.555534433858613,11.48869075248405,lat_pulldown_2,1779
146.15788272458084,153.79842154752023,149.97815213605054,15.789119521075031,7.238922609482996,11.514021065279014,lat_pulldown_2,1780
150.47948761468055,157.00452411668869,153.74200586568463,15.289547075383961,6.7799879502423614,11.034767512813161,lat_pulldown_2,1781
153.37166050144566,160.0099799962661,156.69082024885589,14.831576276793667,6.584708384778722,10.708142330786195,lat_pulldown_2,1782
159.31672151122874,164.8204365644731,162.06857903785092,14.764602352891398,5.69101348063148,10.227807916761439,lat_pulldown_2,1783
162.06630109413987,166.59829351514136,164.33229730464063,14.884927188032401,4.615692133799886,9.750309660916145,lat_pulldown_2,1784
163.8467252841261,168.83133751374788,166.33903139893698,14.978939743692104,5.4340998710467225,10.206519807369414,lat_pulldown_2,1785
165.66909192541473,171.91568818144805,168.7923900534314,18.496386747595704,6.228555464516569,12.362471106056137,lat_pulldown_2,1786
169.452832524502,172.59236358300186,171.02259805375195,18.756065191997138,5.789331154657954,12.272698173327546,lat_pulldown_2,1787
169.77401914603544,171.17313792594715,170.4735785359913,18.51011977275891,4.991572161339287,11.750845967049099,lat_pulldown_2,1788
170.1613913838661,172.18835770561907,171.17487454474258,17.47383342018808,4.976828595204611,11.225331007696346,lat_pulldown_2,1789
170.23548654250905,173.40719905507044,171.82134279878974,17.168543231189332,5.807307702662436,11.487925466925883,lat_pulldown_2,1790
170.63872695685248,173.52890723897144,172.08381709791195,17.12402866240452,6.272967727251021,11.69849819482777,lat_pulldown_2,1791
171.23446420489216,173.84711839540543,172.54079130014878,16.00240368592618,6.425692623529192,11.214048154727685,lat_pulldown_2,1792
172.15526682129104,176.13436996674432,174.14481839401768,15.370972987564862,7.140206307571471,11.255589647568167,lat_pulldown_2,1793
173.0313139517061,176.59147070664025,174.81139232917317,15.066033266427985,6.933227911732258,10.999630589080121,lat_pulldown_2,1794
173.64619479925125,176.22573405645045,174.93596442785085,14.76307936283288,6.668835441870598,10.715957402351739,lat_pulldown_2,1795
173.9922711848831,174.7363001655184,174.36428567520073,15.19731902950081,5.072602055310366,10.134960542405587,lat_pulldown_2,1796
171.88060425335914,171.64172684811516,171.76116555073713,15.379385978910518,5.178486879632754,10.278936429271635,lat_pulldown_2,1797
170.61211293697323,170.95676356179322,170.78443824938324,17.108685988252137,4.866994704529463,10.9878403463908,lat_pulldown_2,1798
168.38946810463108,168.22635839388826,168.30791324925968,17.333939734440474,5.072366040604622,11.203152887522547,lat_pulldown_2,1799
168.38796193092244,164.86396950777782,166.62596571935012,15.848686290867414,5.040103032770125,10.44439466181877,lat_pulldown_2,1800
169.59594380578048,164.02229294250344,166.80911837414197,15.81366988022936,5.973117105895977,10.893393493062668,lat_pulldown_2,1801
169.1587948948833,165.2742638494611,167.2165293721722,15.16626223454657,5.805553287505814,10.485907761026192,lat_pulldown_2,1802
169.5280352632626,165.64989478089942,167.58896502208103,13.556694275177891,5.251888879704545,9.404291577441217,lat_pulldown_2,1803
170.53191193700738,163.9824467801789,167.25717935859313,11.62219884823418,5.458845516095585,8.540522182164883,lat_pulldown_2,1804
170.35375224935595,165.90167461060327,168.12771342997962,10.596899594278746,5.648680087186689,8.122789840732718,lat_pulldown_2,1805
169.41226184603104,166.87949738105192,168.14587961354147,11.759865379375553,5.7715431217024795,8.765704250539017,lat_pulldown_2,1806
169.31154943350012,168.48788378577595,168.89971660963803,12.474681213536282,5.799318802550466,9.137000008043374,lat_pulldown_2,1807
167.69193095261994,168.96676075866452,168.32934585564223,12.420011777995745,5.845187962157873,9.13259987007681,lat_pulldown_2,1808
165.6344842092694,167.88827045308955,166.76137733117946,12.461831938772622,5.318183902368467,8.890007920570545,lat_pulldown_2,1809
166.9949403742587,168.51615407060322,167.75554722243095,14.432292170503503,3.0588550304291706,8.745573600466336,lat_pulldown_2,1810
167.9232936785591,165.09537298229225,166.50933333042568,16.155725961674108,0.8238407505338647,8.489783356103986,lat_pulldown_2,1811
169.3556716254822,166.13107149878638,167.74337156213429,16.740306502646202,2.3116317463652156,9.525969124505709,lat_pulldown_2,1812
166.7832242768446,167.6713698393993,167.22729705812196,16.375184779686087,2.012444057526906,9.193814418606497,lat_pulldown_2,1813
173.16048840731818,131.48887301972073,152.32468071351946,9.706251700087748,17.645219680929657,13.675735690508702,lat_pulldown_2,1814
154.38931322499022,168.56298150449965,161.47614736474492,24.608913850095394,26.412159167078784,25.510536508587087,lat_pulldown_2,1815
164.04442893755768,167.16728650009887,165.60585771882828,29.796295038479503,28.11829154883971,28.957293293659607,lat_pulldown_2,1816
170.60391181833444,179.34204444980986,174.97297813407215,31.259878602819704,14.464232728346076,22.86205566558289,lat_pulldown_2,1817
162.1698717747729,178.64760436935757,170.40873807206523,33.27073839645544,13.88448677925431,23.577612587854876,lat_pulldown_2,1818
178.06642708480277,136.80764569003978,157.43703638742127,18.85292406219639,16.620725349361237,17.736824705778815,lat_pulldown_2,1819
164.9289061077004,114.20125584009043,139.56508097389542,34.38504316066029,11.51857177204028,22.951807466350285,lat_pulldown_2,1820
172.32788635519134,161.3899904406365,166.8589383979139,36.834521099975916,10.777308383240895,23.805914741608404,lat_pulldown_2,1821
165.86564890810521,175.3012930160059,170.58347096205557,33.74323642384411,11.163053611066452,22.45314501745528,lat_pulldown_2,1822
171.3980944793966,159.54866680154805,165.47338064047233,37.33071477916643,8.57977552922018,22.955245154193303,lat_pulldown_2,1823
168.6730781532503,178.68462296172925,173.67885055748977,35.61361986504231,9.738158620528926,22.67588924278562,lat_pulldown_2,1824
172.3252079469162,150.7397013794378,161.53245466317702,35.01946197036415,8.641912384309373,21.83068717733676,lat_pulldown_2,1825
167.7597562820521,170.55498373231248,169.1573700071823,35.69966589948317,4.236966202574086,19.96831605102863,lat_pulldown_2,1826
165.136654417914,159.66363885767493,162.40014663779448,33.19320828464462,2.0667697466474975,17.629989015646057,lat_pulldown_2,1827
164.01886592993688,164.50414609584885,164.26150601289288,33.1128007672259,4.399159055598616,18.755979911412258,lat_pulldown_2,1828
169.36723909948867,164.23376826764337,166.80050368356603,31.189528666522012,3.951420267797704,17.57047446715986,lat_pulldown_2,1829
165.33488022563648,163.77987479362744,164.55737750963198,29.655238487335236,1.7766207797239189,15.715929633529578,lat_pulldown_2,1830
166.5218237981048,162.96510155495065,164.7434626765277,28.82394684395318,0.7066118395311001,14.76527934174214,lat_pulldown_2,1831
164.93855503107193,153.8385076214814,159.38853132627668,25.0661030010174,0.5279766666454744,12.797039833831438,lat_pulldown_2,1832
162.37028941627827,152.32551860874537,157.34790401251183,22.389067789846017,1.4405161436402782,11.914791966743147,lat_pulldown_2,1833
155.6627668587619,147.34440037131017,151.50358361503604,20.501555963985094,2.618671429157474,11.560113696571284,lat_pulldown_2,1834
152.94815029439178,147.74467286913847,150.34641158176512,18.910208753326387,4.349031631483631,11.629620192405008,lat_pulldown_2,1835
157.03331748874078,149.2264641331632,153.129890810952,17.937071225631897,4.802925728699308,11.369998477165602,lat_pulldown_2,1836
155.83574637620467,151.85216117266813,153.8439537744364,17.541846212251198,4.925888397118675,11.233867304684937,lat_pulldown_2,1837
154.22675672458146,157.38292197682867,155.80483935070507,17.1747803105677,4.958932331795742,11.06685632118172,lat_pulldown_2,1838
152.52364777425302,158.9048969428221,155.71427235853756,17.088626165343225,4.373485616246028,10.731055890794627,lat_pulldown_2,1839
149.45581443900056,155.18999294851307,152.3229036937568,18.04357168608312,4.930764045004522,11.487167865543821,lat_pulldown_2,1840
143.50993760907318,149.008957056927,146.25944733300008,18.324503719194976,5.210460429689814,11.767482074442395,lat_pulldown_2,1841
142.8833857884975,147.10825766292,144.99582172570877,18.81137450253886,4.5520101429047575,11.681692322721808,lat_pulldown_2,1842
142.6198489734395,149.22678238015416,145.92331567679685,19.825946077267123,4.729352529006718,12.27764930313692,lat_pulldown_2,1843
140.6352602050733,143.73892562271507,142.1870929138942,21.340407093922227,4.721443135494968,13.030925114708598,lat_pulldown_2,1844
137.83868460763682,144.4371524827074,141.1379185451721,21.965931531406554,4.161436085223153,13.063683808314853,lat_pulldown_2,1845
134.20268221893772,145.20550771299557,139.70409496596665,24.18826936377911,3.4891506754905004,13.838710019634805,lat_pulldown_2,1846
135.97359411721933,140.76289949135693,138.36824680428813,25.790356594684475,2.149888139981589,13.970122367333031,lat_pulldown_2,1847
128.90038940900854,140.0202796824623,134.4603345457354,26.353322891722748,1.4211115887757633,13.887217240249255,lat_pulldown_2,1848
125.8860176675342,140.66119356726048,133.27360561739735,26.62242838170878,1.3446207245128547,13.983524553110817,lat_pulldown_2,1849
122.68672134682323,139.07807088140834,130.88239611411578,27.386613106632492,1.2173038013857864,14.301958454009139,lat_pulldown_2,1850
115.74724151260958,138.64886342132087,127.19805246696522,27.87766394434843,1.5939372903337385,14.735800617341084,lat_pulldown_2,1851
110.85943122047343,135.5096734135839,123.18455231702866,29.1616150977191,1.67301023108566,15.41731266440238,lat_pulldown_2,1852
109.11689108692214,132.1271595034104,120.62202529516628,30.08903411656062,1.8382461785852684,15.963640147572944,lat_pulldown_2,1853
100.84707320500988,128.03501742338133,114.4410453141956,32.28619595939938,0.46368928993548797,16.374942624667433,lat_pulldown_2,1854
90.54797788086087,126.05320995636455,108.30059391861272,32.81827975287478,0.612913187592224,16.715596470233503,lat_pulldown_2,1855
86.04492323467393,122.11847085828677,104.08169704648034,32.89132285902398,0.08673770736072275,16.489030283192353,lat_pulldown_2,1856
80.2945096856858,121.23829110390344,100.76640039479462,33.03293071372773,0.025190614014756904,16.529060663871242,lat_pulldown_2,1857
74.56135726783721,118.40695345059754,96.48415535921737,32.77951362301428,0.5576436617084185,16.66857864236135,lat_pulldown_2,1858
68.69075426202073,117.0357215301035,92.86323789606212,32.59314190323673,1.5074999951683128,17.05032094920252,lat_pulldown_2,1859
66.59609949677422,115.30694076939298,90.95152013308359,32.50485695747192,2.7306096438345433,17.61773330065323,lat_pulldown_2,1860
62.82226990137098,115.65287616965102,89.237573035511,33.155600506159715,5.921102154592203,19.53835133037596,lat_pulldown_2,1861
65.82873522967563,120.62499333775719,93.22686428371641,34.47923260086643,8.964139103555649,21.72168585221104,lat_pulldown_2,1862
70.07938097618506,123.25255616340857,96.66596856979682,36.029371200209155,11.4900296702921,23.75970043525063,lat_pulldown_2,1863
68.37455224585666,129.44066900105702,98.90761062345683,36.414747368623836,14.775472176131847,25.595109772377842,lat_pulldown_2,1864
87.15283352564317,131.1940530583191,109.17344329198113,37.22596140697854,18.184921350560312,27.70544137876943,lat_pulldown_2,1865
100.50806827671269,135.16172852826162,117.83489840248716,37.982591189985875,20.167844669341935,29.075217929663907,lat_pulldown_2,1866
109.55683226201738,135.10016630759083,122.32849928480411,37.84048161015195,22.101931078077694,29.97120634411482,lat_pulldown_2,1867
122.45656592878144,133.92686033896268,128.19171313387207,37.77725234757999,21.899742771309825,29.838497559444907,lat_pulldown_2,1868
