left_elbow_angle,right_elbow_angle,label,source
140.97281,167.63084,pullup_down,107
87.37234,96.59009,pullup_up,107
37.92393,81.246056,pullup_up,107
171.78867,169.20457,pullup_down,107
161.26895,142.2007,pullup_down,107
152.8373,161.75087,pullup_down,108
149.70517,160.39546,pullup_down,108
149.45839,160.94247,pullup_down,108
153.6591,163.16376,pullup_down,108
153.19601,163.07758,pullup_down,108
155.60997,165.49646,pullup_down,108
157.9687,165.38972,pullup_down,108
155.76758,166.04329,pullup_down,108
160.28761,165.94974,pullup_down,108
162.31267,167.95091,pullup_down,108
160.85583,166.5774,pullup_down,108
160.17072,166.25008,pullup_down,108
162.75235,164.46857,pullup_down,108
160.10681,164.12764,pullup_down,108
162.38269,166.7502,pullup_down,108
162.09215,168.45709,pullup_down,108
162.9021,165.6757,pullup_down,108
164.82648,167.08968,pullup_down,108
164.81303,167.42459,pullup_down,108
165.5994,164.22183,pullup_down,108
165.10025,165.25928,pullup_down,108
166.78099,164.68314,pullup_down,108
169.36653,171.91795,pullup_down,108
165.3242,165.3661,pullup_down,108
165.40492,167.09221,pullup_down,108
164.15443,164.87819,pullup_down,108
162.8453,167.35397,pullup_down,108
163.36516,169.56274,pullup_down,108
161.96786,168.3927,pullup_down,108
163.89307,166.15833,pullup_down,108
163.33748,167.85065,pullup_down,108
162.95389,168.01271,pullup_down,108
163.42473,170.04008,pullup_down,108
170.475,167.01788,pullup_down,108
167.99336,167.52324,pullup_down,108
168.01976,168.37857,pullup_down,108
168.69824,167.26,pullup_down,108
170.77507,165.13322,pullup_down,108
172.7973,163.12079,pullup_down,108
174.67177,161.38779,pullup_down,108
171.5212,164.67543,pullup_down,108
168.74312,167.84535,pullup_down,108
166.85115,170.48166,pullup_down,108
165.47935,169.40247,pullup_down,108
167.87949,168.22571,pullup_down,108
171.45169,168.4224,pullup_down,108
174.846,164.90196,pullup_down,108
172.1156,167.27136,pullup_down,108
169.48018,171.57852,pullup_down,108
161.60323,172.6461,pullup_down,108
163.87718,173.51434,pullup_down,108
165.60463,173.08556,pullup_down,108
166.37204,171.75856,pullup_down,108
168.61896,172.27184,pullup_down,108
161.79558,174.14378,pullup_down,108
164.55739,175.93835,pullup_down,108
160.01671,171.48082,pullup_down,108
163.43718,169.68565,pullup_down,108
158.89326,172.88708,pullup_down,108
157.86104,171.77449,pullup_down,108
160.0237,174.59093,pullup_down,108
158.21646,172.20955,pullup_down,108
156.09601,172.90302,pullup_down,108
160.77881,172.32426,pullup_down,108
164.97437,171.9406,pullup_down,108
159.95886,169.89665,pullup_down,108
159.42632,169.02039,pullup_down,108
161.47502,173.33345,pullup_down,108
158.72603,172.78578,pullup_down,108
161.46384,174.27586,pullup_down,108
160.8589,173.85887,pullup_down,108
156.81415,170.82475,pullup_down,108
156.81761,172.52773,pullup_down,108
154.33449,171.75308,pullup_down,108
157.82704,170.5379,pullup_down,108
160.34375,169.65372,pullup_down,108
162.77113,169.58444,pullup_down,108
164.3641,168.94298,pullup_down,108
166.50331,161.355,pullup_down,108
168.09389,157.0944,pullup_down,108
167.02533,157.14897,pullup_down,108
163.93384,155.82045,pullup_down,108
164.04753,156.70595,pullup_down,108
165.50711,158.19328,pullup_down,108
156.96014,162.64168,pullup_down,108
161.69983,163.43652,pullup_down,108
166.51118,157.9312,pullup_down,108
165.64546,167.92438,pullup_down,108
163.1226,166.59352,pullup_down,108
167.74847,167.82115,pullup_down,108
164.85927,167.2289,pullup_down,108
165.35744,169.34862,pullup_down,108
168.48047,169.30927,pullup_down,108
165.60698,168.37086,pullup_down,108
162.85637,167.22716,pullup_down,108
157.70674,164.57741,pullup_down,108
151.32492,164.1422,pullup_down,108
154.12224,162.46954,pullup_down,108
156.4297,159.99228,pullup_down,108
157.95053,159.70288,pullup_down,108
158.39764,159.46841,pullup_down,108
154.07123,158.01646,pullup_down,108
158.87048,156.45567,pullup_down,108
157.28416,155.96649,pullup_down,108
155.07518,153.61325,pullup_down,108
153.31693,154.11671,pullup_down,108
153.07619,151.53928,pullup_down,108
154.90028,155.87666,pullup_down,108
155.8789,152.49948,pullup_down,108
156.61671,154.69258,pullup_down,108
154.52782,152.04759,pullup_down,108
154.23409,151.58353,pullup_down,108
154.65984,150.46873,pullup_down,108
156.20335,153.0867,pullup_down,108
155.25964,152.40988,pullup_down,108
155.2272,154.25165,pullup_down,108
151.4243,154.52919,pullup_down,108
153.46371,152.45554,pullup_down,108
151.28496,150.10236,pullup_down,108
152.3798,154.98175,pullup_down,108
151.51591,153.69714,pullup_down,108
155.27579,154.31483,pullup_down,108
152.02455,152.5807,pullup_down,108
153.69682,150.1069,pullup_down,108
147.96233,153.39455,pullup_down,108
152.19112,158.9755,pullup_down,108
152.99577,149.76408,pullup_down,108
152.633,149.31587,pullup_down,108
150.58533,149.63245,pullup_down,108
155.5012,147.6591,pullup_down,108
154.01334,150.04596,pullup_down,108
153.61072,148.03456,pullup_down,108
154.40207,149.89671,pullup_down,108
152.5811,147.67566,pullup_down,108
153.77727,147.71057,pullup_down,108
153.56119,150.30579,pullup_down,108
153.8701,157.00414,pullup_down,108
154.79564,154.06972,pullup_down,108
154.14853,160.72684,pullup_down,108
156.1128,160.27678,pullup_down,108
154.2496,163.57732,pullup_down,108
156.08307,162.72542,pullup_down,108
156.52327,164.04169,pullup_down,108
160.48256,161.7997,pullup_down,108
159.52496,162.83745,pullup_down,108
155.90613,163.05115,pullup_down,108
161.69017,161.78023,pullup_down,108
161.53775,163.10834,pullup_down,108
164.24084,159.55016,pullup_down,108
160.57024,155.14311,pullup_down,108
161.29402,154.77837,pullup_down,108
159.95863,157.3054,pullup_down,108
163.60767,159.08324,pullup_down,108
163.9181,161.45093,pullup_down,108
160.32935,163.46696,pullup_down,108
163.87947,165.08716,pullup_down,108
165.38757,165.80399,pullup_down,108
165.8902,166.03261,pullup_down,108
165.70906,164.7406,pullup_down,108
166.50272,164.64107,pullup_down,108
162.05122,167.21205,pullup_down,108
164.12354,167.56499,pullup_down,108
163.3525,165.27696,pullup_down,108
168.34616,165.05865,pullup_down,108
173.38129,163.33696,pullup_down,108
170.7357,167.52248,pullup_down,108
172.1415,164.47813,pullup_down,108
173.52046,165.40324,pullup_down,108
168.66635,163.78874,pullup_down,108
171.30583,163.80246,pullup_down,108
169.73727,166.53833,pullup_down,108
170.93143,164.87807,pullup_down,108
170.69582,166.34889,pullup_down,108
173.37099,166.61133,pullup_down,108
170.02957,166.46558,pullup_down,108
169.90683,168.21333,pullup_down,108
168.14699,166.43373,pullup_down,108
170.57103,166.50319,pullup_down,108
170.25479,164.1681,pullup_down,108
170.6714,168.46217,pullup_down,108
168.1731,168.46906,pullup_down,108
166.35863,165.33432,pullup_down,108
167.12564,167.8931,pullup_down,108
169.3682,165.2388,pullup_down,108
169.43889,165.40527,pullup_down,108
168.6175,163.63564,pullup_down,108
165.74089,166.61461,pullup_down,108
169.67996,167.55406,pullup_down,108
168.28702,167.09248,pullup_down,108
168.33556,161.97623,pullup_down,108
170.16614,167.00484,pullup_down,108
172.18648,165.03625,pullup_down,108
171.80022,167.16988,pullup_down,108
173.32031,165.83609,pullup_down,108
171.3231,164.88042,pullup_down,108
170.94183,167.63182,pullup_down,108
171.20601,164.02579,pullup_down,108
173.76393,165.66727,pullup_down,108
168.77919,163.98195,pullup_down,108
171.44879,169.04547,pullup_down,108
170.14052,168.47299,pullup_down,108
166.7046,166.49045,pullup_down,108
171.09389,165.57892,pullup_down,108
167.43602,168.66437,pullup_down,108
171.98277,165.81761,pullup_down,108
169.70212,168.88947,pullup_down,108
173.9032,163.84908,pullup_down,108
172.01959,167.69005,pullup_down,108
167.29442,163.57233,pullup_down,108
165.26294,167.97488,pullup_down,108
170.76279,166.7439,pullup_down,108
167.40448,167.7859,pullup_down,108
167.98589,172.44774,pullup_down,108
169.69041,173.54799,pullup_down,108
161.42212,171.10901,pullup_down,108
161.62924,175.99791,pullup_down,108
157.06068,173.64111,pullup_down,108
156.4447,173.9938,pullup_down,108
162.69931,176.49931,pullup_down,108
154.18326,177.1763,pullup_down,108
157.12462,168.63211,pullup_down,108
157.51324,174.21095,pullup_down,108
155.70218,173.73299,pullup_down,108
155.31151,172.18921,pullup_down,108
157.91026,168.6805,pullup_down,108
158.4219,171.18527,pullup_down,108
152.17392,171.85709,pullup_down,108
155.54655,168.39156,pullup_down,108
158.4466,169.70636,pullup_down,108
163.06471,159.07622,pullup_down,108
163.35648,162.93457,pullup_down,108
164.28583,162.4018,pullup_down,108
162.24654,160.50833,pullup_down,108
165.11864,165.29045,pullup_down,108
156.93378,165.68271,pullup_down,108
164.68492,157.3256,pullup_down,108
164.72476,162.82657,pullup_down,108
162.70045,163.2831,pullup_down,108
161.09805,162.65016,pullup_down,108
162.82806,166.04126,pullup_down,108
162.69817,162.12355,pullup_down,108
159.23337,164.30554,pullup_down,108
166.4784,171.10443,pullup_down,108
162.07129,168.55063,pullup_down,108
162.9291,166.55772,pullup_down,108
160.59732,167.84464,pullup_down,108
158.16539,168.4576,pullup_down,108
150.9844,168.57135,pullup_down,108
158.0789,164.96504,pullup_down,108
156.1967,160.24202,pullup_down,108
159.89941,161.08965,pullup_down,108
156.4878,161.20467,pullup_down,108
156.01582,160.62297,pullup_down,108
153.91446,160.01024,pullup_down,108
155.09679,158.36293,pullup_down,108
153.8985,156.44432,pullup_down,108
161.226,157.38916,pullup_down,108
156.12413,153.98466,pullup_down,108
154.52708,153.93927,pullup_down,108
156.03447,155.23946,pullup_down,108
153.42427,155.98256,pullup_down,108
156.0178,153.4776,pullup_down,108
158.79674,152.47198,pullup_down,108
155.51808,152.79988,pullup_down,108
155.71689,150.22212,pullup_down,108
159.05841,158.63414,pullup_down,108
157.90582,157.37944,pullup_down,108
155.38464,155.9649,pullup_down,108
149.60638,151.91118,pullup_down,108
151.81158,153.17693,pullup_down,108
152.16624,149.84024,pullup_down,108
155.60193,153.92603,pullup_down,108
148.09917,152.61513,pullup_down,108
156.69655,143.83037,pullup_down,108
156.23859,147.33575,pullup_down,109
94.753494,93.65479,pullup_up,109
93.96142,95.42659,pullup_up,109
93.77464,92.911865,pullup_up,109
88.68559,94.67766,pullup_up,109
83.434235,91.2626,pullup_up,109
70.8812,83.015076,pullup_up,109
79.358665,78.38516,pullup_up,109
73.48233,71.11466,pullup_up,109
71.06082,67.49215,pullup_up,109
65.23792,59.178997,pullup_up,109
67.21235,79.414154,pullup_up,109
61.56231,41.61538,pullup_up,109
38.887283,87.11849,pullup_up,109
102.33508,73.759155,pullup_up,109
65.67661,95.40666,pullup_up,109
50.340157,91.03055,pullup_up,109
55.48296,94.92805,pullup_up,109
53.138306,88.87173,pullup_up,109
110.95311,72.699776,pullup_up,109
41.31466,79.50871,pullup_up,109
37.97295,105.17151,pullup_up,109
44.367695,74.47477,pullup_up,109
74.01223,85.35885,pullup_up,109
83.561005,82.40672,pullup_up,109
85.28504,75.988716,pullup_up,109
84.85366,80.618484,pullup_up,109
83.758995,92.21514,pullup_up,109
85.813255,102.39991,pullup_up,109
92.2971,97.49316,pullup_up,109
95.13088,94.23016,pullup_up,109
150.1131,150.68268,pullup_down,109
81.16287,108.3862,pullup_up,109
86.996475,91.96684,pullup_up,109
85.56373,93.96752,pullup_up,109
87.754585,94.81929,pullup_up,109
77.31751,84.66369,pullup_up,109
80.066055,91.67339,pullup_up,109
84.82561,88.05727,pullup_up,109
82.23864,95.996765,pullup_up,109
78.527664,86.89716,pullup_up,109
89.044556,78.2944,pullup_up,109
69.29635,69.32345,pullup_up,109
77.49446,69.5526,pullup_up,109
83.69027,71.535965,pullup_up,109
72.06056,92.104904,pullup_up,109
78.288605,81.489,pullup_up,109
68.73322,91.4969,pullup_up,109
48.47035,104.0464,pullup_up,109
38.28249,92.84923,pullup_up,109
70.37116,85.94521,pullup_up,109
72.141045,70.30779,pullup_up,109
73.727646,86.88608,pullup_up,109
80.98537,73.73251,pullup_up,109
82.78782,79.72162,pullup_up,109
87.13746,88.00489,pullup_up,109
52.999195,129.45288,pullup_up,109
149.97493,166.55597,pullup_down,109
73.32938,110.52905,pullup_up,109
86.39677,102.205124,pullup_up,109
91.32756,96.97833,pullup_up,109
84.703,86.57712,pullup_up,109
84.10708,96.328285,pullup_up,109
69.47368,78.503784,pullup_up,109
70.407646,77.232895,pullup_up,109
70.307724,70.29903,pullup_up,109
75.152756,59.100994,pullup_up,109
57.623222,51.421757,pullup_up,109
57.4413,63.662907,pullup_up,109
50.82171,59.54071,pullup_up,109
41.770798,60.62451,pullup_up,109
34.5278,90.856636,pullup_up,109
37.49954,122.85913,pullup_up,109
41.600418,112.40533,pullup_up,109
49.907017,67.22028,pullup_up,109
54.80146,56.671837,pullup_up,109
68.05467,60.595657,pullup_up,109
91.31863,88.02317,pullup_up,109
155.50688,163.86996,pullup_down,110
68.63299,87.621376,pullup_up,110
139.74872,163.98485,pullup_down,110
173.46732,157.08044,pullup_down,110
176.68376,165.16971,pullup_down,110
155.41905,166.37283,pullup_down,110
163.21707,149.7469,pullup_down,110
166.39233,172.78107,pullup_down,110
141.01639,165.19333,pullup_down,110
153.36621,149.84961,pullup_down,110
171.49477,140.36531,pullup_down,110
160.83325,173.82425,pullup_down,110
158.13327,169.03548,pullup_down,110
166.27791,137.4975,pullup_down,110
177.54019,163.57512,pullup_down,110
161.71667,153.46368,pullup_down,110
148.31815,165.81242,pullup_down,110
162.94232,151.89738,pullup_down,110
151.56668,150.11443,pullup_down,110
148.72224,152.54614,pullup_down,110
150.99709,161.05861,pullup_down,110
147.83554,158.42056,pullup_down,110
154.21286,151.9183,pullup_down,110
175.76067,171.23471,pullup_down,110
166.67432,158.87491,pullup_down,110
161.93098,163.31747,pullup_down,110
154.48619,149.6116,pullup_down,110
164.42258,146.62247,pullup_down,110
152.78531,151.66266,pullup_down,110
149.06285,162.27155,pullup_down,110
79.85406,79.05322,pullup_up,110
65.68573,65.18557,pullup_up,110
147.11888,168.10495,pullup_down,110
161.77449,150.37279,pullup_down,110
147.04747,159.0816,pullup_down,110
154.07182,166.15099,pullup_down,110
142.77975,167.79704,pullup_down,110
164.66876,169.08432,pullup_down,110
175.15276,169.31319,pullup_down,110
157.65497,170.84084,pullup_down,110
160.69682,162.64603,pullup_down,110
169.32483,160.8228,pullup_down,110
45.163723,101.5992,pullup_up,110
164.19408,152.03415,pullup_down,110
71.3335,58.129223,pullup_up,110
165.5469,160.75189,pullup_down,110
162.98735,151.63016,pullup_down,110
161.6274,148.08615,pullup_down,110
150.93964,153.64,pullup_down,110
160.98944,151.14445,pullup_down,110
157.26814,145.35226,pullup_down,110
155.78629,144.78763,pullup_down,110
88.117546,87.41492,pullup_up,110
89.96819,99.957214,pullup_up,110
149.21242,152.84319,pullup_down,110
152.14938,154.01839,pullup_down,110
156.27068,155.9892,pullup_down,110
158.40498,157.19199,pullup_down,110
161.42007,159.9423,pullup_down,110
161.67953,164.1884,pullup_down,110
166.33765,165.6942,pullup_down,110
168.77419,166.24152,pullup_down,110
169.12239,170.01575,pullup_down,110
170.93808,168.80754,pullup_down,110
171.9785,169.21864,pullup_down,110
172.42108,165.46706,pullup_down,110
172.78029,165.06013,pullup_down,110
173.2441,160.59181,pullup_down,110
171.08717,161.56453,pullup_down,110
173.38641,159.91153,pullup_down,110
172.7774,166.09712,pullup_down,110
171.16713,164.8222,pullup_down,110
168.10432,163.16248,pullup_down,110
167.9331,160.5068,pullup_down,110
167.49377,164.83234,pullup_down,110
171.77037,160.17648,pullup_down,110
174.86656,157.45695,pullup_down,110
175.57486,159.86139,pullup_down,110
174.29599,162.3672,pullup_down,110
175.86629,162.94531,pullup_down,110
176.06985,160.25629,pullup_down,110
175.26321,165.4778,pullup_down,110
175.56879,162.78091,pullup_down,110
175.62103,162.58557,pullup_down,110
176.24991,165.12372,pullup_down,110
176.03113,164.59752,pullup_down,110
175.51807,165.05318,pullup_down,110
176.29794,164.82092,pullup_down,110
176.28336,163.6213,pullup_down,110
176.19583,162.76466,pullup_down,110
176.69275,163.31682,pullup_down,110
177.00983,164.84752,pullup_down,110
174.94412,162.89084,pullup_down,110
173.78784,161.01582,pullup_down,110
175.92119,159.20828,pullup_down,110
175.90543,157.01534,pullup_down,110
174.35558,156.18298,pullup_down,110
175.2893,157.06102,pullup_down,110
174.6823,154.3702,pullup_down,110
174.50233,153.72865,pullup_down,110
174.86023,154.76009,pullup_down,110
174.15768,156.21434,pullup_down,110
174.69846,153.96368,pullup_down,110
175.27167,155.40349,pullup_down,110
175.25322,154.60022,pullup_down,110
175.52022,161.57768,pullup_down,110
174.3122,156.14236,pullup_down,110
172.74985,156.08202,pullup_down,110
174.58769,155.51392,pullup_down,110
175.74094,155.97682,pullup_down,110
172.71642,157.26947,pullup_down,110
173.44212,159.38104,pullup_down,110
173.71864,160.15656,pullup_down,110
170.69037,159.56279,pullup_down,110
168.38974,158.82272,pullup_down,110
165.53485,159.41426,pullup_down,110
160.291,153.95497,pullup_down,110
158.7541,152.27802,pullup_down,110
157.20851,154.81175,pullup_down,110
155.93513,152.7987,pullup_down,110
152.53064,153.14487,pullup_down,110
150.39001,150.31627,pullup_down,110
109.00591,62.85943,pullup_up,111
100.50814,56.343403,pullup_up,111
113.65552,67.89641,pullup_up,111
129.18126,57.985195,pullup_up,111
129.24286,53.67836,pullup_up,111
128.6799,53.60031,pullup_up,111
125.16865,58.661022,pullup_up,111
128.7499,52.87266,pullup_up,111
132.21922,50.952168,pullup_up,111
135.71385,54.276066,pullup_up,111
127.765236,53.428356,pullup_up,111
119.84397,52.222412,pullup_up,111
112.92506,55.17874,pullup_up,111
119.768524,49.805096,pullup_up,111
112.90524,53.993298,pullup_up,111
117.85372,56.177864,pullup_up,111
115.69106,63.4247,pullup_up,111
125.15097,58.196877,pullup_up,111
100.43992,85.243744,pullup_up,111
168.2026,149.01132,pullup_down,111
136.9553,172.03564,pullup_down,111
161.02733,142.71103,pullup_down,111
4.7348685,144.48346,pullup_up,111
56.99248,96.50777,pullup_up,111
102.96138,83.971245,pullup_up,111
70.621216,114.8785,pullup_up,111
97.68606,77.95391,pullup_up,111
112.33896,77.24834,pullup_up,111
58.243225,82.869804,pullup_up,111
54.900337,83.84346,pullup_up,111
38.80893,79.155495,pullup_up,111
55.514526,69.6108,pullup_up,111
104.16039,82.970345,pullup_up,111
95.2281,71.346855,pullup_up,111
143.83006,159.45088,pullup_down,111
96.880615,86.06942,pullup_up,111
108.08844,81.68138,pullup_up,111
154.26485,147.25923,pullup_down,111
158.30154,146.72899,pullup_down,111
159.61754,154.95079,pullup_down,111
152.44852,148.28294,pullup_down,111
93.49106,65.60611,pullup_up,111
87.43186,79.55092,pullup_up,111
98.75549,80.369385,pullup_up,111
92.234436,95.18703,pullup_up,111
117.97378,68.62281,pullup_up,112
106.553444,74.78447,pullup_up,112
111.905495,52.79571,pullup_up,112
121.66364,33.60324,pullup_up,112
98.309265,69.07157,pullup_up,112
110.07519,55.01528,pullup_up,112
106.7564,68.73984,pullup_up,112
118.955,54.15458,pullup_up,112
103.35921,77.36736,pullup_up,112
150.6596,165.15901,pullup_down,112
168.54916,152.02759,pullup_down,112
101.60515,40.532722,pullup_up,112
100.51938,69.41837,pullup_up,112
116.46722,30.66378,pullup_up,112
119.86167,56.53912,pullup_up,112
99.07599,87.32964,pullup_up,112
59.656364,78.902626,pullup_up,112
71.81777,37.46567,pullup_up,112
125.934326,31.660507,pullup_up,112
161.081,149.97667,pullup_down,112
143.98819,166.995,pullup_down,112
65.49157,62.746395,pullup_up,112
56.8353,52.100655,pullup_up,112
4.7946477,50.722748,pullup_up,112
28.650661,53.866924,pullup_up,112
85.86346,73.18538,pullup_up,112
34.02026,39.25731,pullup_up,112
155.99272,158.14282,pullup_down,113
149.71754,159.77676,pullup_down,113
158.42892,163.6189,pullup_down,113
164.52336,154.37271,pullup_down,113
157.81578,156.55424,pullup_down,113
150.34825,156.15294,pullup_down,113
151.17339,164.46196,pullup_down,113
147.44232,165.13713,pullup_down,113
140.9794,163.80879,pullup_down,113
79.38478,104.44882,pullup_up,113
151.8341,150.31735,pullup_down,113
158.78561,158.08731,pullup_down,113
159.41557,155.81172,pullup_down,113
158.91603,156.31041,pullup_down,113
171.40842,167.11429,pullup_down,113
157.1872,156.26677,pullup_down,113
157.83575,151.79546,pullup_down,113
156.60884,151.63214,pullup_down,113
155.85095,159.29585,pullup_down,113
160.74509,161.07071,pullup_down,113
157.5404,161.98698,pullup_down,113
167.35608,163.53522,pullup_down,113
160.48888,161.10876,pullup_down,113
163.29823,166.80534,pullup_down,113
166.36357,172.74324,pullup_down,113
166.94478,173.3561,pullup_down,113
162.08678,166.46597,pullup_down,113
172.38327,167.72388,pullup_down,113
177.38042,173.84119,pullup_down,113
173.10738,173.3586,pullup_down,113
174.55896,173.61465,pullup_down,113
166.35855,162.87874,pullup_down,113
170.61487,169.02966,pullup_down,113
164.90996,163.4604,pullup_down,113
160.64445,156.70738,pullup_down,113
171.71922,163.93303,pullup_down,113
164.29462,165.16846,pullup_down,113
162.76271,158.08777,pullup_down,113
168.5887,167.32436,pullup_down,113
160.3898,162.44284,pullup_down,113
168.06288,163.894,pullup_down,113
167.65363,160.34969,pullup_down,113
161.82391,167.7096,pullup_down,113
164.63173,155.50647,pullup_down,113
159.60399,151.7383,pullup_down,113
165.95471,161.5579,pullup_down,113
162.32463,162.50919,pullup_down,113
159.53317,162.49536,pullup_down,113
152.92896,162.3344,pullup_down,113
150.9281,162.622,pullup_down,113
152.37296,159.56895,pullup_down,113
152.02522,151.27164,pullup_down,113
140.6481,164.2588,pullup_down,113
146.01056,165.55544,pullup_down,113
140.03027,160.74051,pullup_down,113
150.93825,151.9412,pullup_down,113
157.39313,149.30771,pullup_down,113
166.88329,161.81522,pullup_down,113
157.05435,148.58403,pullup_down,113
164.77005,146.0952,pullup_down,113
163.45285,143.14883,pullup_down,113
168.62218,151.34662,pullup_down,113
167.91005,149.86249,pullup_down,113
162.1884,146.09749,pullup_down,113
168.69417,150.38559,pullup_down,113
162.11458,152.16934,pullup_down,113
171.47362,156.89351,pullup_down,113
150.05643,163.42186,pullup_down,114
148.0336,163.22318,pullup_down,114
143.70471,164.56291,pullup_down,114
144.53908,166.05226,pullup_down,114
147.02875,155.94191,pullup_down,114
146.8972,156.01033,pullup_down,114
145.47055,164.54262,pullup_down,114
147.05875,166.37294,pullup_down,114
140.76677,160.67693,pullup_down,114
143.24353,161.25444,pullup_down,114
141.23169,162.88469,pullup_down,114
142.47972,163.01636,pullup_down,114
148.18875,164.90186,pullup_down,114
145.6383,164.4483,pullup_down,114
146.94511,165.60759,pullup_down,114
146.9524,166.73006,pullup_down,114
146.83426,164.71437,pullup_down,114
148.93091,165.95702,pullup_down,114
144.15176,163.4358,pullup_down,114
144.18097,161.835,pullup_down,114
142.91142,165.76427,pullup_down,114
141.64893,164.99672,pullup_down,114
151.02547,159.87291,pullup_down,114
151.83357,160.33156,pullup_down,114
83.92831,87.52373,pullup_up,114
139.86101,162.64798,pullup_down,114
141.62627,166.4422,pullup_down,114
140.98633,164.7075,pullup_down,114
149.04031,156.39516,pullup_down,114
150.43062,156.9754,pullup_down,114
149.60393,159.80515,pullup_down,114
149.75253,156.74866,pullup_down,114
149.77983,156.58847,pullup_down,114
150.53757,159.81268,pullup_down,114
145.3093,164.90807,pullup_down,114
145.44691,164.9789,pullup_down,114
146.3192,166.60715,pullup_down,114
147.69777,167.00201,pullup_down,114
91.69874,98.15594,pullup_up,114
88.51926,97.15796,pullup_up,114
137.67502,162.38203,pullup_down,114
147.74982,163.13379,pullup_down,114
147.03502,158.95224,pullup_down,114
141.85706,164.91002,pullup_down,114
142.07109,164.95474,pullup_down,114
144.01736,166.8488,pullup_down,114
141.86037,167.0577,pullup_down,114
82.32853,95.49868,pullup_up,114
86.46813,93.367424,pullup_up,114
149.38637,161.66164,pullup_down,114
146.66188,161.63257,pullup_down,114
143.31514,164.71056,pullup_down,114
140.92206,164.28181,pullup_down,114
152.06178,160.88617,pullup_down,114
150.33215,161.30658,pullup_down,114
147.39088,157.30211,pullup_down,114
148.90143,157.14967,pullup_down,114
147.66435,166.25247,pullup_down,114
144.5922,165.33128,pullup_down,114
146.0505,166.29988,pullup_down,114
142.15776,163.94781,pullup_down,114
149.17976,162.26018,pullup_down,114
148.71313,162.84401,pullup_down,114
140.04071,162.30446,pullup_down,114
141.02158,162.54243,pullup_down,114
147.38094,162.5753,pullup_down,114
147.75388,162.3372,pullup_down,114
145.62094,160.42508,pullup_down,114
148.90967,160.85495,pullup_down,114
147.60953,166.11206,pullup_down,114
147.92929,161.8971,pullup_down,114
147.8188,162.73012,pullup_down,114
90.48037,98.6075,pullup_up,114
153.48503,160.90112,pullup_down,114
152.42375,161.74207,pullup_down,114
141.42044,159.22287,pullup_down,114
142.66008,163.3477,pullup_down,114
148.43869,159.63788,pullup_down,115
166.91728,137.42941,pullup_down,115
162.41676,138.18321,pullup_down,115
165.10713,137.14633,pullup_down,115
139.69604,164.24182,pullup_down,115
136.90659,163.3829,pullup_down,115
163.75383,140.23901,pullup_down,115
158.90022,142.75389,pullup_down,115
162.82188,140.97095,pullup_down,115
163.65529,138.3799,pullup_down,115
168.22978,145.432,pullup_down,115
163.77075,149.8091,pullup_down,115
143.74695,157.23825,pullup_down,115
158.01971,152.32132,pullup_down,115
159.06743,149.41742,pullup_down,115
163.3452,142.78596,pullup_down,115
166.95145,151.86082,pullup_down,115
175.10747,146.90341,pullup_down,115
173.94446,140.51823,pullup_down,115
176.8839,143.42741,pullup_down,115
166.75623,148.023,pullup_down,115
168.22794,154.7315,pullup_down,115
168.40154,152.91931,pullup_down,115
167.60202,145.92477,pullup_down,115
158.2186,144.11618,pullup_down,115
153.88641,151.43301,pullup_down,115
91.830956,77.99747,pullup_up,115
164.68762,135.31645,pullup_down,115
164.78036,144.35344,pullup_down,115
170.2634,132.77832,pullup_down,115
171.57103,129.6244,pullup_down,115
160.868,145.75966,pullup_down,115
61.948925,110.06282,pullup_up,115
156.00316,147.9222,pullup_down,115
153.9534,152.4096,pullup_down,115
153.96231,151.29567,pullup_down,115
166.72188,157.11539,pullup_down,115
154.47011,151.3312,pullup_down,115
149.66722,153.982,pullup_down,115
152.21811,157.58356,pullup_down,115
143.93718,158.4151,pullup_down,115
153.75969,153.12978,pullup_down,115
153.89476,154.2492,pullup_down,115
159.47472,141.4141,pullup_down,115
141.8415,163.5363,pullup_down,115
145.79965,154.21722,pullup_down,115
97.73277,91.82761,pullup_up,115
84.970146,104.84442,pullup_up,116
75.4302,102.31812,pullup_up,116
69.54535,87.55198,pullup_up,116
96.68556,89.668945,pullup_up,116
54.866714,99.04278,pullup_up,116
44.774895,64.09611,pullup_up,116
41.33872,73.42939,pullup_up,116
46.041504,62.710346,pullup_up,116
43.142536,64.80714,pullup_up,116
47.207016,72.21634,pullup_up,116
65.919655,74.36582,pullup_up,116
71.71262,64.919304,pullup_up,116
57.778034,75.16635,pullup_up,116
69.45949,83.13934,pullup_up,116
56.23193,87.36549,pullup_up,116
67.91709,99.20515,pullup_up,116
91.72042,96.85734,pullup_up,116
82.21807,101.260155,pullup_up,116
91.96169,98.00017,pullup_up,116
68.40097,88.44101,pullup_up,116
66.697556,80.08634,pullup_up,116
72.493546,82.18399,pullup_up,116
54.300568,94.58061,pullup_up,116
62.073765,81.251274,pullup_up,116
31.489527,88.401596,pullup_up,116
78.95568,85.49406,pullup_up,116
96.0328,80.485664,pullup_up,116
176.4935,132.88184,pullup_down,116
106.470146,81.63142,pullup_up,116
103.171,74.961334,pullup_up,116
101.23997,85.08343,pullup_up,116
92.89386,96.58789,pullup_up,116
79.08578,104.76304,pullup_up,116
86.73213,94.29726,pullup_up,116
81.22328,97.12445,pullup_up,116
75.24297,88.96904,pullup_up,116
85.9637,79.58613,pullup_up,116
78.70632,78.26406,pullup_up,116
68.78868,77.70366,pullup_up,116
60.582375,63.54958,pullup_up,116
56.9987,62.164047,pullup_up,116
43.53318,88.242805,pullup_up,116
46.996048,83.25109,pullup_up,116
57.08426,84.25192,pullup_up,116
55.53527,71.822014,pullup_up,116
78.338005,65.11466,pullup_up,116
57.878098,69.902145,pullup_up,116
59.920486,60.2583,pullup_up,116
80.88646,86.07679,pullup_up,116
55.564747,111.07932,pullup_up,116
74.77784,94.5522,pullup_up,116
85.80643,93.3891,pullup_up,116
84.841774,86.343025,pullup_up,116
96.55155,85.4288,pullup_up,116
59.219463,58.845036,pullup_up,116
62.04247,118.9713,pullup_up,116
28.032442,80.95527,pullup_up,116
164.54456,146.61647,pullup_down,116
163.98842,145.43996,pullup_down,117
154.7308,153.3781,pullup_down,117
159.78851,154.9365,pullup_down,117
147.71852,161.88493,pullup_down,117
83.18341,80.36691,pullup_up,117
150.41788,158.14679,pullup_down,117
154.5161,147.37932,pullup_down,117
162.84213,152.4195,pullup_down,117
154.01836,159.11949,pullup_down,117
154.32405,150.01411,pullup_down,117
145.1609,156.47026,pullup_down,117
165.87292,153.68759,pullup_down,117
162.48009,154.84346,pullup_down,117
152.70453,162.04,pullup_down,117
164.57254,158.97878,pullup_down,117
161.17935,154.64061,pullup_down,117
165.8731,141.53781,pullup_down,117
163.96985,147.01015,pullup_down,117
153.6415,163.3984,pullup_down,117
156.88925,169.66481,pullup_down,117
163.00803,170.23877,pullup_down,117
171.0262,140.20393,pullup_down,117
166.55109,150.22557,pullup_down,117
168.34294,149.8367,pullup_down,117
169.57126,138.68929,pullup_down,117
166.63016,145.87785,pullup_down,117
164.97528,158.7461,pullup_down,117
167.29858,162.66344,pullup_down,117
166.20988,137.51187,pullup_down,117
167.31174,150.22803,pullup_down,117
170.70729,141.87534,pullup_down,117
168.91278,139.50346,pullup_down,117
168.77873,147.37036,pullup_down,117
165.3619,145.88628,pullup_down,117
171.82932,145.08311,pullup_down,117
170.96008,151.74004,pullup_down,117
153.26842,149.28902,pullup_down,117
172.97333,159.95003,pullup_down,117
98.59939,89.371544,pullup_up,117
170.04457,152.98846,pullup_down,118
160.44374,148.66095,pullup_down,118
166.16348,155.53528,pullup_down,118
165.40025,150.14238,pullup_down,118
144.96414,157.8427,pullup_down,118
134.23108,174.57074,pullup_down,118
160.43332,179.19302,pullup_down,118
147.56586,153.69397,pullup_down,118
121.44477,66.98569,pullup_up,118
165.47029,159.47789,pullup_down,118
82.556274,61.93021,pullup_up,118
87.65432,69.715775,pullup_up,118
122.61257,59.368187,pullup_up,118
161.80704,145.65569,pullup_down,118
168.90718,161.23213,pullup_down,118
172.02588,160.143,pullup_down,118
153.77672,148.81328,pullup_down,118
158.42415,164.93704,pullup_down,118
135.47499,170.65767,pullup_down,118
134.16095,171.92624,pullup_down,118
138.74065,165.5459,pullup_down,118
132.97359,169.8831,pullup_down,118
43.0793,108.47758,pullup_up,119
153.90382,148.92563,pullup_down,119
48.679916,129.76529,pullup_up,119
163.02458,175.20439,pullup_down,119
151.34172,154.6066,pullup_down,119
88.97048,96.83858,pullup_up,119
98.729004,78.324394,pullup_up,119
83.51482,101.65608,pullup_up,119
80.62479,102.88334,pullup_up,119
75.981865,100.77116,pullup_up,119
80.62423,96.386734,pullup_up,119
83.67283,101.88255,pullup_up,119
80.229324,96.89487,pullup_up,119
86.38869,97.63684,pullup_up,119
71.07367,93.43099,pullup_up,119
76.83247,99.04611,pullup_up,119
64.40991,51.636837,pullup_up,119
164.91759,174.74704,pullup_down,120
158.58144,173.09473,pullup_down,120
159.71031,167.7572,pullup_down,120
168.21007,166.55762,pullup_down,120
158.54663,168.41661,pullup_down,120
156.05115,166.16106,pullup_down,120
146.81099,163.45476,pullup_down,120
158.20071,177.01009,pullup_down,120
165.41226,166.73619,pullup_down,120
164.00067,168.75897,pullup_down,120
166.11168,174.25185,pullup_down,120
175.60947,162.62012,pullup_down,120
177.7198,169.5075,pullup_down,120
171.93707,166.13339,pullup_down,120
167.9371,154.22672,pullup_down,120
152.14633,165.23856,pullup_down,120
151.57188,175.10939,pullup_down,120
136.86792,172.16461,pullup_down,120
157.28061,165.4065,pullup_down,120
152.969,163.18837,pullup_down,120
171.58034,175.26553,pullup_down,120
161.8675,142.56323,pullup_down,120
159.77264,159.0032,pullup_down,120
164.17375,165.0116,pullup_down,120
163.38406,164.57886,pullup_down,120
163.98428,167.6419,pullup_down,120
174.24948,169.88498,pullup_down,120
170.53227,145.35356,pullup_down,120
165.6643,163.06784,pullup_down,120
168.01408,163.18129,pullup_down,120
168.13695,176.59026,pullup_down,120
161.86272,169.4968,pullup_down,120
159.28722,140.95123,pullup_down,120
172.79837,169.8266,pullup_down,120
162.22543,167.8491,pullup_down,120
161.08466,161.6553,pullup_down,120
151.0732,167.37564,pullup_down,120
153.80936,161.99258,pullup_down,120
171.73647,154.73022,pullup_down,120
164.7517,164.39915,pullup_down,120
163.4991,167.74008,pullup_down,120
170.06062,172.33562,pullup_down,120
148.22841,163.56018,pullup_down,120
158.95113,162.34804,pullup_down,120
169.62177,165.15031,pullup_down,120
166.2002,145.59029,pullup_down,120
167.68068,141.2453,pullup_down,120
154.48363,154.4233,pullup_down,120
153.11908,152.22879,pullup_down,120
146.17578,154.87444,pullup_down,120
161.3675,141.2974,pullup_down,120
160.29192,142.64159,pullup_down,120
150.268,154.63107,pullup_down,120
163.52492,166.95654,pullup_down,120
170.94804,156.43767,pullup_down,120
160.32693,173.64368,pullup_down,120
176.69228,158.03508,pullup_down,120
167.90666,152.93597,pullup_down,120
168.12105,166.01263,pullup_down,120
153.45627,173.26465,pullup_down,120
134.36421,167.3455,pullup_down,120
150.50668,174.7283,pullup_down,120
160.84303,145.26796,pullup_down,120
155.30402,149.93488,pullup_down,120
153.51578,158.05295,pullup_down,120
152.03197,167.14957,pullup_down,120
134.60262,175.71745,pullup_down,120
155.41339,171.42233,pullup_down,120
175.30309,164.87584,pullup_down,120
152.2034,167.71483,pullup_down,120
149.7705,161.25989,pullup_down,120
161.40646,162.91316,pullup_down,120
162.21492,168.2383,pullup_down,120
153.85658,152.17899,pullup_down,120
155.1944,149.52536,pullup_down,120
86.65007,82.1469,pullup_up,120
148.68263,171.92578,pullup_down,120
159.22353,167.2617,pullup_down,120
148.05954,178.86494,pullup_down,120
160.89815,158.58719,pullup_down,120
169.45256,170.6696,pullup_down,120
163.87906,150.94263,pullup_down,120
163.78183,167.78864,pullup_down,120
157.6017,159.42662,pullup_down,120
169.29875,159.08333,pullup_down,120
168.74542,155.23064,pullup_down,120
168.05203,156.36082,pullup_down,120
154.32614,167.78874,pullup_down,121
154.60603,169.18526,pullup_down,121
153.42097,169.7488,pullup_down,121
160.91727,170.75497,pullup_down,121
156.68361,171.20016,pullup_down,121
156.04306,170.9087,pullup_down,121
156.75604,171.07562,pullup_down,121
154.6442,168.13956,pullup_down,121
153.5762,167.64398,pullup_down,121
152.40343,169.1352,pullup_down,121
151.52077,168.08257,pullup_down,121
151.54684,168.94148,pullup_down,121
150.52757,169.84897,pullup_down,121
153.02301,170.20567,pullup_down,121
153.75674,171.2312,pullup_down,121
151.04597,168.51599,pullup_down,121
149.38524,169.56776,pullup_down,121
153.46971,166.25037,pullup_down,121
152.9086,170.94621,pullup_down,121
158.42558,169.12561,pullup_down,121
153.72577,167.10878,pullup_down,121
155.14618,166.7022,pullup_down,121
159.95726,168.48175,pullup_down,121
154.00337,164.4462,pullup_down,121
155.98018,168.92511,pullup_down,121
154.12895,169.81754,pullup_down,121
158.99779,163.37175,pullup_down,121
161.59575,164.18092,pullup_down,121
158.22969,165.60281,pullup_down,121
156.62744,166.42863,pullup_down,121
164.8043,169.39883,pullup_down,121
165.31519,164.16435,pullup_down,121
159.11305,161.89423,pullup_down,121
156.64809,156.64581,pullup_down,121
158.54875,158.76897,pullup_down,121
153.82207,150.93196,pullup_down,121
153.09908,148.11008,pullup_down,121
154.52612,147.84944,pullup_down,121
160.3637,150.612,pullup_down,121
160.26839,148.08476,pullup_down,121
164.31999,151.86078,pullup_down,121
161.76279,147.30586,pullup_down,121
163.34392,152.75653,pullup_down,121
163.68408,159.11331,pullup_down,121
155.8302,148.27583,pullup_down,121
156.18437,151.00882,pullup_down,121
157.93015,156.15068,pullup_down,121
160.5853,154.87839,pullup_down,121
165.84352,153.74762,pullup_down,121
164.07289,155.14415,pullup_down,121
162.85028,159.07507,pullup_down,121
161.30183,151.06915,pullup_down,121
162.39656,165.10637,pullup_down,121
164.89638,167.67006,pullup_down,121
167.75351,171.02235,pullup_down,121
166.01707,168.85335,pullup_down,121
163.49352,171.3548,pullup_down,121
159.80568,167.98184,pullup_down,121
164.40097,169.41096,pullup_down,121
168.62234,171.15984,pullup_down,121
165.76785,168.64487,pullup_down,121
159.14522,168.40416,pullup_down,121
157.3511,169.26413,pullup_down,121
160.65237,171.85062,pullup_down,121
165.70656,172.57341,pullup_down,121
163.69975,170.98071,pullup_down,121
159.03407,169.28249,pullup_down,121
158.93608,171.5792,pullup_down,121
165.61365,167.8673,pullup_down,121
169.82698,172.9924,pullup_down,121
172.80716,170.66362,pullup_down,121
172.70294,171.56607,pullup_down,121
171.77325,170.9108,pullup_down,121
162.57504,169.5591,pullup_down,121
156.74452,151.2084,pullup_down,121
154.0046,153.44395,pullup_down,121
157.4088,155.24402,pullup_down,121
152.3492,160.1495,pullup_down,121
151.557,158.0456,pullup_down,121
147.52322,154.17596,pullup_down,121
151.6818,159.90083,pullup_down,121
162.35532,154.3045,pullup_down,121
160.18053,151.15137,pullup_down,121
158.52756,152.89786,pullup_down,121
158.07315,155.54025,pullup_down,121
160.00671,156.38017,pullup_down,121
153.83276,151.60255,pullup_down,121
159.27423,156.29565,pullup_down,121
159.53568,156.8773,pullup_down,121
155.72235,155.77946,pullup_down,121
150.54355,150.1644,pullup_down,121
155.7358,146.54854,pullup_down,121
158.52408,150.52058,pullup_down,121
159.76994,154.21243,pullup_down,121
155.8771,150.87329,pullup_down,121
155.40253,155.19905,pullup_down,121
164.33167,158.51105,pullup_down,121
152.91243,172.05,pullup_down,121
158.67961,173.38148,pullup_down,121
161.167,173.00534,pullup_down,121
165.46173,168.93776,pullup_down,121
168.64868,171.40752,pullup_down,121
171.2535,168.83513,pullup_down,121
165.2576,168.56407,pullup_down,121
166.31917,175.52472,pullup_down,121
170.70909,170.79675,pullup_down,121
172.36519,175.86462,pullup_down,121
170.83525,173.23901,pullup_down,121
168.12097,167.8194,pullup_down,121
166.15369,168.76642,pullup_down,121
163.79803,170.3623,pullup_down,121
159.58205,170.02322,pullup_down,121
173.99341,172.21594,pullup_down,121
165.1527,173.24843,pullup_down,121
163.95015,175.47978,pullup_down,121
163.14333,172.93121,pullup_down,121
163.2066,174.87259,pullup_down,121
166.01265,175.09666,pullup_down,121
166.23148,175.05211,pullup_down,121
166.28093,176.2272,pullup_down,121
159.24963,176.42953,pullup_down,121
158.00644,179.0736,pullup_down,121
158.72699,175.11858,pullup_down,121
158.42293,175.6312,pullup_down,121
157.19595,177.91418,pullup_down,121
156.51457,178.22711,pullup_down,121
158.47902,178.53432,pullup_down,121
157.64548,178.70274,pullup_down,121
156.11159,177.34952,pullup_down,121
159.40984,178.99632,pullup_down,121
160.90999,177.569,pullup_down,121
160.10373,176.65384,pullup_down,121
157.35272,177.44073,pullup_down,121
157.13872,178.82713,pullup_down,121
159.7786,179.76593,pullup_down,121
155.87393,178.14691,pullup_down,121
157.68317,175.82532,pullup_down,121
155.46582,176.52002,pullup_down,121
154.48239,177.97725,pullup_down,121
158.35927,178.67249,pullup_down,121
164.52237,175.57185,pullup_down,121
157.68355,178.45845,pullup_down,121
159.56087,179.18051,pullup_down,121
159.9121,179.10823,pullup_down,121
162.1412,177.6128,pullup_down,121
154.51993,177.88649,pullup_down,121
155.8094,177.47562,pullup_down,121
155.52365,176.91408,pullup_down,121
153.44443,177.13644,pullup_down,121
153.81349,176.59561,pullup_down,121
157.44063,175.13513,pullup_down,121
154.69661,175.68425,pullup_down,121
159.052,176.43524,pullup_down,121
156.81746,176.71329,pullup_down,121
157.57896,176.26869,pullup_down,121
153.74974,175.48833,pullup_down,121
157.02983,175.75299,pullup_down,121
151.90146,177.2331,pullup_down,121
154.22859,175.84517,pullup_down,121
151.91827,174.99773,pullup_down,121
151.66344,173.38513,pullup_down,121
152.5478,174.94865,pullup_down,121
158.31723,164.38965,pullup_down,121
154.46094,174.05544,pullup_down,121
158.54144,168.35896,pullup_down,121
149.89384,172.31456,pullup_down,121
148.46318,170.73364,pullup_down,121
155.20467,171.08656,pullup_down,121
154.25638,170.45242,pullup_down,121
153.8353,176.37808,pullup_down,121
152.31949,174.81438,pullup_down,121
154.44527,172.05623,pullup_down,121
154.33676,169.47308,pullup_down,121
152.53633,170.41734,pullup_down,121
158.7342,170.24246,pullup_down,121
155.3664,170.34822,pullup_down,121
163.11357,175.373,pullup_down,121
155.23906,172.80688,pullup_down,121
159.96439,173.93657,pullup_down,121
150.76204,174.24986,pullup_down,121
144.94612,171.33104,pullup_down,121
146.3287,172.59154,pullup_down,121
149.30438,170.72499,pullup_down,121
147.21268,171.09619,pullup_down,121
148.05994,172.57033,pullup_down,121
150.63211,172.91644,pullup_down,121
149.57498,174.62943,pullup_down,121
150.57948,174.38725,pullup_down,121
149.0114,172.5533,pullup_down,121
151.35304,172.9908,pullup_down,121
155.23158,173.67389,pullup_down,121
142.32265,170.29294,pullup_down,121
144.16222,175.29047,pullup_down,121
148.09811,170.38275,pullup_down,121
147.86618,176.82718,pullup_down,121
149.83899,176.16614,pullup_down,121
151.65302,176.61671,pullup_down,121
152.0956,173.16034,pullup_down,121
156.55255,172.95807,pullup_down,121
152.35612,172.32178,pullup_down,121
152.46138,173.29462,pullup_down,121
153.27473,175.06116,pullup_down,121
154.30464,172.60538,pullup_down,121
151.2806,174.94998,pullup_down,121
149.79697,175.13702,pullup_down,121
151.15913,177.12988,pullup_down,121
156.73824,174.76999,pullup_down,121
152.2229,175.5302,pullup_down,121
158.08948,173.01457,pullup_down,121
158.96797,170.66872,pullup_down,121
156.83371,157.42249,pullup_down,121
158.08154,158.4449,pullup_down,121
160.35542,168.32617,pullup_down,121
159.133,153.93858,pullup_down,121
158.3797,157.67892,pullup_down,121
157.53505,159.72551,pullup_down,121
165.07594,158.14792,pullup_down,121
161.88002,158.6628,pullup_down,121
163.71214,155.1048,pullup_down,121
163.43684,155.23976,pullup_down,121
163.27812,164.01447,pullup_down,121
163.84752,157.03738,pullup_down,121
161.8131,153.98149,pullup_down,121
160.06949,155.93098,pullup_down,121
159.39035,169.92834,pullup_down,121
159.52232,171.3123,pullup_down,121
159.30746,156.80775,pullup_down,121
160.10263,158.93365,pullup_down,121
162.08946,170.74959,pullup_down,121
162.09006,156.60654,pullup_down,121
163.43005,172.23949,pullup_down,121
164.79108,156.74698,pullup_down,121
158.63379,155.6555,pullup_down,121
161.648,159.26076,pullup_down,121
165.44939,157.00037,pullup_down,121
165.91068,157.60739,pullup_down,121
164.69507,159.57419,pullup_down,121
163.65208,173.16373,pullup_down,121
162.7958,171.21541,pullup_down,121
161.71806,168.35144,pullup_down,121
162.79906,167.98936,pullup_down,121
162.30653,156.98135,pullup_down,121
163.30531,155.05933,pullup_down,121
161.15485,168.97264,pullup_down,121
157.95854,160.61107,pullup_down,121
160.55687,170.2232,pullup_down,121
164.00034,160.39572,pullup_down,121
159.39012,171.72278,pullup_down,121
158.7602,173.56335,pullup_down,121
165.7977,173.49344,pullup_down,121
163.16403,167.65622,pullup_down,121
150.03099,163.76721,pullup_down,122
150.24544,162.51369,pullup_down,122
146.62938,159.49567,pullup_down,122
146.46176,164.36316,pullup_down,122
146.7422,163.98248,pullup_down,122
144.13358,165.57375,pullup_down,122
141.28995,165.11403,pullup_down,122
144.56598,165.5582,pullup_down,122
147.16557,165.39012,pullup_down,122
146.9659,165.0263,pullup_down,122
142.50757,159.58203,pullup_down,122
141.81674,161.65977,pullup_down,122
141.77762,163.28108,pullup_down,122
140.94666,160.8039,pullup_down,122
142.8597,165.7654,pullup_down,122
137.48747,163.01595,pullup_down,122
139.46559,167.62654,pullup_down,122
139.18384,167.62244,pullup_down,122
141.803,165.23106,pullup_down,122
147.64772,164.02194,pullup_down,122
146.28342,165.88092,pullup_down,122
155.11552,168.1945,pullup_down,122
148.81384,167.44481,pullup_down,122
147.1906,165.89375,pullup_down,122
153.4979,162.84264,pullup_down,122
144.78885,166.19954,pullup_down,122
143.30627,157.81317,pullup_down,122
147.1318,161.75754,pullup_down,122
147.97739,163.74448,pullup_down,122
151.90169,155.23598,pullup_down,122
143.9203,156.23668,pullup_down,122
154.23985,151.34494,pullup_down,122
154.5514,151.30385,pullup_down,122
101.975685,83.861275,pullup_up,122
101.155785,84.445595,pullup_up,122
99.00969,85.94095,pullup_up,122
100.875786,87.53802,pullup_up,122
102.51286,83.72054,pullup_up,122
101.78764,87.84732,pullup_up,122
84.67984,94.24791,pullup_up,122
91.55508,95.58319,pullup_up,122
156.93692,143.62767,pullup_down,122
149.09926,153.58365,pullup_down,122
149.77266,153.88615,pullup_down,122
153.72159,149.38373,pullup_down,122
149.1701,163.19426,pullup_down,122
145.72484,163.32697,pullup_down,122
154.24536,157.70036,pullup_down,122
155.01843,159.19768,pullup_down,122
149.64502,161.49364,pullup_down,122
150.23639,163.27142,pullup_down,122
152.77394,162.94485,pullup_down,122
152.06566,162.18251,pullup_down,122
152.07962,162.7906,pullup_down,122
153.74345,161.8893,pullup_down,122
150.83481,165.49742,pullup_down,122
144.69513,165.61325,pullup_down,122
145.97606,166.38133,pullup_down,122
152.09268,169.37152,pullup_down,122
150.16583,167.84659,pullup_down,122
141.5005,167.28539,pullup_down,122
148.2223,170.47662,pullup_down,122
145.00114,167.14613,pullup_down,122
145.21227,169.12584,pullup_down,122
146.47096,167.24937,pullup_down,122
146.7424,173.27173,pullup_down,122
139.40895,169.95624,pullup_down,122
141.72635,169.6846,pullup_down,122
145.27888,167.36395,pullup_down,122
144.61656,168.7463,pullup_down,122
141.9095,163.10977,pullup_down,122
142.20708,163.16812,pullup_down,122
141.22792,162.46188,pullup_down,122
139.64603,162.73245,pullup_down,122
144.13867,164.56644,pullup_down,122
142.72113,163.84357,pullup_down,122
143.83897,163.08276,pullup_down,122
144.90076,165.61871,pullup_down,122
143.23608,166.67845,pullup_down,122
140.81216,167.62157,pullup_down,122
142.00055,165.97026,pullup_down,122
143.21428,167.093,pullup_down,122
143.74605,166.51208,pullup_down,122
143.18152,165.60664,pullup_down,122
142.79384,163.98032,pullup_down,122
145.4455,168.46455,pullup_down,122
154.4255,166.18263,pullup_down,122
152.8511,165.73172,pullup_down,122
154.8985,167.80597,pullup_down,122
155.8044,166.53645,pullup_down,122
161.10513,165.89209,pullup_down,122
148.90761,164.1908,pullup_down,122
159.66219,158.68454,pullup_down,122
158.22064,157.90512,pullup_down,122
150.50175,156.72469,pullup_down,122
150.94136,154.76256,pullup_down,122
158.59639,144.32314,pullup_down,122
156.24522,147.87877,pullup_down,122
151.3326,152.45467,pullup_down,122
152.54189,155.9671,pullup_down,122
155.31381,161.38899,pullup_down,122
158.24234,162.49979,pullup_down,122
155.841,161.79306,pullup_down,122
155.21147,164.91772,pullup_down,122
146.22379,163.40315,pullup_down,122
151.62325,160.77283,pullup_down,122
150.36118,162.05997,pullup_down,122
150.94507,161.50323,pullup_down,122
150.79004,160.48663,pullup_down,122
143.02731,163.21768,pullup_down,122
138.40791,164.96301,pullup_down,122
140.97539,163.92326,pullup_down,122
142.29605,166.79886,pullup_down,122
142.19464,169.46547,pullup_down,122
143.54805,169.50928,pullup_down,122
143.94786,169.48781,pullup_down,122
152.71642,169.63885,pullup_down,122
148.6566,170.75487,pullup_down,122
146.39677,171.17284,pullup_down,122
142.47551,164.94283,pullup_down,122
144.79295,169.13603,pullup_down,122
147.16849,166.98572,pullup_down,122
146.63287,166.4758,pullup_down,122
144.70876,169.52596,pullup_down,122
142.15666,168.87665,pullup_down,122
141.02928,167.96025,pullup_down,122
142.67163,169.85326,pullup_down,122
142.02446,168.49232,pullup_down,122
138.90416,163.27394,pullup_down,122
140.0013,169.1844,pullup_down,122
140.2486,168.5669,pullup_down,122
141.27939,169.5662,pullup_down,122
141.42032,166.62256,pullup_down,122
139.45305,164.81459,pullup_down,122
140.53152,165.60916,pullup_down,122
140.20387,168.92686,pullup_down,122
140.4435,167.11295,pullup_down,122
139.70824,167.47101,pullup_down,122
144.14307,164.84789,pullup_down,122
143.87927,167.36899,pullup_down,122
141.4878,169.05473,pullup_down,122
143.05142,168.13632,pullup_down,122
140.74387,169.89395,pullup_down,122
143.99117,172.82643,pullup_down,122
145.68565,171.52167,pullup_down,122
139.20654,164.19768,pullup_down,122
141.57886,165.77419,pullup_down,122
142.37184,163.84303,pullup_down,122
142.18372,160.67177,pullup_down,122
144.19244,163.83325,pullup_down,122
146.20737,165.26353,pullup_down,122
145.01266,163.7145,pullup_down,122
143.75333,163.5129,pullup_down,122
140.76228,164.06128,pullup_down,122
149.88063,152.03897,pullup_down,122
155.02975,146.46576,pullup_down,122
161.65312,141.71797,pullup_down,123
166.17152,154.58319,pullup_down,123
159.03766,151.81693,pullup_down,123
159.8467,168.69276,pullup_down,123
167.89186,170.29521,pullup_down,123
156.64792,164.0121,pullup_down,123
155.33063,159.89882,pullup_down,123
41.95351,125.33085,pullup_up,123
142.67772,158.32997,pullup_down,123
151.24721,156.34682,pullup_down,123
156.5531,162.22798,pullup_down,123
155.654,163.00386,pullup_down,123
157.9298,166.16174,pullup_down,123
151.78987,152.5818,pullup_down,123
104.65279,76.990265,pullup_up,123
97.67478,84.83923,pullup_up,123
92.55469,68.23055,pullup_up,123
157.79042,154.2316,pullup_down,123
62.976055,109.68311,pullup_up,123
133.77014,169.80183,pullup_down,123
141.3252,171.24698,pullup_down,123
152.91626,163.46262,pullup_down,123
150.79002,150.12395,pullup_down,123
103.82436,85.734634,pullup_up,123
114.96638,64.23248,pullup_up,123
107.22519,67.95994,pullup_up,123
147.55975,164.75583,pullup_down,123
19.25253,134.91547,pullup_up,123
151.35161,166.80737,pullup_down,123
150.78328,167.57884,pullup_down,123
158.0924,164.97533,pullup_down,123
99.0599,87.57817,pullup_up,123
160.81483,143.84871,pullup_down,123
151.35944,152.14575,pullup_down,123
152.61946,156.3475,pullup_down,123
140.26155,161.1413,pullup_down,123
149.13496,172.64337,pullup_down,124
61.984447,61.233326,pullup_up,124
67.42647,98.81952,pullup_up,124
20.403677,124.48768,pullup_up,124
64.430016,70.27567,pullup_up,124
60.067158,93.77225,pullup_up,124
83.46678,106.42252,pullup_up,124
76.07236,92.63845,pullup_up,124
91.41262,70.49176,pullup_up,124
100.52908,70.69257,pullup_up,124
155.3065,149.43323,pullup_down,124
162.21243,142.26909,pullup_down,124
162.44847,143.13835,pullup_down,124
162.47841,144.7389,pullup_down,124
167.61891,144.98135,pullup_down,124
165.02216,137.57481,pullup_down,124
163.31648,138.84277,pullup_down,124
166.27017,158.25734,pullup_down,124
162.78618,152.73816,pullup_down,124
170.39369,153.32164,pullup_down,124
167.80331,158.9904,pullup_down,124
83.19072,85.215164,pullup_up,124
81.84412,98.42717,pullup_up,124
64.273895,74.001434,pullup_up,124
83.927605,41.655678,pullup_up,124
74.914246,98.09227,pullup_up,124
87.93563,83.117905,pullup_up,124
68.64143,114.184814,pullup_up,124
65.1525,106.111626,pullup_up,124
59.20592,110.60506,pullup_up,124
67.5576,113.25038,pullup_up,124
70.61608,115.79606,pullup_up,124
107.99669,80.769745,pullup_up,125
72.828964,84.655106,pullup_up,125
170.14206,134.20726,pullup_down,125
32.11371,138.88072,pullup_up,125
21.892673,123.24572,pullup_up,125
22.19054,121.04824,pullup_up,125
26.51567,142.61774,pullup_up,125
36.30925,139.2455,pullup_up,125
101.3817,72.30417,pullup_up,125
70.43365,87.61568,pullup_up,125
100.47168,83.97363,pullup_up,125
97.444626,84.058235,pullup_up,125
103.04991,75.04814,pullup_up,125
165.51288,167.8474,pullup_down,125
140.38493,162.6461,pullup_down,125
142.66533,161.06784,pullup_down,125
129.62497,174.62079,pullup_down,125
136.1198,167.61275,pullup_down,125
51.382607,136.91695,pullup_up,125
100.094345,84.743286,pullup_up,125
58.121483,110.39381,pullup_up,125
85.92261,101.019424,pullup_up,125
90.50204,93.60182,pullup_up,125
89.2,91.69227,pullup_up,125
81.30345,78.5438,pullup_up,125
96.79202,62.41262,pullup_up,125
46.059017,132.71518,pullup_up,125
36.32581,153.16988,pullup_up,125
85.98417,98.57667,pullup_up,125
133.98074,169.34015,pullup_down,125
40.69858,123.295876,pullup_up,125
176.01326,163.00874,pullup_down,125
80.996956,84.3022,pullup_up,125
71.86346,100.868355,pullup_up,125
149.22397,154.55525,pullup_down,126
113.36873,65.679436,pullup_up,126
98.84416,73.31433,pullup_up,126
68.157196,72.22781,pullup_up,126
52.494015,108.247536,pullup_up,126
106.098434,29.67764,pullup_up,126
74.435455,72.411316,pullup_up,126
123.50055,64.817795,pullup_up,126
82.18809,83.44194,pullup_up,126
90.69287,93.32951,pullup_up,126
65.62556,107.83765,pullup_up,126
96.79833,90.989815,pullup_up,126
108.52956,50.74031,pullup_up,126
110.729805,57.692673,pullup_up,126
147.50908,168.96521,pullup_down,126
162.75761,150.98347,pullup_down,126
163.68835,140.67004,pullup_down,126
151.8166,164.71564,pullup_down,126
178.516,131.18552,pullup_down,126
162.61838,145.644,pullup_down,126
171.45517,129.40076,pullup_down,126
170.75508,130.36671,pullup_down,126
49.731007,83.60525,pullup_up,126
46.438736,96.206635,pullup_up,126
100.77666,31.383728,pullup_up,126
28.527596,52.109226,pullup_up,126
71.56489,56.728085,pullup_up,126
79.26253,77.76698,pullup_up,126
86.96738,101.32836,pullup_up,126
83.88638,66.665474,pullup_up,126
97.4823,90.92584,pullup_up,126
143.25555,157.52104,pullup_down,126
175.5048,129.04683,pullup_down,126
158.64192,148.83272,pullup_down,126
157.97002,149.85823,pullup_down,126
154.67923,160.65082,pullup_down,126
164.55751,140.41289,pullup_down,126
156.28139,161.09622,pullup_down,126
158.0544,149.38292,pullup_down,126
157.92737,144.29468,pullup_down,126
168.11731,155.02042,pullup_down,126
95.56995,79.844505,pullup_up,126
100.39664,87.422905,pullup_up,126
174.2971,173.55304,pullup_down,127
174.22789,172.70662,pullup_down,127
171.97182,176.3002,pullup_down,127
172.37524,174.1768,pullup_down,127
172.34949,175.4719,pullup_down,127
173.5717,174.0966,pullup_down,127
166.96838,173.13112,pullup_down,127
170.87793,169.70459,pullup_down,127
176.05096,166.92264,pullup_down,127
156.385,162.81865,pullup_down,127
173.5595,162.36908,pullup_down,127
175.4721,171.54314,pullup_down,127
168.55704,172.0966,pullup_down,127
170.3581,172.10797,pullup_down,127
171.53995,171.56595,pullup_down,127
172.96272,172.98532,pullup_down,127
173.33458,173.3022,pullup_down,127
172.13568,171.32309,pullup_down,127
172.09879,168.2928,pullup_down,127
174.09587,168.82497,pullup_down,127
171.24847,171.46913,pullup_down,127
172.05733,171.38638,pullup_down,127
167.03941,170.82997,pullup_down,127
166.28558,172.51288,pullup_down,127
157.46068,170.78018,pullup_down,127
165.89777,172.86777,pullup_down,127
165.73842,171.93033,pullup_down,127
165.85286,166.67882,pullup_down,127
173.73254,165.75938,pullup_down,127
172.0302,168.0232,pullup_down,127
166.00685,170.17233,pullup_down,127
155.8557,168.86597,pullup_down,127
143.21329,173.763,pullup_down,127
171.62976,171.61926,pullup_down,127
158.58392,166.77545,pullup_down,127
161.82469,163.56862,pullup_down,127
116.74316,71.22241,pullup_up,127
110.68482,72.6538,pullup_up,127
158.91536,163.57764,pullup_down,127
159.22424,163.57697,pullup_down,127
148.1946,165.99197,pullup_down,127
164.03638,161.68904,pullup_down,127
160.16513,160.213,pullup_down,127
152.44016,174.4357,pullup_down,127
163.37202,161.44093,pullup_down,127
164.4464,175.41356,pullup_down,127
170.04115,170.10132,pullup_down,127
167.4028,174.87668,pullup_down,127
171.23708,163.9146,pullup_down,127
176.16078,170.22086,pullup_down,127
177.81912,169.61337,pullup_down,127
171.27028,174.10637,pullup_down,127
162.6915,176.20831,pullup_down,127
163.92365,160.49657,pullup_down,127
168.10872,171.09415,pullup_down,127
175.05975,170.8579,pullup_down,127
168.24763,169.74095,pullup_down,127
175.67993,166.89796,pullup_down,127
174.55493,144.32613,pullup_down,127
177.88232,164.61166,pullup_down,127
172.68163,155.04987,pullup_down,127
173.50128,165.44922,pullup_down,127
173.72772,158.23889,pullup_down,127
166.91693,167.85945,pullup_down,127
164.34781,170.83641,pullup_down,127
169.90482,172.01184,pullup_down,127
165.96097,173.02321,pullup_down,127
174.06003,168.96649,pullup_down,127
175.545,164.47495,pullup_down,127
173.31538,176.44365,pullup_down,127
172.20801,171.21687,pullup_down,127
173.67075,173.88281,pullup_down,127
164.28047,172.22952,pullup_down,127
163.99362,172.3376,pullup_down,127
164.97684,165.66418,pullup_down,127
164.79703,170.12848,pullup_down,127
169.42677,167.29323,pullup_down,127
160.73651,171.568,pullup_down,127
166.45564,171.54552,pullup_down,127
167.4423,168.34447,pullup_down,127
172.18776,171.82843,pullup_down,127
171.58995,169.5268,pullup_down,127
174.83508,168.87837,pullup_down,127
174.62785,167.38545,pullup_down,127
173.81146,167.1082,pullup_down,127
171.80702,171.79337,pullup_down,127
173.85722,173.56259,pullup_down,127
175.46428,174.07364,pullup_down,127
173.4054,169.88411,pullup_down,127
173.72482,169.07652,pullup_down,127
172.58571,171.16908,pullup_down,127
170.41327,173.44643,pullup_down,127
176.6169,169.01784,pullup_down,127
174.68967,165.03996,pullup_down,127
177.26425,164.66765,pullup_down,127
175.55313,167.4427,pullup_down,127
174.20625,174.50278,pullup_down,127
167.18146,169.75568,pullup_down,127
172.21469,175.33635,pullup_down,127
171.32086,164.65944,pullup_down,127
174.49191,172.08539,pullup_down,127
168.63643,172.04257,pullup_down,127
175.62793,174.65202,pullup_down,127
175.4722,175.21446,pullup_down,127
173.17934,172.99979,pullup_down,127
172.24886,172.96649,pullup_down,127
172.22414,175.31001,pullup_down,127
168.0327,172.36272,pullup_down,127
163.06801,176.8075,pullup_down,127
177.64963,171.9594,pullup_down,127
174.8266,176.5599,pullup_down,127
167.29074,175.32147,pullup_down,127
178.84477,168.18994,pullup_down,127
168.49306,166.00905,pullup_down,127
173.33678,171.32109,pullup_down,127
177.51933,164.28026,pullup_down,127
177.75117,165.3961,pullup_down,127
178.65985,169.73546,pullup_down,127
177.29738,171.22342,pullup_down,127
179.01184,175.14139,pullup_down,127
176.03522,171.90456,pullup_down,127
175.15854,174.32265,pullup_down,127
176.76286,173.56512,pullup_down,127
176.95682,172.08691,pullup_down,127
175.86359,172.39594,pullup_down,127
177.17339,176.3815,pullup_down,127
177.65114,175.66888,pullup_down,127
177.32913,167.69145,pullup_down,127
177.04242,166.97035,pullup_down,127
175.05843,168.61394,pullup_down,127
174.95387,172.50256,pullup_down,127
176.02151,173.31541,pullup_down,127
173.87364,171.34807,pullup_down,127
171.44629,170.96754,pullup_down,127
176.8693,168.33098,pullup_down,127
177.68437,168.44275,pullup_down,127
170.55595,169.53094,pullup_down,127
169.3576,163.54408,pullup_down,127
166.13072,168.85541,pullup_down,127
167.6159,166.0334,pullup_down,127
165.8802,170.27881,pullup_down,127
169.40096,171.62193,pullup_down,127
171.6539,169.21193,pullup_down,127
171.22519,169.76744,pullup_down,127
168.23807,166.6503,pullup_down,127
161.74553,167.18333,pullup_down,127
161.35876,175.7534,pullup_down,127
160.90201,168.90222,pullup_down,127
153.95164,163.01265,pullup_down,127
162.117,163.65846,pullup_down,127
170.77779,162.6153,pullup_down,127
160.12372,166.01314,pullup_down,127
173.6059,171.89128,pullup_down,127
172.24326,172.20766,pullup_down,127
169.30316,173.60345,pullup_down,127
173.47481,169.61467,pullup_down,127
166.83759,163.06435,pullup_down,127
167.95616,170.8959,pullup_down,127
174.12079,172.97229,pullup_down,127
170.15103,168.38675,pullup_down,127
175.88419,173.95363,pullup_down,127
177.19928,176.05225,pullup_down,127
170.25363,171.50755,pullup_down,127
172.76668,159.51517,pullup_down,127
157.1004,166.38228,pullup_down,127
174.36896,174.06874,pullup_down,127
171.59949,166.38687,pullup_down,127
156.0934,177.60616,pullup_down,127
155.8528,175.77649,pullup_down,127
150.82303,174.47322,pullup_down,127
145.74315,165.80614,pullup_down,127
177.31108,169.74417,pullup_down,127
169.76611,173.22546,pullup_down,127
176.55315,176.66217,pullup_down,127
178.47632,169.07648,pullup_down,127
155.05551,167.62276,pullup_down,127
176.94923,166.76999,pullup_down,127
168.04866,167.40768,pullup_down,127
168.66888,172.78104,pullup_down,127
174.80746,175.05615,pullup_down,127
177.65305,173.4651,pullup_down,127
173.6723,171.85641,pullup_down,127
174.7731,176.7511,pullup_down,127
172.07077,159.18655,pullup_down,127
175.52376,170.4378,pullup_down,127
176.23064,173.55971,pullup_down,127
174.86835,174.76845,pullup_down,127
175.66649,174.80363,pullup_down,127
169.20975,166.5051,pullup_down,127
171.6281,158.0762,pullup_down,127
173.95311,159.18802,pullup_down,127
173.90608,157.58627,pullup_down,127
170.32784,172.19931,pullup_down,127
173.75975,168.45813,pullup_down,127
169.46317,169.57327,pullup_down,127
169.30995,172.43462,pullup_down,127
163.25099,171.29903,pullup_down,127
163.8237,171.78943,pullup_down,127
148.85236,164.37836,pullup_down,127
150.35306,155.20872,pullup_down,127
147.73605,160.21954,pullup_down,127
160.55432,163.17017,pullup_down,127
163.6989,163.15639,pullup_down,127
166.15811,165.26086,pullup_down,127
171.81468,167.60242,pullup_down,127
142.14383,167.59094,pullup_down,128
140.80821,160.40065,pullup_down,128
155.8733,153.8094,pullup_down,128
156.56615,154.99199,pullup_down,128
158.79019,160.24544,pullup_down,128
153.61098,160.45232,pullup_down,128
163.63509,162.31903,pullup_down,128
172.22044,169.36119,pullup_down,128
171.47298,157.38036,pullup_down,128
174.46355,172.26524,pullup_down,128
174.10428,165.49454,pullup_down,128
174.84595,176.36589,pullup_down,128
171.92554,172.6168,pullup_down,128
177.95607,165.07812,pullup_down,128
173.89204,169.79909,pullup_down,128
171.61194,161.60179,pullup_down,128
169.58804,168.5427,pullup_down,128
176.43173,173.28647,pullup_down,128
174.19922,174.70071,pullup_down,128
155.51492,158.78293,pullup_down,128
143.85829,162.23322,pullup_down,128
171.77434,171.34706,pullup_down,128
85.37473,29.786385,pullup_up,128
141.9955,161.21117,pullup_down,129
149.6052,153.44376,pullup_down,129
164.01906,162.68956,pullup_down,129
165.68376,165.3442,pullup_down,129
157.95995,164.09256,pullup_down,129
147.41287,167.40837,pullup_down,129
159.69333,146.85173,pullup_down,129
163.63635,153.54684,pullup_down,129
159.42915,164.73068,pullup_down,129
158.82474,154.16582,pullup_down,129
160.63658,155.45618,pullup_down,129
157.2041,159.81252,pullup_down,129
164.33525,165.38428,pullup_down,129
160.03592,144.15903,pullup_down,129
159.32474,156.6565,pullup_down,129
155.75264,161.7216,pullup_down,129
162.89865,154.84032,pullup_down,129
160.47765,148.63919,pullup_down,129
157.39386,155.48276,pullup_down,129
153.81224,156.34769,pullup_down,129
157.12198,157.0728,pullup_down,129
159.33417,163.86688,pullup_down,129
163.10934,165.21674,pullup_down,129
158.01218,152.34708,pullup_down,129
146.62643,154.39113,pullup_down,129
78.332985,40.612415,pullup_up,129
70.10535,44.81018,pullup_up,129
66.95312,111.23306,pullup_up,129
46.355007,91.31821,pullup_up,129
66.15343,95.319305,pullup_up,129
160.8314,154.42482,pullup_down,129
162.56552,145.6983,pullup_down,129
160.84293,146.52571,pullup_down,129
164.42809,168.33583,pullup_down,129
158.09703,149.14372,pullup_down,129
49.1013,92.76859,pullup_up,129
63.182632,71.882454,pullup_up,129
166.99391,143.32816,pullup_down,129
87.39151,57.33471,pullup_up,129
96.619225,75.62768,pullup_up,129
49.537643,81.64847,pullup_up,129
148.86713,162.27359,pullup_down,129
158.9842,165.0357,pullup_down,129
168.82024,148.81036,pullup_down,129
156.08466,153.168,pullup_down,129
160.42032,159.8842,pullup_down,129
140.13814,161.05186,pullup_down,129
129.3172,177.19495,pullup_down,129
129.30118,171.41653,pullup_down,129
149.93018,173.39386,pullup_down,129
158.00926,164.72038,pullup_down,129
162.11702,150.58403,pullup_down,129
82.60129,90.423256,pullup_up,129
73.981514,89.1796,pullup_up,129
50.170734,83.53049,pullup_up,129
65.24797,83.1891,pullup_up,129
74.67612,90.972305,pullup_up,129
74.60462,96.07282,pullup_up,129
52.85371,93.24024,pullup_up,129
60.76901,99.081314,pullup_up,129
74.97918,105.32738,pullup_up,129
56.472607,93.74911,pullup_up,129
57.23071,100.908745,pullup_up,129
66.582466,118.324196,pullup_up,129
53.687435,105.83544,pullup_up,129
61.20127,118.90016,pullup_up,129
53.810753,97.06334,pullup_up,129
51.0095,103.093445,pullup_up,129
52.475697,105.69233,pullup_up,129
52.34145,96.34646,pullup_up,129
54.531593,93.24629,pullup_up,129
52.488213,98.36892,pullup_up,129
45.121624,88.35533,pullup_up,129
44.145473,63.425316,pullup_up,129
34.308582,77.853775,pullup_up,129
86.92545,89.380196,pullup_up,129
86.06268,89.17952,pullup_up,129
82.51038,90.71704,pullup_up,129
77.31108,90.71163,pullup_up,129
89.53867,89.17253,pullup_up,129
46.103745,103.773384,pullup_up,129
54.558235,104.27773,pullup_up,129
45.94492,105.50839,pullup_up,129
77.8492,97.398254,pullup_up,129
57.056248,109.53552,pullup_up,129
66.08683,93.67913,pullup_up,129
57.44675,111.03845,pullup_up,129
54.513687,109.666084,pullup_up,129
59.086487,97.59795,pullup_up,129
51.449116,106.37809,pullup_up,129
69.94829,111.761475,pullup_up,129
62.349133,111.924225,pullup_up,129
63.17087,110.86244,pullup_up,129
76.577545,101.35753,pullup_up,129
98.869446,88.58617,pullup_up,129
155.723,151.51303,pullup_down,129
155.35445,153.91371,pullup_down,129
174.4401,162.72482,pullup_down,129
158.66145,154.43835,pullup_down,129
159.90012,158.88805,pullup_down,129
160.4627,156.90436,pullup_down,129
169.62367,172.87244,pullup_down,129
162.74365,160.76071,pullup_down,129
163.68744,160.3727,pullup_down,129
161.64677,158.12418,pullup_down,129
161.52982,160.30223,pullup_down,129
165.84343,159.42647,pullup_down,129
162.00464,159.64151,pullup_down,129
166.12772,160.317,pullup_down,129
162.66563,157.93907,pullup_down,129
156.39594,154.74384,pullup_down,129
155.47414,153.6825,pullup_down,129
153.59518,152.13931,pullup_down,129
53.526978,118.89593,pullup_up,129
56.022816,108.88515,pullup_up,129
47.591015,107.61554,pullup_up,129
71.2632,118.1178,pullup_up,129
54.72394,129.91081,pullup_up,129
51.203487,111.916306,pullup_up,129
50.271366,108.154564,pullup_up,129
51.33745,97.087105,pullup_up,129
68.611626,111.49199,pullup_up,129
60.917233,101.38596,pullup_up,129
85.27051,99.76245,pullup_up,129
68.32914,102.28468,pullup_up,129
66.946304,103.241615,pullup_up,129
72.873695,108.45017,pullup_up,129
142.29024,158.79984,pullup_down,129
150.28398,157.95679,pullup_down,129
152.86467,153.66833,pullup_down,130
152.13368,166.0502,pullup_down,130
143.59087,158.67635,pullup_down,130
147.18735,171.6953,pullup_down,130
155.07466,169.82324,pullup_down,130
144.5813,157.05754,pullup_down,130
151.96815,155.35063,pullup_down,130
168.5668,161.49255,pullup_down,130
151.2868,149.27368,pullup_down,130
156.92923,160.63803,pullup_down,130
153.28903,152.32722,pullup_down,130
168.80823,11.600196,pullup_up,130
59.44846,75.5396,pullup_up,130
28.833332,128.96486,pullup_up,130
150.7515,155.71782,pullup_down,130
142.18126,163.68933,pullup_down,130
145.71167,161.86028,pullup_down,130
157.9701,158.16165,pullup_down,130
146.05092,162.78938,pullup_down,130
140.68039,159.73782,pullup_down,130
168.29143,171.00948,pullup_down,130
160.69098,155.7654,pullup_down,130
164.7722,161.20274,pullup_down,130
171.1133,174.55154,pullup_down,130
169.62642,170.05394,pullup_down,130
168.57948,172.67397,pullup_down,130
173.01884,174.89116,pullup_down,130
138.28578,171.93915,pullup_down,130
168.3012,151.8208,pullup_down,130
163.51115,155.16008,pullup_down,130
149.45612,160.83218,pullup_down,130
143.03899,164.49869,pullup_down,130
158.13113,168.61397,pullup_down,130
154.7307,172.90968,pullup_down,130
146.71817,160.84555,pullup_down,130
152.60854,164.8412,pullup_down,130
167.93034,162.86882,pullup_down,130
162.97421,158.5285,pullup_down,130
145.50838,162.12476,pullup_down,130
157.17393,163.26305,pullup_down,130
136.35934,165.97424,pullup_down,130
149.63524,156.01042,pullup_down,130
146.89648,160.3494,pullup_down,130
159.20448,153.95241,pullup_down,130
153.834,158.51434,pullup_down,130
161.43568,174.45612,pullup_down,130
146.73375,169.63164,pullup_down,130
146.61494,154.59372,pullup_down,131
153.57861,148.61908,pullup_down,131
152.02258,151.9329,pullup_down,131
153.74211,162.4876,pullup_down,132
152.3004,159.36852,pullup_down,132
152.60468,166.60388,pullup_down,132
151.78664,156.77576,pullup_down,132
107.08719,80.39211,pullup_up,132
142.9334,162.29024,pullup_down,132
140.57611,163.74088,pullup_down,132
164.65851,169.14966,pullup_down,132
149.77536,163.03499,pullup_down,132
155.67535,164.76962,pullup_down,132
155.20056,144.83133,pullup_down,132
151.56271,157.35564,pullup_down,132
150.49763,161.83134,pullup_down,132
37.315136,103.587685,pullup_up,132
174.9698,175.0839,pullup_down,132
157.88805,148.63565,pullup_down,132
154.60222,157.32162,pullup_down,132
169.4694,155.67273,pullup_down,132
152.1243,163.69835,pullup_down,132
150.5358,161.57657,pullup_down,132
131.80547,169.38242,pullup_down,132
146.7351,161.2462,pullup_down,132
159.93758,166.65974,pullup_down,132
96.168434,48.753784,pullup_up,132
161.1971,149.6598,pullup_down,132
153.85216,154.7058,pullup_down,132
157.90022,155.29622,pullup_down,132
166.21626,151.03244,pullup_down,132
156.44777,163.79,pullup_down,132
163.61484,162.23827,pullup_down,132
157.28604,166.10223,pullup_down,132
152.01642,162.57228,pullup_down,132
66.91526,104.474976,pullup_up,132
148.07957,167.02263,pullup_down,132
144.40248,167.82616,pullup_down,132
153.94992,150.11615,pullup_down,132
157.69615,160.8884,pullup_down,132
155.96446,153.18245,pullup_down,132
155.45305,156.9041,pullup_down,132
163.73799,169.86299,pullup_down,132
169.95999,167.57913,pullup_down,132
112.390785,72.41366,pullup_up,133
110.1747,65.97041,pullup_up,133
108.28805,64.27797,pullup_up,133
101.948326,81.98219,pullup_up,133
94.274605,60.755466,pullup_up,133
100.09882,79.26983,pullup_up,133
148.30847,166.41162,pullup_down,133
166.87653,138.37083,pullup_down,133
72.729,72.138275,pullup_up,133
118.303215,60.320896,pullup_up,133
89.91354,54.559036,pullup_up,133
158.44124,144.43477,pullup_down,133
162.10515,157.37502,pullup_down,133
141.75557,167.29218,pullup_down,133
167.4033,137.83339,pullup_down,133
91.856544,58.726265,pullup_up,133
152.42932,154.7784,pullup_down,133
99.74243,74.817276,pullup_up,133
99.947525,81.60371,pullup_up,133
102.86831,86.73369,pullup_up,133
116.03699,65.822075,pullup_up,133
166.97128,175.5062,pullup_down,133
158.79906,162.89171,pullup_down,134
86.42576,82.38518,pullup_up,134
159.86032,146.36389,pullup_down,134
130.42355,21.06866,pullup_up,134
103.317955,23.723413,pullup_up,134
144.66362,155.41998,pullup_down,134
72.60008,59.866734,pullup_up,134
87.66671,102.15263,pullup_up,134
150.49365,152.44466,pullup_down,134
153.29465,147.57011,pullup_down,134
150.91528,150.47522,pullup_down,134
151.90685,151.9581,pullup_down,134
126.095665,42.004665,pullup_up,134
136.65979,167.92181,pullup_down,134
125.65453,58.074474,pullup_up,134
120.45796,52.473984,pullup_up,134
67.126,88.544655,pullup_up,134
34.36124,109.23248,pullup_up,134
84.231964,98.79413,pullup_up,134
151.4284,151.92105,pullup_down,134
156.66289,151.91483,pullup_down,134
123.81086,48.95131,pullup_up,134
104.72741,67.07682,pullup_up,134
100.4047,74.39716,pullup_up,134
108.25886,41.85002,pullup_up,134
110.85156,40.107178,pullup_up,134
101.905815,62.645412,pullup_up,134
105.11208,72.55352,pullup_up,134
162.5875,170.87907,pullup_down,134
154.85693,151.79774,pullup_down,134
153.54872,148.37341,pullup_down,134
163.86185,166.02243,pullup_down,134
158.38626,148.11003,pullup_down,134
155.45093,144.59705,pullup_down,134
150.35918,151.08673,pullup_down,134
139.90408,174.02115,pullup_down,134
86.60409,80.862724,pullup_up,134
75.81026,90.72594,pullup_up,134
60.848568,65.99419,pullup_up,134
48.362057,92.24695,pullup_up,134
59.481308,66.273415,pullup_up,134
114.88203,72.14669,pullup_up,134
78.944756,75.049675,pullup_up,134
158.92227,151.48637,pullup_down,134
166.72096,144.25269,pullup_down,135
154.28879,161.64659,pullup_down,135
161.65376,167.75888,pullup_down,135
73.09914,50.277504,pullup_up,135
74.08086,75.89385,pullup_up,135
85.27443,104.5428,pullup_up,135
81.10399,96.89736,pullup_up,135
81.5173,95.748146,pullup_up,135
165.96828,142.84212,pullup_down,135
162.07098,140.79465,pullup_down,135
85.56979,93.36667,pullup_up,135
76.83195,94.61922,pullup_up,135
77.5577,92.76801,pullup_up,135
69.98367,80.234665,pullup_up,135
77.68939,89.800255,pullup_up,135
96.28953,91.24938,pullup_up,135
176.84457,136.41917,pullup_down,135
164.86328,152.19154,pullup_down,135
146.05107,155.84682,pullup_down,135
164.81046,162.52695,pullup_down,135
173.44879,168.64807,pullup_down,135
165.57602,144.40906,pullup_down,135
165.93767,143.00061,pullup_down,135
151.27835,153.30208,pullup_down,135
156.33208,166.11488,pullup_down,135
159.32549,167.96573,pullup_down,135
163.03642,168.18336,pullup_down,135
163.15895,171.87508,pullup_down,135
162.73756,169.72464,pullup_down,135
154.72766,150.54195,pullup_down,135
161.99213,169.62642,pullup_down,135
163.25934,174.35574,pullup_down,135
162.44408,167.6928,pullup_down,135
163.17583,169.88371,pullup_down,135
162.39938,170.4181,pullup_down,135
163.71365,172.06364,pullup_down,135
163.98734,166.09045,pullup_down,135
165.1972,170.58116,pullup_down,135
158.70145,170.6342,pullup_down,135
151.59245,161.38823,pullup_down,135
154.18286,174.96486,pullup_down,135
155.6275,160.58528,pullup_down,135
168.83122,165.78055,pullup_down,135
155.8664,153.63074,pullup_down,135
93.43918,87.935524,pullup_up,135
83.872856,81.34662,pullup_up,135
85.852295,86.97551,pullup_up,135
86.83794,93.11359,pullup_up,135
82.094955,89.70205,pullup_up,135
81.76781,87.3049,pullup_up,135
84.089005,95.45031,pullup_up,135
80.465416,93.08205,pullup_up,135
82.05698,91.6672,pullup_up,135
84.33232,97.03984,pullup_up,135
83.85868,94.76292,pullup_up,135
88.609566,94.97949,pullup_up,135
96.82199,81.01363,pullup_up,136
96.63312,83.47546,pullup_up,136
97.53491,81.33256,pullup_up,136
88.51189,86.0393,pullup_up,136
89.48918,70.96361,pullup_up,136
96.62456,81.53957,pullup_up,136
94.27488,63.16312,pullup_up,136
101.212975,88.676834,pullup_up,136
98.11596,85.70914,pullup_up,136
107.917915,80.370186,pullup_up,136
99.28492,51.849087,pullup_up,136
84.43339,55.345272,pullup_up,136
104.04562,59.37335,pullup_up,136
87.83841,52.178314,pullup_up,136
88.60614,86.29822,pullup_up,136
85.497345,64.237465,pullup_up,136
110.92212,50.300903,pullup_up,136
117.198555,35.75939,pullup_up,136
122.75136,50.659492,pullup_up,136
153.45259,148.70868,pullup_down,136
163.66048,154.78972,pullup_down,136
159.09482,150.0577,pullup_down,136
138.2261,172.38495,pullup_down,136
135.01564,170.06512,pullup_down,136
134.2038,171.1017,pullup_down,136
130.6673,22.727953,pullup_up,136
129.47914,58.54275,pullup_up,136
126.29553,60.15609,pullup_up,136
128.39548,30.86129,pullup_up,136
131.89102,41.06683,pullup_up,136
134.42981,48.21902,pullup_up,136
159.35506,150.10411,pullup_down,136
161.06422,151.97829,pullup_down,136
167.89268,155.4622,pullup_down,136
160.70096,151.92365,pullup_down,136
155.72093,149.0371,pullup_down,136
157.42097,151.88402,pullup_down,136
157.10045,150.21869,pullup_down,136
154.908,150.31892,pullup_down,136
154.25047,151.84833,pullup_down,136
151.84785,151.57692,pullup_down,136
124.5913,65.26483,pullup_up,136
106.70974,55.870213,pullup_up,136
97.84419,89.67784,pullup_up,136
100.265884,51.946003,pullup_up,136
102.540634,75.60847,pullup_up,136
102.60494,77.44815,pullup_up,136
101.90431,69.15423,pullup_up,136
104.30682,61.34978,pullup_up,136
102.29006,63.38333,pullup_up,136
98.18445,73.74593,pullup_up,136
97.14106,31.00029,pullup_up,136
97.85036,37.28678,pullup_up,136
91.78721,93.50888,pullup_up,136
95.135704,40.74357,pullup_up,136
88.56274,45.881603,pullup_up,136
92.645744,40.562973,pullup_up,136
86.716736,46.592876,pullup_up,136
83.637505,69.64953,pullup_up,136
84.33254,57.588314,pullup_up,136
84.23091,58.76795,pullup_up,136
86.22133,69.42293,pullup_up,136
84.851906,71.39911,pullup_up,136
91.28659,84.20046,pullup_up,136
88.37532,91.885155,pullup_up,136
84.80722,100.39281,pullup_up,136
89.96735,98.16521,pullup_up,136
91.82297,86.58807,pullup_up,136
84.294426,97.533554,pullup_up,136
85.62493,51.30666,pullup_up,136
88.06041,84.4186,pullup_up,136
90.49707,79.103035,pullup_up,136
94.84287,68.84775,pullup_up,136
101.51542,49.16204,pullup_up,136
107.09044,40.35916,pullup_up,136
123.529755,37.80855,pullup_up,136
129.20695,54.338074,pullup_up,136
131.47572,56.25604,pullup_up,136
87.215454,68.8893,pullup_up,136
153.16472,146.94666,pullup_down,136
45.12555,126.44038,pullup_up,136
160.30212,152.60597,pullup_down,136
127.2543,61.835243,pullup_up,137
133.1053,54.67672,pullup_up,137
107.378174,57.970833,pullup_up,137
151.31453,158.3142,pullup_down,137
153.61125,169.47855,pullup_down,137
147.26028,154.37494,pullup_down,137
156.6325,168.29251,pullup_down,137
145.62637,154.44325,pullup_down,137
153.24364,150.30421,pullup_down,137
153.86992,155.06664,pullup_down,137
156.09787,165.49374,pullup_down,137
146.64027,158.90132,pullup_down,137
146.96059,166.5547,pullup_down,137
156.35608,157.21269,pullup_down,137
135.88481,53.106045,pullup_up,137
133.3904,51.931854,pullup_up,137
129.59431,49.446,pullup_up,137
129.64775,58.168655,pullup_up,137
155.9223,173.26138,pullup_down,137
152.62076,172.89198,pullup_down,137
159.00954,160.20667,pullup_down,138
151.61253,155.62941,pullup_down,138
157.88399,162.23323,pullup_down,138
147.59561,155.15811,pullup_down,138
148.49019,153.21335,pullup_down,138
147.80466,158.96347,pullup_down,138
144.97485,162.40923,pullup_down,138
147.3953,163.04535,pullup_down,138
151.85149,162.84076,pullup_down,138
152.87897,159.35582,pullup_down,138
150.25417,165.74866,pullup_down,138
149.74353,165.49554,pullup_down,138
149.99275,166.60059,pullup_down,138
169.84872,167.18044,pullup_down,138
161.6686,165.8463,pullup_down,138
164.76027,166.6311,pullup_down,138
167.76373,169.94974,pullup_down,138
166.2102,168.4732,pullup_down,138
165.95735,170.50313,pullup_down,138
160.19135,170.74365,pullup_down,138
158.17714,169.2497,pullup_down,138
165.53773,167.88338,pullup_down,138
165.0976,162.0134,pullup_down,138
160.6238,162.78052,pullup_down,138
157.72379,160.03447,pullup_down,138
152.95331,157.7414,pullup_down,138
154.33533,157.38881,pullup_down,138
150.31189,152.7047,pullup_down,138
129.5617,40.28391,pullup_up,139
142.89554,28.394003,pullup_up,139
70.79889,104.101494,pullup_up,139
155.64632,146.12144,pullup_down,139
54.150803,90.781204,pullup_up,139
161.32118,152.7693,pullup_down,139
87.95668,93.131035,pullup_up,139
79.92312,101.59067,pullup_up,139
26.961918,133.2033,pullup_up,139
90.52807,76.321884,pullup_up,139
150.78513,149.59192,pullup_down,139
152.03316,148.03075,pullup_down,139
153.8502,151.69186,pullup_down,139
152.8523,150.45087,pullup_down,139
153.76845,149.79254,pullup_down,139
128.78995,53.83311,pullup_up,139
120.32934,68.2059,pullup_up,139
167.64305,166.1235,pullup_down,139
162.78752,170.77922,pullup_down,139
141.08327,168.77437,pullup_down,139
145.16917,166.41547,pullup_down,139
146.90543,168.92995,pullup_down,139
144.15701,171.209,pullup_down,139
156.06267,162.47252,pullup_down,139
142.9294,166.03854,pullup_down,139
57.989914,127.012276,pullup_up,139
154.39261,148.30873,pullup_down,139
160.50061,155.70522,pullup_down,139
154.75679,151.2799,pullup_down,139
155.74367,150.81763,pullup_down,139
152.15282,151.86278,pullup_down,139
156.07292,147.55975,pullup_down,139
164.19221,161.22336,pullup_down,139
159.08282,156.63586,pullup_down,139
28.40875,141.83414,pullup_up,139
24.072887,150.35492,pullup_up,139
164.17465,154.79309,pullup_down,139
154.524,154.64629,pullup_down,139
154.38417,154.29977,pullup_down,139
157.65659,155.97627,pullup_down,139
81.76957,91.701614,pullup_up,139
153.77518,155.97906,pullup_down,139
159.80634,152.67973,pullup_down,139
156.63266,148.94348,pullup_down,139
153.71735,149.50851,pullup_down,139
161.61856,151.51866,pullup_down,139
28.459085,108.822556,pullup_up,139
52.72841,50.51408,pullup_up,139
24.49733,131.2659,pullup_up,139
40.79982,130.69441,pullup_up,139
173.1175,148.81337,pullup_down,139
142.80202,39.712402,pullup_up,139
51.46625,26.728167,pullup_up,139
32.017487,50.670086,pullup_up,139
155.87769,153.2374,pullup_down,139
67.77287,51.014675,pullup_up,139
60.739037,122.39148,pullup_up,139
155.2369,155.53723,pullup_down,139
165.4833,172.93839,pullup_down,140
154.70656,154.64922,pullup_down,140
155.39772,158.45384,pullup_down,140
158.15117,162.08403,pullup_down,140
162.63072,165.56262,pullup_down,140
154.71869,165.09482,pullup_down,140
157.76886,168.6186,pullup_down,140
164.03044,165.79349,pullup_down,140
164.42883,169.72365,pullup_down,140
161.62317,171.64975,pullup_down,140
162.47835,171.56079,pullup_down,140
166.04483,172.00443,pullup_down,140
164.31471,172.95216,pullup_down,140
159.44624,167.51926,pullup_down,140
155.41518,165.48975,pullup_down,140
156.20525,162.92068,pullup_down,140
153.68272,156.21376,pullup_down,140
150.12045,153.79208,pullup_down,140
86.98448,99.55165,pullup_up,140
97.72683,80.206665,pullup_up,140
94.4727,82.11205,pullup_up,140
92.36609,89.406425,pullup_up,140
82.03603,87.70306,pullup_up,140
79.52053,88.150475,pullup_up,140
86.506325,91.990074,pullup_up,140
79.59485,97.8113,pullup_up,140
86.86051,93.028404,pullup_up,140
78.644806,106.871735,pullup_up,140
78.09856,105.655365,pullup_up,140
83.48451,90.15868,pullup_up,140
88.605774,78.17954,pullup_up,140
91.51232,95.34161,pullup_up,140
151.34343,149.79434,pullup_down,140
153.64717,154.69296,pullup_down,140
155.96265,158.32143,pullup_down,140
159.9197,162.46211,pullup_down,140
163.16086,166.08595,pullup_down,140
166.56479,168.18854,pullup_down,140
169.09279,170.79968,pullup_down,140
171.68115,174.28214,pullup_down,140
172.54051,172.87717,pullup_down,140
172.3675,173.10133,pullup_down,140
171.854,172.32507,pullup_down,140
170.35587,170.70267,pullup_down,140
167.0251,170.61612,pullup_down,140
164.93947,170.0604,pullup_down,140
162.54616,165.76248,pullup_down,140
157.75662,159.48813,pullup_down,140
154.50107,157.29688,pullup_down,140
151.32219,154.46637,pullup_down,140
89.11104,92.309,pullup_up,140
86.556366,102.72108,pullup_up,140
105.07017,84.738304,pullup_up,140
83.5225,97.80349,pullup_up,140
85.74017,98.231155,pullup_up,140
81.70133,103.91051,pullup_up,140
76.2386,99.72082,pullup_up,140
76.455124,110.724335,pullup_up,140
84.99332,97.06366,pullup_up,140
82.1195,94.31322,pullup_up,140
77.84164,109.06603,pullup_up,140
73.55792,113.4726,pullup_up,140
75.2577,111.18116,pullup_up,140
151.34164,148.73827,pullup_down,140
152.50082,151.34734,pullup_down,140
156.76863,156.59015,pullup_down,140
158.88838,158.09277,pullup_down,140
161.09595,160.56407,pullup_down,140
163.93274,163.75626,pullup_down,140
165.95848,166.71931,pullup_down,140
167.41614,170.30583,pullup_down,140
169.82559,169.14568,pullup_down,140
167.20088,171.31406,pullup_down,140
169.58018,172.65459,pullup_down,140
166.6279,169.88843,pullup_down,140
165.88412,172.2492,pullup_down,140
165.35786,170.89844,pullup_down,140
160.5758,165.82141,pullup_down,140
157.06369,164.15129,pullup_down,140
155.92921,161.86473,pullup_down,140
153.40375,157.5682,pullup_down,140
99.020256,89.045105,pullup_up,140
91.72552,96.84258,pullup_up,140
97.94435,84.57789,pullup_up,140
98.90573,85.43408,pullup_up,140
81.46383,90.26222,pullup_up,140
84.40139,85.05351,pullup_up,140
76.42179,106.913864,pullup_up,140
73.62198,113.287155,pullup_up,140
71.287834,111.35409,pullup_up,140
69.90092,114.46196,pullup_up,140
76.23931,109.44749,pullup_up,140
75.68752,111.08645,pullup_up,140
82.203255,106.762505,pullup_up,140
85.77043,98.965866,pullup_up,140
154.27884,148.8651,pullup_down,140
158.39397,154.19855,pullup_down,140
159.99026,156.95709,pullup_down,140
159.97939,160.26776,pullup_down,140
163.38336,161.48749,pullup_down,140
166.1023,164.66866,pullup_down,140
167.62569,168.36748,pullup_down,140
169.21254,169.27563,pullup_down,140
169.75732,171.6644,pullup_down,140
170.62413,173.76953,pullup_down,140
166.8403,164.53642,pullup_down,140
169.29636,172.58377,pullup_down,140
167.78027,171.11272,pullup_down,140
158.86,166.52072,pullup_down,140
157.81155,156.75716,pullup_down,140
152.08495,154.18771,pullup_down,140
87.35748,97.878944,pullup_up,140
88.69819,95.384224,pullup_up,140
84.14296,100.15741,pullup_up,140
82.245804,93.54348,pullup_up,140
88.8844,97.07454,pullup_up,140
87.82499,88.01133,pullup_up,140
90.715515,98.35488,pullup_up,140
97.19032,90.81837,pullup_up,140
99.480354,89.834915,pullup_up,140
87.40084,95.56159,pullup_up,140
81.80119,94.254,pullup_up,141
155.96843,160.31851,pullup_down,141
154.43831,159.72342,pullup_down,141
140.61406,162.32664,pullup_down,141
142.2478,159.79994,pullup_down,141
148.43565,154.17032,pullup_down,141
166.4673,137.14896,pullup_down,141
153.64803,147.53372,pullup_down,141
176.07663,161.63385,pullup_down,141
162.94495,158.91364,pullup_down,141
149.27298,151.62297,pullup_down,141
150.43924,151.59528,pullup_down,141
151.10213,157.06557,pullup_down,141
156.79059,151.59798,pullup_down,141
151.53738,154.42758,pullup_down,142
149.06287,173.67255,pullup_down,142
176.4684,167.04971,pullup_down,142
155.19365,152.45393,pullup_down,142
175.25418,148.58035,pullup_down,142
165.15028,165.98022,pullup_down,142
170.58191,156.42198,pullup_down,142
44.37407,125.30159,pullup_up,142
113.072495,73.38435,pullup_up,142
84.20749,81.92204,pullup_up,142
161.18228,153.34006,pullup_down,142
167.64296,165.49936,pullup_down,142
160.66034,168.09714,pullup_down,142
161.32628,156.2369,pullup_down,142
161.53441,157.48833,pullup_down,142
164.00836,159.25816,pullup_down,142
29.784735,55.44165,pullup_up,142
136.98935,171.24149,pullup_down,142
105.75377,64.04903,pullup_up,142
170.74434,151.71094,pullup_down,142
38.948875,145.04005,pullup_up,142
57.754883,107.24846,pullup_up,142
160.5143,153.02179,pullup_down,142
165.27469,157.00052,pullup_down,142
157.75781,151.67142,pullup_down,142
160.69997,160.33836,pullup_down,142
155.67224,166.66554,pullup_down,142
161.84846,169.89767,pullup_down,142
82.43613,86.07316,pullup_up,142
112.35263,68.81259,pullup_up,142
37.069862,96.79826,pullup_up,142
100.62441,46.357674,pullup_up,142
108.03528,78.783356,pullup_up,142
30.942324,57.235283,pullup_up,142
82.708115,92.935875,pullup_up,142
58.588165,45.282055,pullup_up,142
53.635807,120.18676,pullup_up,142
43.15621,65.71503,pullup_up,142
167.78287,166.88579,pullup_down,142
154.72678,170.53284,pullup_down,142
151.87486,173.04059,pullup_down,142
164.87544,168.57016,pullup_down,142
157.68967,171.16104,pullup_down,142
163.93842,165.83044,pullup_down,142
159.39061,177.28212,pullup_down,142
162.14687,141.64005,pullup_down,143
155.85396,144.63116,pullup_down,143
160.50517,146.91737,pullup_down,143
157.96811,148.69931,pullup_down,143
165.67398,145.54657,pullup_down,143
162.08498,144.3689,pullup_down,143
162.87444,147.00397,pullup_down,143
163.82355,136.69139,pullup_down,143
159.30214,141.00272,pullup_down,143
159.85582,144.05322,pullup_down,143
158.06636,146.6578,pullup_down,143
160.88113,141.87663,pullup_down,143
161.67635,142.95682,pullup_down,143
158.88266,144.426,pullup_down,143
157.36008,147.0086,pullup_down,143
156.77979,145.33946,pullup_down,143
160.23845,152.78229,pullup_down,143
157.80872,148.78525,pullup_down,143
169.15506,153.42851,pullup_down,143
159.87944,151.1318,pullup_down,143
156.63815,151.89842,pullup_down,143
152.07191,151.67488,pullup_down,143
156.1631,150.27785,pullup_down,143
157.50015,152.63908,pullup_down,143
166.89908,155.0645,pullup_down,143
164.82362,155.17583,pullup_down,143
163.05046,156.82843,pullup_down,143
166.14384,155.41762,pullup_down,143
162.33205,151.39044,pullup_down,143
162.06615,151.33492,pullup_down,143
164.47766,149.53943,pullup_down,143
166.49568,155.34816,pullup_down,143
166.24297,149.44661,pullup_down,143
165.7388,153.90686,pullup_down,143
167.16774,157.9269,pullup_down,143
165.93387,157.55017,pullup_down,143
166.82668,161.03963,pullup_down,143
166.60268,159.83443,pullup_down,143
166.71776,159.35751,pullup_down,143
166.63914,160.6945,pullup_down,143
166.76152,160.42422,pullup_down,143
167.29704,160.31277,pullup_down,143
166.89854,160.88309,pullup_down,143
165.49654,155.578,pullup_down,143
165.08897,159.86656,pullup_down,143
163.81546,160.29417,pullup_down,143
161.98366,155.977,pullup_down,143
156.07787,150.39165,pullup_down,143
158.35461,154.53593,pullup_down,143
156.93202,150.39273,pullup_down,143
152.83289,152.99545,pullup_down,143
152.19286,155.41364,pullup_down,143
144.78632,156.5875,pullup_down,143
170.67421,148.07611,pullup_down,143
174.32388,153.54453,pullup_down,143
154.59517,151.03375,pullup_down,143
161.33018,148.88557,pullup_down,143
161.98369,147.9895,pullup_down,143
158.26643,153.0557,pullup_down,143
150.48047,156.5821,pullup_down,143
156.04112,156.78821,pullup_down,143
173.08862,153.24689,pullup_down,143
161.71896,154.21437,pullup_down,143
158.53654,152.78482,pullup_down,143
163.1852,155.86533,pullup_down,143
153.63431,158.20242,pullup_down,143
156.8144,152.85396,pullup_down,143
148.86433,159.86913,pullup_down,143
150.54544,156.10875,pullup_down,143
173.80565,156.19058,pullup_down,143
156.7707,160.34407,pullup_down,143
154.33414,159.556,pullup_down,143
154.61307,158.88821,pullup_down,143
149.13254,158.11414,pullup_down,143
154.79135,155.43205,pullup_down,143
150.3216,157.04202,pullup_down,143
150.08057,155.36835,pullup_down,143
148.41896,155.22878,pullup_down,143
157.4562,156.67009,pullup_down,143
158.579,152.8432,pullup_down,143
152.869,157.18645,pullup_down,143
151.71852,152.58916,pullup_down,143
154.35478,147.72716,pullup_down,143
157.10194,148.81195,pullup_down,143
159.54515,146.0079,pullup_down,143
158.26299,142.6196,pullup_down,143
160.53406,145.14922,pullup_down,143
159.74487,146.19788,pullup_down,143
157.18164,144.34702,pullup_down,143
159.21815,141.43906,pullup_down,143
158.01988,144.87636,pullup_down,143
158.21237,144.56042,pullup_down,143
160.55197,142.0269,pullup_down,143
161.9826,144.65427,pullup_down,143
160.9188,143.37383,pullup_down,143
169.64098,144.03746,pullup_down,143
160.96707,142.99568,pullup_down,143
158.87323,142.66362,pullup_down,143
169.40433,143.31633,pullup_down,143
168.5858,142.55408,pullup_down,143
160.43071,141.2407,pullup_down,143
43.399902,121.950455,pullup_up,143
159.06628,143.27551,pullup_down,143
160.57507,140.49648,pullup_down,143
157.0559,143.6353,pullup_down,143
154.47676,147.33891,pullup_down,143
155.66606,146.45555,pullup_down,143
155.72215,147.2248,pullup_down,143
158.13179,149.2452,pullup_down,143
162.51796,156.83936,pullup_down,143
159.8575,152.56174,pullup_down,143
166.8095,155.11894,pullup_down,143
169.86417,155.79295,pullup_down,143
165.7948,156.46957,pullup_down,143
161.1458,156.15836,pullup_down,143
165.27295,153.67332,pullup_down,143
163.87674,155.3779,pullup_down,143
158.81375,153.46178,pullup_down,143
160.67378,150.94386,pullup_down,143
160.98311,147.82236,pullup_down,143
164.6294,152.66043,pullup_down,143
159.57263,154.2449,pullup_down,143
161.81987,151.619,pullup_down,143
156.39703,155.23842,pullup_down,143
155.51492,154.7565,pullup_down,143
159.5897,152.34575,pullup_down,143
149.62155,157.52486,pullup_down,144
155.49727,152.83829,pullup_down,144
165.857,158.2752,pullup_down,144
160.4231,164.38026,pullup_down,144
162.8659,165.58493,pullup_down,144
162.69518,166.457,pullup_down,144
160.25041,157.3777,pullup_down,144
168.66422,159.0059,pullup_down,144
168.27238,162.94415,pullup_down,144
166.20822,153.07368,pullup_down,144
163.13365,148.74652,pullup_down,144
159.02505,141.46606,pullup_down,144
162.95819,146.89087,pullup_down,144
167.18228,134.30493,pullup_down,144
164.24396,160.24594,pullup_down,144
161.2444,147.18309,pullup_down,144
162.28786,163.13298,pullup_down,144
157.75414,145.3957,pullup_down,144
150.1738,152.00697,pullup_down,144
129.70972,170.61519,pullup_down,144
138.8243,161.52791,pullup_down,144
158.26581,162.77661,pullup_down,144
143.89719,160.46915,pullup_down,144
158.58957,159.51985,pullup_down,144
150.72408,156.8575,pullup_down,144
157.82654,144.68399,pullup_down,144
161.341,156.49965,pullup_down,144
163.54655,156.2219,pullup_down,144
167.25795,150.34088,pullup_down,144
167.57838,150.7515,pullup_down,144
166.39195,155.83955,pullup_down,144
165.03635,147.93755,pullup_down,144
164.67215,138.63785,pullup_down,144
160.9879,141.68858,pullup_down,144
165.98964,143.8871,pullup_down,144
165.51353,149.39618,pullup_down,144
160.9293,139.61806,pullup_down,144
158.87169,144.06068,pullup_down,144
159.84825,157.28685,pullup_down,144
170.94731,163.83461,pullup_down,144
167.65692,165.4639,pullup_down,144
153.58234,162.31277,pullup_down,144
146.74388,164.24896,pullup_down,144
138.45023,163.48886,pullup_down,144
141.01414,159.4406,pullup_down,144
139.32175,161.96072,pullup_down,144
146.05525,166.16666,pullup_down,144
165.716,167.58151,pullup_down,144
171.32599,173.4401,pullup_down,144
164.13945,170.25136,pullup_down,144
163.04845,169.18387,pullup_down,144
160.0748,144.79727,pullup_down,144
166.86914,154.13797,pullup_down,144
163.85762,173.06282,pullup_down,144
165.63672,156.03159,pullup_down,144
165.825,157.76021,pullup_down,144
166.34723,156.1665,pullup_down,144
164.67894,158.05107,pullup_down,144
164.40306,155.86461,pullup_down,144
164.78296,154.2423,pullup_down,144
165.4037,164.70404,pullup_down,144
161.74681,161.94629,pullup_down,144
159.9469,157.70885,pullup_down,144
160.25366,149.13634,pullup_down,144
159.87671,160.14618,pullup_down,144
158.46451,148.86058,pullup_down,144
159.1219,153.69344,pullup_down,144
164.14624,150.94948,pullup_down,144
166.72726,156.0588,pullup_down,144
167.86394,156.11656,pullup_down,144
166.04921,153.85982,pullup_down,144
164.5013,159.75516,pullup_down,144
161.91599,155.97142,pullup_down,144
155.97311,144.45181,pullup_down,144
161.78572,151.70952,pullup_down,144
160.0601,153.63458,pullup_down,144
150.00374,164.58502,pullup_down,144
163.48167,167.75941,pullup_down,144
164.27448,164.10222,pullup_down,144
164.39362,169.95761,pullup_down,144
164.52509,168.72197,pullup_down,144
161.53227,168.52681,pullup_down,144
161.69524,168.96259,pullup_down,144
163.88275,169.21118,pullup_down,144
163.82921,169.39621,pullup_down,144
163.93233,165.95506,pullup_down,144
169.4604,168.23706,pullup_down,144
167.15154,158.52753,pullup_down,144
163.41891,158.05183,pullup_down,144
165.4953,140.71803,pullup_down,144
168.10912,139.1643,pullup_down,144
164.15596,137.25789,pullup_down,144
165.14903,142.90947,pullup_down,144
161.69926,141.13034,pullup_down,144
158.17575,142.1237,pullup_down,144
161.65218,143.42372,pullup_down,144
161.02959,140.99478,pullup_down,144
156.93146,143.5027,pullup_down,144
160.06894,149.539,pullup_down,144
158.98529,147.09106,pullup_down,144
163.08891,151.13762,pullup_down,144
170.06944,155.03526,pullup_down,144
160.12633,155.42868,pullup_down,144
150.68481,155.64545,pullup_down,144
127.6962,173.29276,pullup_down,144
127.16921,173.8725,pullup_down,144
167.61954,162.03738,pullup_down,145
168.21736,157.00128,pullup_down,145
174.22514,161.49893,pullup_down,145
169.23882,160.19806,pullup_down,145
164.92274,160.79735,pullup_down,145
165.01118,161.98509,pullup_down,145
162.78159,153.78435,pullup_down,145
156.27856,149.98372,pullup_down,145
159.68721,149.70941,pullup_down,145
156.38304,144.62741,pullup_down,145
157.12729,144.07419,pullup_down,145
157.17151,145.25264,pullup_down,145
162.6645,148.1322,pullup_down,145
160.7654,148.03879,pullup_down,145
162.37003,151.53955,pullup_down,145
166.14952,153.02779,pullup_down,145
165.75633,152.17354,pullup_down,145
160.86017,145.98613,pullup_down,145
166.67868,152.19952,pullup_down,145
163.82726,151.49269,pullup_down,145
162.16164,153.59871,pullup_down,145
162.44829,154.08571,pullup_down,145
163.69327,149.51682,pullup_down,145
89.52003,100.40391,pullup_up,145
90.46197,97.317535,pullup_up,145
154.74158,146.47993,pullup_down,145
153.80595,147.06816,pullup_down,145
164.33617,147.19078,pullup_down,145
164.01804,147.73686,pullup_down,145
164.11736,148.9622,pullup_down,145
166.57208,148.8485,pullup_down,145
167.03438,148.36285,pullup_down,145
163.7771,159.20497,pullup_down,145
165.6718,148.03893,pullup_down,145
165.38431,148.69873,pullup_down,145
163.88701,156.5918,pullup_down,145
163.69969,148.71443,pullup_down,145
165.54546,148.80022,pullup_down,145
157.29314,146.82393,pullup_down,145
158.57254,146.2837,pullup_down,145
162.0855,144.38335,pullup_down,145
162.4376,151.85481,pullup_down,145
162.07364,153.0518,pullup_down,145
163.80243,152.73691,pullup_down,145
169.5523,150.91068,pullup_down,145
172.15002,153.12239,pullup_down,145
169.01326,156.20528,pullup_down,145
170.7523,151.10063,pullup_down,145
172.24553,152.32281,pullup_down,145
171.80289,151.42363,pullup_down,145
168.32216,146.86516,pullup_down,145
168.76572,143.8802,pullup_down,145
164.74118,157.38123,pullup_down,145
163.26392,155.79791,pullup_down,145
162.76982,157.43843,pullup_down,145
163.0394,151.53212,pullup_down,145
163.64703,150.9368,pullup_down,145
158.731,151.94208,pullup_down,145
93.83215,89.341034,pullup_up,145
94.267006,93.46638,pullup_up,145
56.526546,96.355484,pullup_up,146
62.42515,91.497604,pullup_up,146
64.84732,88.513756,pullup_up,146
67.90858,90.432755,pullup_up,146
54.10284,86.48164,pullup_up,146
34.579945,78.773445,pullup_up,146
33.40961,72.14914,pullup_up,146
27.613285,77.967064,pullup_up,146
25.609379,55.61783,pullup_up,146
53.512623,89.47739,pullup_up,146
44.251057,89.679565,pullup_up,146
76.903114,95.52823,pullup_up,146
90.58408,97.30902,pullup_up,146
155.1,148.11456,pullup_down,146
155.84886,149.36217,pullup_down,146
158.71162,167.21397,pullup_down,146
164.17749,171.39072,pullup_down,146
164.21138,169.10687,pullup_down,146
163.8201,170.14929,pullup_down,146
165.79721,170.14536,pullup_down,146
169.04988,169.70337,pullup_down,146
170.48389,169.4865,pullup_down,146
170.33951,167.60594,pullup_down,146
167.77281,169.4862,pullup_down,146
171.46149,169.50642,pullup_down,146
168.15762,168.79178,pullup_down,146
165.42136,169.30956,pullup_down,146
167.69447,171.56898,pullup_down,146
168.26868,170.84323,pullup_down,146
166.83138,170.66147,pullup_down,146
169.13057,170.65887,pullup_down,146
171.67114,171.27585,pullup_down,146
168.30441,171.97754,pullup_down,146
163.1101,169.26155,pullup_down,146
164.38235,169.3085,pullup_down,146
167.00824,172.20161,pullup_down,146
168.05676,171.7791,pullup_down,146
167.35153,168.81728,pullup_down,146
167.71817,171.89058,pullup_down,146
167.05301,170.96999,pullup_down,146
171.26411,173.4815,pullup_down,146
170.03186,172.21754,pullup_down,146
172.70326,174.71698,pullup_down,146
172.36388,174.78822,pullup_down,146
171.03001,171.6012,pullup_down,146
166.49474,173.8227,pullup_down,146
166.74072,174.2216,pullup_down,146
169.50282,175.62413,pullup_down,146
167.4303,173.75725,pullup_down,146
170.07288,174.42523,pullup_down,146
167.346,175.06949,pullup_down,146
163.3837,172.45607,pullup_down,146
168.30824,173.36162,pullup_down,146
172.18823,174.15475,pullup_down,146
171.45186,173.28775,pullup_down,146
167.62837,172.56152,pullup_down,146
169.52032,172.75688,pullup_down,146
168.9458,173.78844,pullup_down,146
170.1624,173.14822,pullup_down,146
168.52843,171.29886,pullup_down,146
163.46988,171.63188,pullup_down,146
168.127,175.55824,pullup_down,146
170.04477,175.6042,pullup_down,146
170.44672,176.53653,pullup_down,146
165.21661,172.94086,pullup_down,146
164.14688,170.71541,pullup_down,146
170.40341,173.805,pullup_down,146
169.44322,173.98352,pullup_down,146
166.18735,169.26686,pullup_down,146
160.12581,172.33455,pullup_down,146
160.21298,172.55565,pullup_down,146
167.11955,171.30292,pullup_down,146
164.40456,169.51482,pullup_down,146
166.40906,166.54156,pullup_down,146
165.33705,164.80513,pullup_down,146
166.63972,156.00455,pullup_down,146
162.69081,149.29016,pullup_down,146
164.11479,146.12128,pullup_down,146
166.2571,145.24475,pullup_down,146
164.53033,145.53433,pullup_down,146
166.1189,141.97998,pullup_down,146
93.64762,96.17603,pullup_up,146
153.06586,150.39136,pullup_down,146
158.86942,159.64655,pullup_down,146
157.24416,166.48114,pullup_down,146
151.88313,169.84137,pullup_down,146
152.88931,170.007,pullup_down,146
159.73997,173.88669,pullup_down,146
161.0753,172.71564,pullup_down,146
163.02548,173.61636,pullup_down,146
162.63998,170.56691,pullup_down,146
167.63039,172.21431,pullup_down,146
168.24231,170.79045,pullup_down,146
165.35556,170.9274,pullup_down,146
169.36977,172.27632,pullup_down,146
164.70857,173.10669,pullup_down,146
165.44817,173.84962,pullup_down,146
164.23639,171.8988,pullup_down,146
168.42273,168.47717,pullup_down,146
164.92326,170.06421,pullup_down,146
169.50194,169.8366,pullup_down,146
172.44328,170.37585,pullup_down,146
172.53981,174.08112,pullup_down,146
169.75139,171.50345,pullup_down,146
171.77225,172.28175,pullup_down,146
169.13336,173.26538,pullup_down,146
172.57344,163.77582,pullup_down,147
169.62035,161.2779,pullup_down,147
167.5726,164.76038,pullup_down,147
168.02884,159.6466,pullup_down,147
162.12004,156.97418,pullup_down,147
164.51434,158.60124,pullup_down,147
163.86871,154.65883,pullup_down,147
155.21663,152.3388,pullup_down,147
85.915276,90.81302,pullup_up,147
86.403625,99.590256,pullup_up,147
92.6632,95.36219,pullup_up,147
87.559395,99.36471,pullup_up,147
168.44205,139.24179,pullup_down,147
160.0753,145.43109,pullup_down,147
157.67262,149.02258,pullup_down,147
160.34431,149.38806,pullup_down,147
161.26186,149.64214,pullup_down,147
154.58292,147.95456,pullup_down,147
158.21371,153.49484,pullup_down,147
160.30595,154.36493,pullup_down,147
160.63298,152.05003,pullup_down,147
159.58647,152.3381,pullup_down,147
159.85912,153.34671,pullup_down,147
159.70845,154.39696,pullup_down,147
167.2386,156.78705,pullup_down,147
167.2277,157.73167,pullup_down,147
165.7412,157.19484,pullup_down,147
165.21101,157.37462,pullup_down,147
167.31834,159.53157,pullup_down,147
168.99286,158.83574,pullup_down,147
165.18623,159.84538,pullup_down,147
165.70432,158.25368,pullup_down,147
164.07922,159.45743,pullup_down,147
167.59909,159.61525,pullup_down,147
167.71017,160.56876,pullup_down,147
165.41635,163.24184,pullup_down,147
172.77356,166.81921,pullup_down,147
172.23988,165.99324,pullup_down,147
175.1105,167.02971,pullup_down,147
173.15854,165.2136,pullup_down,147
172.04855,166.95403,pullup_down,147
172.90585,165.41873,pullup_down,147
173.89426,164.66165,pullup_down,147
172.7298,166.76166,pullup_down,147
171.87263,164.76904,pullup_down,147
170.68753,160.05971,pullup_down,147
173.68529,157.09897,pullup_down,147
168.79137,158.997,pullup_down,147
163.90956,155.33456,pullup_down,147
163.00157,154.78319,pullup_down,147
164.33475,153.23933,pullup_down,147
161.79573,150.69414,pullup_down,147
157.01642,146.38382,pullup_down,147
155.59013,144.49223,pullup_down,147
85.0171,103.39187,pullup_up,148
81.47133,73.9705,pullup_up,148
81.4333,73.844246,pullup_up,148
87.91948,67.276794,pullup_up,148
93.570435,66.97783,pullup_up,148
88.15077,70.65775,pullup_up,148
88.32391,60.885094,pullup_up,148
87.17191,68.433685,pullup_up,148
86.024414,71.821594,pullup_up,148
94.61086,74.02343,pullup_up,148
74.83871,75.23476,pullup_up,148
97.103516,84.85779,pullup_up,148
82.42145,78.296036,pullup_up,148
86.039215,84.923904,pullup_up,148
90.268845,72.29669,pullup_up,148
103.48404,74.876816,pullup_up,148
97.770836,70.8974,pullup_up,148
92.72066,69.53649,pullup_up,148
105.62646,75.18399,pullup_up,148
83.233894,83.28232,pullup_up,148
80.862495,82.791275,pullup_up,148
84.959045,91.15131,pullup_up,148
83.93859,99.14777,pullup_up,148
75.25167,96.67793,pullup_up,148
61.82329,103.6716,pullup_up,148
68.84064,105.8255,pullup_up,148
60.103203,114.38988,pullup_up,148
63.95487,113.802376,pullup_up,148
70.21012,114.69193,pullup_up,148
71.594505,118.075195,pullup_up,148
62.25496,113.39218,pullup_up,148
78.49592,107.89589,pullup_up,148
73.99932,104.04307,pullup_up,148
73.470215,104.71345,pullup_up,148
63.27897,114.229675,pullup_up,148
59.685856,112.13782,pullup_up,148
74.59497,107.74194,pullup_up,148
66.262054,111.204994,pullup_up,148
63.148354,107.839935,pullup_up,148
67.55244,111.80854,pullup_up,148
63.363853,103.036446,pullup_up,148
59.860794,102.14611,pullup_up,148
63.36418,105.56828,pullup_up,148
71.479935,107.90537,pullup_up,148
69.56035,116.591225,pullup_up,148
64.46962,114.507286,pullup_up,148
59.489086,117.16472,pullup_up,148
61.124474,115.66671,pullup_up,148
73.16218,115.74371,pullup_up,148
68.03192,114.67595,pullup_up,148
66.75617,108.411865,pullup_up,148
72.02129,104.58139,pullup_up,148
64.97311,106.89143,pullup_up,148
72.96175,99.39351,pullup_up,148
73.72505,101.340126,pullup_up,148
77.1693,101.211555,pullup_up,148
59.70074,94.7955,pullup_up,148
64.98513,100.19212,pullup_up,148
72.33727,92.90703,pullup_up,148
66.78116,84.51153,pullup_up,148
62.948303,90.73298,pullup_up,148
69.21191,78.40528,pullup_up,148
67.85717,77.84859,pullup_up,148
109.13222,76.09903,pullup_up,148
96.24929,86.67264,pullup_up,148
88.96466,92.70449,pullup_up,148
76.65243,79.09047,pullup_up,148
87.87711,84.271805,pullup_up,148
91.89247,84.29659,pullup_up,148
105.28113,76.419075,pullup_up,148
79.19912,67.827965,pullup_up,148
85.17948,70.53709,pullup_up,148
89.169136,68.881836,pullup_up,148
85.933784,90.51847,pullup_up,148
83.98314,83.91649,pullup_up,148
88.925705,85.33438,pullup_up,148
84.101074,93.29649,pullup_up,148
87.756,97.9789,pullup_up,148
89.87719,98.12678,pullup_up,148
83.32582,76.11067,pullup_up,148
78.88766,99.0421,pullup_up,148
92.055214,69.965706,pullup_up,148
93.97829,77.95352,pullup_up,148
96.38888,84.17802,pullup_up,148
77.37364,75.35986,pullup_up,148
94.4228,85.21182,pullup_up,148
71.90926,71.20503,pullup_up,148
68.0285,77.97526,pullup_up,148
103.28939,85.1687,pullup_up,148
96.39512,88.77883,pullup_up,148
90.6799,88.60964,pullup_up,148
85.19722,99.164665,pullup_up,148
86.688995,83.935646,pullup_up,148
85.67863,89.63559,pullup_up,148
73.57352,89.47366,pullup_up,148
74.91343,92.291435,pullup_up,148
62.970325,85.39557,pullup_up,148
84.30219,93.08437,pullup_up,148
94.332405,85.47313,pullup_up,148
84.792175,100.00343,pullup_up,148
77.28155,105.283676,pullup_up,148
69.49958,105.34613,pullup_up,148
66.856995,107.20418,pullup_up,148
68.45859,114.53805,pullup_up,148
66.65965,114.30381,pullup_up,148
75.03168,114.152534,pullup_up,148
74.381096,111.808,pullup_up,148
64.45455,110.97901,pullup_up,148
69.61556,109.95437,pullup_up,148
55.72035,109.84994,pullup_up,148
70.22519,108.26277,pullup_up,148
62.626266,110.736046,pullup_up,148
70.968735,112.641884,pullup_up,148
64.557495,108.775314,pullup_up,148
70.05328,113.63871,pullup_up,148
70.84801,110.302956,pullup_up,148
67.79295,111.50646,pullup_up,148
57.288284,109.009926,pullup_up,148
70.15646,112.92183,pullup_up,148
74.25971,113.0919,pullup_up,148
59.27046,111.65397,pullup_up,148
73.68607,113.36011,pullup_up,148
67.38538,111.33348,pullup_up,148
67.466095,115.827774,pullup_up,148
78.18903,111.05665,pullup_up,148
70.359764,115.7535,pullup_up,148
70.68059,118.157524,pullup_up,148
78.83861,107.85203,pullup_up,148
64.726326,106.24582,pullup_up,148
73.20993,107.296715,pullup_up,148
61.148994,105.61501,pullup_up,148
62.75009,101.10975,pullup_up,148
73.45781,98.91172,pullup_up,148
84.80893,100.110664,pullup_up,148
77.13099,88.12618,pullup_up,148
75.36789,87.21953,pullup_up,148
81.88557,87.10927,pullup_up,148
95.55676,89.92759,pullup_up,148
109.480156,74.764336,pullup_up,148
85.24724,82.59131,pullup_up,148
93.07189,75.29939,pullup_up,148
86.46599,72.10853,pullup_up,148
109.148,76.40775,pullup_up,148
87.91562,71.78995,pullup_up,148
99.205246,73.56333,pullup_up,148
83.436905,84.01576,pullup_up,148
79.226326,70.54137,pullup_up,148
75.08965,71.34075,pullup_up,148
80.5925,72.52575,pullup_up,148
89.51007,89.498726,pullup_up,148
103.58985,81.01989,pullup_up,148
85.2958,100.11175,pullup_up,148
97.32049,77.95344,pullup_up,148
89.646484,81.657875,pullup_up,148
83.822334,85.93316,pullup_up,148
154.12605,165.03102,pullup_down,149
150.55328,167.96712,pullup_down,149
159.98631,165.80428,pullup_down,149
164.1581,164.17537,pullup_down,149
160.15578,161.32463,pullup_down,149
159.06412,159.59029,pullup_down,149
157.28271,165.42636,pullup_down,149
149.11955,154.6392,pullup_down,149
163.69113,164.17993,pullup_down,149
165.98044,172.65105,pullup_down,149
160.1418,170.22604,pullup_down,149
159.37442,166.54897,pullup_down,149
160.30513,170.92186,pullup_down,149
171.2917,160.97159,pullup_down,149
164.15163,157.23376,pullup_down,149
158.96349,156.90831,pullup_down,149
156.83403,167.12547,pullup_down,149
166.27307,165.18288,pullup_down,149
167.2889,172.8273,pullup_down,149
169.0067,170.11287,pullup_down,149
168.14946,172.17082,pullup_down,149
174.85394,170.53578,pullup_down,149
174.4885,160.40799,pullup_down,149
162.22578,163.81766,pullup_down,149
168.29709,167.76347,pullup_down,149
169.66844,165.70833,pullup_down,149
168.01524,158.58759,pullup_down,149
162.33755,155.33557,pullup_down,149
149.18486,151.33055,pullup_down,149
153.52151,150.01556,pullup_down,149
152.19287,148.44121,pullup_down,149
159.97351,162.13792,pullup_down,149
167.68852,168.28769,pullup_down,149
168.23549,168.92014,pullup_down,149
169.22322,167.8338,pullup_down,149
171.3706,171.14429,pullup_down,149
173.45326,164.33751,pullup_down,149
168.85443,165.28003,pullup_down,149
169.19553,168.11075,pullup_down,149
165.2884,166.14975,pullup_down,149
165.88205,165.31364,pullup_down,149
159.56403,159.1805,pullup_down,149
153.9745,153.85039,pullup_down,149
146.72278,154.97087,pullup_down,149
156.2325,155.29613,pullup_down,149
164.4938,157.5855,pullup_down,149
169.65706,162.07164,pullup_down,149
167.47383,160.13763,pullup_down,149
172.46242,159.8561,pullup_down,149
174.04239,165.35004,pullup_down,149
171.02878,170.16377,pullup_down,149
170.99593,170.34102,pullup_down,149
163.3917,169.32343,pullup_down,149
156.51208,162.60126,pullup_down,149
154.69847,160.30833,pullup_down,149
162.05995,162.26637,pullup_down,149
155.43536,156.17847,pullup_down,149
158.40889,158.06294,pullup_down,149
149.16225,152.2103,pullup_down,149
155.32266,147.39003,pullup_down,149
159.05559,147.84227,pullup_down,149
165.44377,151.90854,pullup_down,149
170.47379,164.40736,pullup_down,149
171.89896,160.39528,pullup_down,149
173.2256,153.78192,pullup_down,149
171.00903,163.10387,pullup_down,149
168.58676,173.45828,pullup_down,149
169.13168,167.51144,pullup_down,149
168.54523,158.35582,pullup_down,149
170.67691,147.34373,pullup_down,149
169.465,154.22864,pullup_down,149
165.18153,164.8179,pullup_down,149
164.18974,155.19775,pullup_down,149
148.55582,152.58237,pullup_down,149
149.87868,151.88474,pullup_down,149
164.32777,142.76932,pullup_down,149
170.84393,166.99454,pullup_down,149
171.47441,171.09445,pullup_down,149
174.48619,170.98927,pullup_down,149
174.91884,144.17595,pullup_down,149
169.20245,168.44257,pullup_down,149
171.93246,158.80154,pullup_down,149
167.67873,166.3432,pullup_down,149
162.54153,145.58365,pullup_down,149
166.32484,163.09303,pullup_down,149
151.20038,159.77492,pullup_down,149
155.4203,156.61208,pullup_down,149
148.9997,160.39484,pullup_down,149
167.1816,136.39561,pullup_down,149
169.47034,130.6925,pullup_down,149
171.95438,159.68304,pullup_down,149
168.2829,177.50691,pullup_down,149
161.66298,168.41766,pullup_down,149
161.87569,165.03572,pullup_down,149
162.22057,152.10944,pullup_down,149
162.06425,150.39801,pullup_down,149
164.68475,154.90909,pullup_down,149
171.87077,159.67137,pullup_down,149
173.83377,165.37491,pullup_down,149
162.14777,142.24818,pullup_down,149
108.61656,61.598576,pullup_up,149
111.058846,64.495094,pullup_up,149
159.74585,170.64215,pullup_down,149
159.64807,153.58382,pullup_down,149
139.58699,172.53864,pullup_down,149
160.15474,174.50769,pullup_down,149
138.50432,170.95122,pullup_down,149
163.49673,150.09108,pullup_down,149
171.63065,171.2131,pullup_down,149
174.46602,174.44429,pullup_down,149
168.30612,170.84428,pullup_down,149
155.54326,162.04143,pullup_down,149
153.02132,166.14052,pullup_down,149
166.51546,160.86751,pullup_down,149
157.83685,159.99498,pullup_down,149
142.23587,158.20891,pullup_down,149
166.21194,169.27162,pullup_down,149
111.69123,51.085514,pullup_up,150
131.79,45.414173,pullup_up,150
119.08137,62.419872,pullup_up,150
124.60931,62.69526,pullup_up,150
173.69984,136.54124,pullup_down,150
91.54242,51.316116,pullup_up,150
127.5935,57.64929,pullup_up,150
114.11516,74.008766,pullup_up,150
93.33088,65.88297,pullup_up,150
85.45115,58.51547,pullup_up,150
122.255104,64.409256,pullup_up,150
119.087494,64.40931,pullup_up,150
110.74855,62.8429,pullup_up,150
102.166954,74.99505,pullup_up,150
101.86243,81.74495,pullup_up,150
146.83723,166.87836,pullup_down,150
165.34001,141.9661,pullup_down,150
163.1251,141.35321,pullup_down,151
157.37444,143.97647,pullup_down,151
136.8128,166.95885,pullup_down,151
134.60231,171.85791,pullup_down,151
139.98865,169.94788,pullup_down,151
157.73189,153.76337,pullup_down,152
154.84045,149.17838,pullup_down,152
147.8877,167.41385,pullup_down,152
152.33856,166.112,pullup_down,152
154.70537,165.58557,pullup_down,152
153.88492,165.95749,pullup_down,152
152.52583,164.87454,pullup_down,152
153.17441,163.27893,pullup_down,152
151.84245,161.76562,pullup_down,152
154.29625,161.26973,pullup_down,152
155.17967,161.23383,pullup_down,152
151.95583,159.42648,pullup_down,152
147.23822,155.86612,pullup_down,152
149.78745,153.01967,pullup_down,152
148.10838,155.18172,pullup_down,152
152.45274,157.1096,pullup_down,152
152.65402,160.48807,pullup_down,152
152.83946,160.64217,pullup_down,152
154.91328,161.09795,pullup_down,152
153.61429,160.13527,pullup_down,152
152.71873,163.42825,pullup_down,152
159.80641,162.57117,pullup_down,152
155.16924,165.11359,pullup_down,152
158.99089,160.88487,pullup_down,152
150.92018,151.31395,pullup_down,152
154.21063,158.64633,pullup_down,152
156.47572,160.68736,pullup_down,152
157.30763,156.125,pullup_down,152
156.39389,153.91579,pullup_down,152
157.60974,152.26857,pullup_down,152
163.33485,146.03668,pullup_down,152
160.97551,145.38994,pullup_down,152
164.4413,151.39633,pullup_down,152
164.32553,150.4831,pullup_down,152
159.13495,147.6486,pullup_down,152
164.28694,149.70981,pullup_down,152
163.10878,151.39597,pullup_down,152
160.27362,150.61855,pullup_down,152
159.17705,151.32663,pullup_down,152
155.01404,145.47935,pullup_down,152
151.55244,149.99226,pullup_down,152
161.37318,148.58876,pullup_down,152
162.21477,149.06761,pullup_down,152
160.92763,148.30106,pullup_down,152
160.91425,150.54366,pullup_down,152
162.81137,155.97923,pullup_down,152
160.85785,153.47023,pullup_down,152
161.80022,152.74815,pullup_down,152
158.6058,149.67654,pullup_down,152
155.42546,154.87358,pullup_down,152
153.12169,155.85916,pullup_down,152
143.56285,161.33052,pullup_down,152
147.17923,165.42586,pullup_down,152
154.22404,162.6387,pullup_down,152
159.12723,163.1464,pullup_down,152
158.12787,161.55965,pullup_down,152
154.25699,164.4074,pullup_down,152
159.17842,164.13788,pullup_down,152
158.71034,164.1144,pullup_down,152
159.62724,163.9294,pullup_down,152
156.52473,161.95073,pullup_down,152
156.38145,162.85544,pullup_down,152
152.46292,161.13626,pullup_down,152
158.23323,163.52858,pullup_down,152
152.0989,161.62683,pullup_down,152
151.03372,157.65533,pullup_down,152
153.52068,160.3054,pullup_down,152
150.95976,157.06522,pullup_down,152
150.34488,150.35289,pullup_down,152
77.204575,100.39528,pullup_up,152
147.41145,152.94633,pullup_down,152
150.75136,155.39882,pullup_down,152
145.49953,157.2725,pullup_down,152
153.44412,159.16422,pullup_down,152
154.39482,159.96516,pullup_down,152
160.62083,162.79572,pullup_down,152
160.58678,163.49611,pullup_down,152
157.1657,164.97725,pullup_down,152
147.19589,165.69391,pullup_down,152
147.11723,161.53404,pullup_down,152
150.11067,166.2404,pullup_down,152
149.04765,162.60783,pullup_down,152
148.266,166.2555,pullup_down,152
145.36612,162.73451,pullup_down,152
154.31764,157.79079,pullup_down,152
155.99638,162.6289,pullup_down,152
160.83122,164.29153,pullup_down,152
161.46829,159.59453,pullup_down,152
151.07736,151.86082,pullup_down,152
158.21736,153.19054,pullup_down,152
164.40103,156.40204,pullup_down,152
155.55386,149.11159,pullup_down,152
163.46156,151.29138,pullup_down,152
164.6008,150.39339,pullup_down,152
166.53178,152.93427,pullup_down,152
163.04604,147.52934,pullup_down,152
166.2247,151.03018,pullup_down,152
164.25398,148.14099,pullup_down,152
164.73428,151.59247,pullup_down,152
165.9873,155.03171,pullup_down,152
167.08838,156.41895,pullup_down,152
167.99347,153.10889,pullup_down,152
168.9285,156.60301,pullup_down,152
167.68074,153.9937,pullup_down,152
169.6297,155.50417,pullup_down,152
170.52744,162.68726,pullup_down,152
169.57732,162.94844,pullup_down,152
170.54977,160.11417,pullup_down,152
169.54347,160.64923,pullup_down,152
168.64064,158.84598,pullup_down,152
169.96803,159.51447,pullup_down,152
170.13506,161.40132,pullup_down,152
165.60489,154.14116,pullup_down,152
166.41565,156.18503,pullup_down,152
158.3142,153.54309,pullup_down,152
169.10884,152.10724,pullup_down,152
170.06631,154.36044,pullup_down,152
168.33653,154.01263,pullup_down,152
165.6919,155.78868,pullup_down,152
168.40894,151.0076,pullup_down,152
162.42867,150.80292,pullup_down,152
163.08719,150.07817,pullup_down,152
160.52989,141.98853,pullup_down,152
157.55228,150.983,pullup_down,152
154.17462,149.18819,pullup_down,152
153.95187,154.08662,pullup_down,152
150.98969,156.0435,pullup_down,152
154.31812,161.67287,pullup_down,152
151.43517,149.92242,pullup_down,152
149.61328,156.4315,pullup_down,152
144.66672,155.88287,pullup_down,152
146.45203,159.1973,pullup_down,152
144.26326,155.74077,pullup_down,152
142.52689,158.52736,pullup_down,152
150.47942,162.85405,pullup_down,152
147.00052,164.27446,pullup_down,152
138.05043,163.0346,pullup_down,152
139.7156,160.55742,pullup_down,152
141.82884,160.79823,pullup_down,152
147.18097,156.71465,pullup_down,152
148.43405,154.47078,pullup_down,152
151.12943,153.85316,pullup_down,152
149.13739,150.95184,pullup_down,152
149.90569,151.53665,pullup_down,152
153.71106,152.71796,pullup_down,152
152.62462,149.69632,pullup_down,152
149.83838,151.62442,pullup_down,152
147.21223,158.97795,pullup_down,152
143.50586,160.315,pullup_down,152
151.01999,160.68655,pullup_down,152
141.34799,167.2455,pullup_down,152
144.73947,166.98926,pullup_down,152
148.09702,159.36334,pullup_down,152
148.24184,159.04825,pullup_down,152
148.02834,166.20476,pullup_down,152
146.77121,160.37418,pullup_down,152
152.93347,160.7992,pullup_down,152
157.63994,153.27951,pullup_down,152
157.39679,147.0921,pullup_down,152
165.54958,149.41776,pullup_down,153
160.3517,151.49107,pullup_down,153
167.96695,169.09499,pullup_down,153
170.08083,164.84576,pullup_down,153
157.98566,170.4752,pullup_down,153
167.00334,159.77905,pullup_down,153
163.96985,155.1838,pullup_down,153
172.19061,144.01736,pullup_down,153
73.91793,115.97512,pullup_up,153
149.27089,156.13525,pullup_down,153
155.28072,156.80412,pullup_down,153
145.93137,156.44003,pullup_down,153
152.01134,160.35231,pullup_down,153
175.64647,152.55138,pullup_down,153
167.18866,163.79028,pullup_down,153
156.34108,163.11252,pullup_down,153
157.06421,170.44109,pullup_down,153
158.48798,164.43222,pullup_down,153
148.09471,163.51215,pullup_down,153
146.05235,168.31085,pullup_down,153
149.80963,173.82443,pullup_down,153
145.86827,170.52612,pullup_down,153
147.0453,169.03717,pullup_down,153
160.9258,167.77184,pullup_down,153
159.34721,153.05585,pullup_down,153
165.76683,171.54234,pullup_down,153
155.5829,146.91124,pullup_down,153
149.88812,152.95041,pullup_down,153
159.86029,152.74606,pullup_down,153
143.73798,158.66658,pullup_down,153
144.0116,158.9009,pullup_down,153
145.96832,155.65138,pullup_down,153
141.04575,161.85944,pullup_down,153
155.39636,159.4508,pullup_down,153
156.29567,158.58208,pullup_down,153
163.25276,157.6047,pullup_down,153
170.47813,153.44312,pullup_down,153
171.0076,158.02965,pullup_down,153
162.9786,154.52335,pullup_down,153
173.35919,159.75146,pullup_down,153
163.68619,153.06554,pullup_down,153
165.29271,151.32353,pullup_down,153
164.05867,150.20255,pullup_down,153
162.93138,144.14555,pullup_down,153
147.74004,156.51602,pullup_down,153
154.29381,156.15569,pullup_down,153
149.04214,154.42628,pullup_down,153
147.94774,158.37549,pullup_down,153
147.1894,164.2259,pullup_down,153
150.64851,162.31761,pullup_down,153
166.1644,164.48262,pullup_down,153
154.43575,160.66,pullup_down,153
169.90788,159.58379,pullup_down,153
172.88896,162.13428,pullup_down,153
175.86476,151.78474,pullup_down,153
170.50755,158.53966,pullup_down,153
165.34967,159.9778,pullup_down,153
173.33507,157.11098,pullup_down,153
172.88786,164.2989,pullup_down,153
171.69644,156.34471,pullup_down,153
166.19551,156.61934,pullup_down,153
171.90482,167.8464,pullup_down,153
173.68724,161.0954,pullup_down,153
172.9033,170.55531,pullup_down,153
172.98885,165.82552,pullup_down,153
161.54893,152.83755,pullup_down,153
161.22658,148.20789,pullup_down,153
157.2049,146.29146,pullup_down,153
152.56201,161.00992,pullup_down,153
160.07974,141.60405,pullup_down,153
161.13773,158.921,pullup_down,153
160.16086,141.4262,pullup_down,154
163.5404,143.87236,pullup_down,154
170.34285,159.53098,pullup_down,154
151.50005,153.14539,pullup_down,154
74.64293,107.08991,pullup_up,154
74.419426,106.19556,pullup_up,154
78.560905,89.70005,pullup_up,154
65.453865,89.6785,pullup_up,154
43.714787,80.42814,pullup_up,154
41.629906,88.31106,pullup_up,154
52.35263,75.831566,pullup_up,154
33.309998,40.96568,pullup_up,154
138.80492,36.959854,pullup_up,154
138.55724,21.16307,pullup_up,154
37.663216,51.9353,pullup_up,154
89.46168,45.542618,pullup_up,154
124.42716,55.850986,pullup_up,154
122.989845,64.970505,pullup_up,154
109.94268,64.47816,pullup_up,154
163.48418,172.0573,pullup_down,154
85.77598,98.00192,pullup_up,154
179.53143,140.74382,pullup_down,154
178.73761,165.90579,pullup_down,154
175.59113,162.37451,pullup_down,154
164.19768,166.34288,pullup_down,154
170.48384,150.69063,pullup_down,154
151.34988,152.83481,pullup_down,154
150.47972,161.27612,pullup_down,154
163.01776,164.51326,pullup_down,154
77.616516,80.770676,pullup_up,154
52.666683,71.131325,pullup_up,154
63.515816,76.61518,pullup_up,154
55.008907,71.7744,pullup_up,154
54.522198,67.79846,pullup_up,154
43.25487,66.26237,pullup_up,154
84.77527,19.35323,pullup_up,154
23.628733,19.403528,pullup_up,154
112.37914,46.085075,pullup_up,154
138.87483,45.636444,pullup_up,154
71.600296,31.024849,pullup_up,154
117.36558,25.440996,pullup_up,154
141.18645,12.943571,pullup_up,154
139.13908,32.46602,pullup_up,154
109.3983,15.882409,pullup_up,154
91.471344,57.206276,pullup_up,154
156.00655,144.78615,pullup_down,154
171.56783,136.21619,pullup_down,154
156.99734,146.46063,pullup_down,154
174.79277,164.71277,pullup_down,155
173.21883,160.16225,pullup_down,155
174.33475,165.90637,pullup_down,155
173.58374,165.41043,pullup_down,155
170.53429,153.06383,pullup_down,155
171.23567,147.8168,pullup_down,155
169.23863,145.27017,pullup_down,155
167.95824,144.58867,pullup_down,155
171.73338,156.5768,pullup_down,155
169.85913,160.01138,pullup_down,155
168.20287,153.23718,pullup_down,155
167.35367,155.55922,pullup_down,155
165.59395,138.84927,pullup_down,155
161.94093,148.64389,pullup_down,155
163.4351,162.22455,pullup_down,155
157.68407,166.03595,pullup_down,155
159.70215,163.23587,pullup_down,155
158.8182,156.61234,pullup_down,155
164.25966,150.53738,pullup_down,155
153.53676,161.5927,pullup_down,155
150.76186,158.54688,pullup_down,155
155.6361,155.62059,pullup_down,155
146.84671,154.94777,pullup_down,155
152.80193,154.71489,pullup_down,155
149.73651,151.14925,pullup_down,155
152.78763,149.11047,pullup_down,155
149.67212,155.4459,pullup_down,155
155.69771,174.02632,pullup_down,155
154.7173,148.62076,pullup_down,155
118.970634,58.183258,pullup_up,155
101.25279,54.6079,pullup_up,155
85.85378,100.08866,pullup_up,155
92.90846,94.3824,pullup_up,155
92.604126,92.92314,pullup_up,155
66.19994,52.783665,pullup_up,155
70.178566,59.59914,pullup_up,155
89.41699,52.1958,pullup_up,155
108.46114,57.523994,pullup_up,155
111.33109,58.667503,pullup_up,155
163.72534,170.42009,pullup_down,155
175.07025,174.99977,pullup_down,155
151.63892,160.55782,pullup_down,155
154.35551,162.41191,pullup_down,155
158.11565,160.69434,pullup_down,155
155.7509,165.65434,pullup_down,155
158.76875,164.495,pullup_down,155
161.51523,162.45715,pullup_down,155
161.75946,162.02893,pullup_down,155
164.12659,152.69069,pullup_down,155
166.37268,156.71643,pullup_down,155
167.87654,151.58624,pullup_down,155
169.33884,148.74312,pullup_down,155
172.99257,154.33836,pullup_down,155
171.87228,164.0439,pullup_down,155
175.47208,166.07841,pullup_down,155
174.76051,164.87924,pullup_down,155
175.06107,164.72519,pullup_down,155
176.02724,162.79556,pullup_down,155
175.80342,166.6188,pullup_down,155
176.29836,167.63039,pullup_down,155
176.39722,167.37317,pullup_down,155
174.39383,167.07503,pullup_down,155
175.62372,169.84335,pullup_down,155
173.28151,170.70593,pullup_down,155
176.46182,167.40492,pullup_down,155
176.5257,169.86238,pullup_down,155
175.79619,169.77042,pullup_down,155
175.71288,167.46025,pullup_down,155
174.43294,169.76642,pullup_down,155
171.97044,166.76248,pullup_down,155
171.24403,162.03912,pullup_down,155
170.48512,152.18404,pullup_down,155
168.44159,157.96432,pullup_down,155
166.1341,160.48045,pullup_down,155
164.81721,154.30075,pullup_down,155
163.54988,149.2298,pullup_down,155
159.14548,150.72095,pullup_down,155
157.35031,164.88753,pullup_down,155
154.71332,165.39673,pullup_down,155
151.93082,164.96352,pullup_down,155
156.68256,164.34535,pullup_down,155
144.6599,156.2123,pullup_down,155
170.17323,151.92378,pullup_down,155
148.08087,151.97122,pullup_down,155
148.73685,152.04651,pullup_down,155
149.10559,153.37804,pullup_down,155
118.76752,57.511684,pullup_up,155
103.23736,76.63707,pullup_up,155
91.560234,77.272,pullup_up,155
88.40106,96.8323,pullup_up,155
84.01547,92.11547,pullup_up,155
72.906784,75.73017,pullup_up,155
97.798035,44.289722,pullup_up,155
109.217804,46.407307,pullup_up,155
115.982315,50.22626,pullup_up,155
121.97071,52.312622,pullup_up,155
85.84867,92.0003,pullup_up,155
121.927124,62.451885,pullup_up,155
153.54994,168.24629,pullup_down,155
174.84561,167.72444,pullup_down,155
158.42743,147.61182,pullup_down,155
159.18677,178.41081,pullup_down,155
154.09206,160.02411,pullup_down,155
157.0033,163.92006,pullup_down,155
162.30344,170.0097,pullup_down,155
161.88257,159.47014,pullup_down,155
163.13231,156.19193,pullup_down,155
164.84204,146.92618,pullup_down,155
167.39307,139.86243,pullup_down,155
168.58821,132.89919,pullup_down,155
168.88809,157.49295,pullup_down,155
169.54813,160.39871,pullup_down,155
173.118,171.76183,pullup_down,155
172.31218,167.80449,pullup_down,155
153.8551,164.53714,pullup_down,156
167.33037,141.49551,pullup_down,156
167.26236,133.06334,pullup_down,156
98.37721,46.156925,pullup_up,156
98.14295,64.3117,pullup_up,156
79.65893,68.85168,pullup_up,156
67.283264,77.462776,pullup_up,156
127.48447,173.24986,pullup_down,156
148.2325,162.896,pullup_down,156
158.40666,160.43396,pullup_down,156
155.21828,149.16577,pullup_down,156
157.52937,143.7039,pullup_down,156
152.86848,155.16052,pullup_down,156
161.93697,149.75743,pullup_down,156
170.29614,140.33008,pullup_down,156
158.47412,148.8747,pullup_down,156
159.94157,152.41754,pullup_down,156
156.69159,157.9869,pullup_down,156
172.86946,165.64803,pullup_down,156
157.5045,168.27347,pullup_down,156
162.56949,157.811,pullup_down,156
154.79785,154.49219,pullup_down,156
157.91165,157.58104,pullup_down,156
161.4449,166.75081,pullup_down,156
162.74718,141.92583,pullup_down,156
167.34409,152.65036,pullup_down,156
150.59102,151.39543,pullup_down,156
24.705023,65.102,pullup_up,156
32.1055,84.589035,pullup_up,156
70.05676,69.94882,pullup_up,156
155.61066,157.40775,pullup_down,156
164.02834,145.48055,pullup_down,156
161.6656,167.32751,pullup_down,156
161.00229,167.84015,pullup_down,156
170.94193,168.79683,pullup_down,156
166.10995,140.91086,pullup_down,156
168.70134,169.15347,pullup_down,156
168.10533,155.72252,pullup_down,156
165.83842,153.72047,pullup_down,156
156.42366,153.88159,pullup_down,156
159.42387,142.22783,pullup_down,156
158.59822,151.99905,pullup_down,156
162.94092,147.58025,pullup_down,156
160.2675,156.33867,pullup_down,156
159.34846,162.12477,pullup_down,156
158.22134,156.39078,pullup_down,156
158.34418,162.49352,pullup_down,156
147.49435,177.07315,pullup_down,156
158.46716,155.95976,pullup_down,156
106.42552,73.827446,pullup_up,156
131.43187,169.12057,pullup_down,157
145.835,177.59702,pullup_down,157
155.98697,169.09988,pullup_down,157
147.68489,154.46637,pullup_down,157
155.61153,166.04446,pullup_down,157
145.67136,164.229,pullup_down,157
162.89774,165.73524,pullup_down,157
160.2485,165.21306,pullup_down,157
154.68567,169.62318,pullup_down,157
159.81097,146.48798,pullup_down,157
164.27693,167.4544,pullup_down,157
161.01172,139.52599,pullup_down,157
155.86017,175.13359,pullup_down,157
157.62979,151.3554,pullup_down,157
159.65602,166.99153,pullup_down,157
158.76003,161.50012,pullup_down,157
78.524506,85.1989,pullup_up,157
89.88229,69.44177,pullup_up,157
85.79655,101.6182,pullup_up,157
86.63518,94.40218,pullup_up,157
86.18441,98.23809,pullup_up,157
88.20906,80.64594,pullup_up,157
97.74576,88.33184,pullup_up,157
58.232925,127.26065,pullup_up,157
155.33786,147.66606,pullup_down,157
156.0253,149.70998,pullup_down,157
164.8085,176.16922,pullup_down,157
159.10507,167.63326,pullup_down,157
155.38855,160.1292,pullup_down,157
150.61038,151.7482,pullup_down,157
142.60869,159.84904,pullup_down,157
151.84233,168.09294,pullup_down,157
151.14558,155.79742,pullup_down,157
149.96538,165.15121,pullup_down,157
65.18729,119.169334,pullup_up,157
38.241634,91.86151,pullup_up,157
18.237545,111.17178,pullup_up,157
80.010086,98.61491,pullup_up,157
150.14139,156.65741,pullup_down,157
126.162155,175.57649,pullup_down,157
95.4486,46.52451,pullup_up,157
86.24261,39.27743,pullup_up,157
96.423775,85.80821,pullup_up,157
68.222336,77.85652,pullup_up,157
112.18137,47.710716,pullup_up,157
70.51233,42.386395,pullup_up,157
111.08719,50.9443,pullup_up,157
96.41296,83.75381,pullup_up,157
56.20942,110.212364,pullup_up,158
38.546276,127.33048,pullup_up,158
37.574768,90.45543,pullup_up,158
44.400154,133.34764,pullup_up,158
35.86179,124.48419,pullup_up,158
65.7358,116.50943,pullup_up,158
69.24993,73.89145,pullup_up,158
67.91412,116.8564,pullup_up,158
91.81896,76.16584,pullup_up,158
94.45101,74.06411,pullup_up,158
91.45169,75.5411,pullup_up,158
86.90803,74.11893,pullup_up,158
93.6035,71.56197,pullup_up,158
90.13978,72.79891,pullup_up,158
84.33706,74.18957,pullup_up,158
89.21093,74.58267,pullup_up,158
85.27011,73.84653,pullup_up,158
87.1926,71.921234,pullup_up,158
86.63957,77.66501,pullup_up,158
95.59245,77.01866,pullup_up,158
88.26316,83.91368,pullup_up,158
147.82275,152.48077,pullup_down,158
148.50128,157.4742,pullup_down,158
150.00912,157.20264,pullup_down,158
149.27664,160.21632,pullup_down,158
151.88806,159.01212,pullup_down,158
161.3086,163.21191,pullup_down,158
164.99411,164.5885,pullup_down,158
152.65785,174.70801,pullup_down,158
176.06909,159.75645,pullup_down,158
86.60559,100.04763,pullup_up,158
92.91678,89.51709,pullup_up,158
63.96241,96.37093,pullup_up,158
67.61964,98.898224,pullup_up,158
69.87696,104.5763,pullup_up,158
65.1604,97.21506,pullup_up,158
57.36946,104.9337,pullup_up,158
43.97552,107.883286,pullup_up,158
60.287548,100.08539,pullup_up,158
53.930435,89.52417,pullup_up,158
41.60093,95.52931,pullup_up,158
58.15687,99.025986,pullup_up,158
37.162476,97.78103,pullup_up,158
63.54738,93.54738,pullup_up,158
76.14748,102.47786,pullup_up,158
76.30469,106.660965,pullup_up,158
69.36144,104.126686,pullup_up,158
77.72877,104.96509,pullup_up,158
43.0319,102.22001,pullup_up,158
54.44432,109.6089,pullup_up,158
46.948067,104.122826,pullup_up,158
73.73595,104.27082,pullup_up,158
48.625732,101.52236,pullup_up,158
82.266975,103.56279,pullup_up,158
67.16071,101.65284,pullup_up,158
77.401344,106.91298,pullup_up,158
64.73454,105.88863,pullup_up,158
86.01302,101.65,pullup_up,158
90.093765,82.60754,pullup_up,158
98.36916,89.88757,pullup_up,158
153.98065,148.07637,pullup_down,158
155.41437,145.61832,pullup_down,158
158.16405,149.56357,pullup_down,158
161.81903,150.79321,pullup_down,158
161.36317,156.47746,pullup_down,158
158.54132,155.62364,pullup_down,158
160.5756,151.18394,pullup_down,158
153.9538,156.59181,pullup_down,158
158.27272,157.37064,pullup_down,158
156.22012,160.26479,pullup_down,158
157.54306,157.52312,pullup_down,158
158.33044,156.07892,pullup_down,158
159.36267,160.5802,pullup_down,158
158.002,156.31602,pullup_down,158
150.87302,156.65466,pullup_down,158
157.43913,159.58925,pullup_down,158
158.18828,161.61432,pullup_down,158
158.72583,158.54285,pullup_down,158
156.65979,160.00005,pullup_down,158
169.89511,165.43065,pullup_down,158
157.6121,160.41237,pullup_down,158
165.6464,172.39937,pullup_down,158
157.03183,160.13422,pullup_down,158
152.66655,158.94608,pullup_down,158
154.24957,163.2813,pullup_down,158
164.11526,166.19469,pullup_down,158
152.84322,156.14497,pullup_down,158
156.95172,154.71776,pullup_down,158
155.31046,155.67845,pullup_down,158
160.59056,154.7378,pullup_down,158
157.8714,155.66243,pullup_down,158
166.03773,157.26447,pullup_down,158
154.96582,153.85297,pullup_down,158
154.93141,155.75702,pullup_down,158
155.67369,156.46121,pullup_down,158
160.68063,156.76196,pullup_down,158
154.7495,155.53201,pullup_down,158
156.9289,151.39897,pullup_down,158
164.58304,155.85448,pullup_down,158
151.73517,155.37646,pullup_down,158
152.24629,154.47234,pullup_down,158
157.05412,151.67645,pullup_down,158
153.97633,150.9652,pullup_down,158
153.22343,147.3751,pullup_down,158
147.33714,153.28603,pullup_down,158
101.07983,86.24526,pullup_up,158
98.442375,88.77292,pullup_up,158
94.03525,86.30852,pullup_up,158
68.09299,92.55412,pullup_up,158
89.51508,94.452194,pullup_up,158
78.20351,89.195595,pullup_up,158
72.86336,96.02721,pullup_up,158
38.54708,74.49999,pullup_up,158
63.81474,80.72984,pullup_up,158
74.01626,89.37488,pullup_up,158
66.95517,83.89364,pullup_up,158
70.44877,76.53888,pullup_up,158
82.32931,89.944,pullup_up,158
87.51236,92.82246,pullup_up,158
63.668507,96.846245,pullup_up,158
77.61383,93.499275,pullup_up,158
75.68086,95.89515,pullup_up,158
82.25303,95.60801,pullup_up,158
73.38243,93.63935,pullup_up,158
79.276024,86.808014,pullup_up,158
79.47424,90.951355,pullup_up,158
68.66908,84.51478,pullup_up,158
76.28436,97.34494,pullup_up,158
73.05199,89.04167,pullup_up,158
79.77352,88.17901,pullup_up,158
80.92845,88.280914,pullup_up,158
80.09176,102.528114,pullup_up,158
81.672935,96.1821,pullup_up,158
71.87107,97.59326,pullup_up,158
74.29386,84.768005,pullup_up,158
76.1718,90.956474,pullup_up,158
68.33881,92.3315,pullup_up,158
83.44644,93.68089,pullup_up,158
89.22794,87.081406,pullup_up,158
90.41514,83.05733,pullup_up,158
87.68908,93.24528,pullup_up,158
92.39666,88.67523,pullup_up,158
94.37723,84.19892,pullup_up,158
87.38264,102.3703,pullup_up,158
72.07158,108.828926,pullup_up,158
162.33322,144.24605,pullup_down,158
158.2615,149.52783,pullup_down,158
161.0695,149.32721,pullup_down,158
165.1218,153.76843,pullup_down,158
161.35211,151.39856,pullup_down,158
157.35748,149.04704,pullup_down,158
164.21277,153.89006,pullup_down,158
165.26334,160.40228,pullup_down,158
146.25316,166.2321,pullup_down,159
93.82244,82.73817,pullup_up,159
86.09337,82.16831,pullup_up,159
108.04381,79.231224,pullup_up,159
106.23206,71.13477,pullup_up,159
63.18456,69.11708,pullup_up,159
83.02384,63.11393,pullup_up,159
63.69754,69.843315,pullup_up,159
66.67936,53.07963,pullup_up,159
79.466484,71.04747,pullup_up,159
84.623726,81.94749,pullup_up,159
92.05832,84.391075,pullup_up,159
81.57065,89.093124,pullup_up,159
139.16505,162.40161,pullup_down,159
144.59007,170.5374,pullup_down,159
147.11304,169.00714,pullup_down,159
151.34001,172.04974,pullup_down,159
152.8411,171.50726,pullup_down,159
153.20682,156.48752,pullup_down,159
153.982,159.94972,pullup_down,159
137.64308,169.59877,pullup_down,159
136.89452,169.88528,pullup_down,159
169.71057,137.5845,pullup_down,159
160.34521,163.46115,pullup_down,159
147.97945,167.71378,pullup_down,159
157.28677,170.1031,pullup_down,159
144.91666,157.88861,pullup_down,159
144.68167,166.85046,pullup_down,159
139.467,176.42938,pullup_down,159
152.18933,174.8503,pullup_down,159
140.13979,168.47762,pullup_down,159
100.68964,89.2251,pullup_up,159
84.433685,81.93215,pullup_up,159
59.16298,76.322914,pullup_up,159
71.29242,74.20597,pullup_up,159
69.40271,81.17321,pullup_up,159
94.223,81.91375,pullup_up,159
101.39331,82.96185,pullup_up,159
67.64857,81.988556,pullup_up,159
80.03505,86.079346,pullup_up,159
52.463013,83.77395,pullup_up,159
78.73721,82.67317,pullup_up,159
49.83841,86.264565,pullup_up,159
50.197742,93.69775,pullup_up,159
46.624863,88.660324,pullup_up,159
53.31794,86.352554,pullup_up,159
24.709093,100.31387,pullup_up,159
31.822437,87.12784,pullup_up,159
58.498226,125.24911,pullup_up,159
30.82125,82.800285,pullup_up,159
24.44633,37.809372,pullup_up,159
74.80594,100.99227,pullup_up,159
26.253355,86.3006,pullup_up,159
77.052124,85.34934,pullup_up,159
75.83263,76.43908,pullup_up,159
75.42362,75.553215,pullup_up,159
106.519585,82.59219,pullup_up,159
96.41946,86.31446,pullup_up,159
154.89432,153.33487,pullup_down,159
143.00056,161.56993,pullup_down,159
142.8194,167.6713,pullup_down,159
141.54082,158.80978,pullup_down,159
145.48656,169.1802,pullup_down,159
140.52814,171.51894,pullup_down,159
131.04233,169.52159,pullup_down,159
49.901997,61.25001,pullup_up,160
160.69565,156.41396,pullup_down,160
81.157265,58.44618,pullup_up,160
152.49266,171.19714,pullup_down,160
157.89832,166.18361,pullup_down,160
159.31348,168.76935,pullup_down,160
143.42279,165.27298,pullup_down,160
153.61864,163.92946,pullup_down,160
137.70532,163.90366,pullup_down,160
150.30884,169.61575,pullup_down,160
163.66415,169.85977,pullup_down,160
163.56566,168.98822,pullup_down,160
171.99922,166.65567,pullup_down,160
166.72305,168.56056,pullup_down,160
166.74147,155.58087,pullup_down,160
73.16415,86.03387,pullup_up,160
170.49446,156.00487,pullup_down,160
170.27222,131.85709,pullup_down,160
151.15807,158.4153,pullup_down,160
84.14243,100.00647,pullup_up,160
60.990047,122.95154,pullup_up,160
170.54298,148.16805,pullup_down,160
149.21976,164.07007,pullup_down,160
137.09233,172.24706,pullup_down,160
151.61157,162.81718,pullup_down,160
142.18893,166.86224,pullup_down,160
140.028,177.24066,pullup_down,160
124.43368,175.6372,pullup_down,160
141.68921,159.26999,pullup_down,160
145.94785,169.16643,pullup_down,160
53.424446,126.09273,pullup_up,160
163.8793,146.30814,pullup_down,160
169.39796,143.18788,pullup_down,160
163.97371,150.51578,pullup_down,160
94.60565,83.11496,pullup_up,160
82.536766,74.89278,pullup_up,161
71.94004,63.788445,pullup_up,161
86.290794,78.83754,pullup_up,161
77.49148,74.653496,pullup_up,161
68.41364,62.9576,pullup_up,161
54.54917,83.31317,pullup_up,161
47.918667,88.316414,pullup_up,161
56.63342,80.72637,pullup_up,161
34.47802,68.68635,pullup_up,161
64.94636,53.51067,pullup_up,161
27.440788,60.991768,pullup_up,161
32.44822,68.75886,pullup_up,161
35.39699,65.17838,pullup_up,161
37.876045,82.8832,pullup_up,161
39.333225,87.57233,pullup_up,161
41.873444,85.35552,pullup_up,161
64.24624,89.58526,pullup_up,161
85.48888,100.62216,pullup_up,161
81.28134,99.69256,pullup_up,161
84.44026,105.355835,pullup_up,161
122.75896,65.9632,pullup_up,161
46.8785,59.38687,pullup_up,161
96.337234,63.918602,pullup_up,161
99.03944,61.17208,pullup_up,161
95.10751,59.34741,pullup_up,161
73.20598,49.70461,pullup_up,161
74.16484,62.26265,pullup_up,161
76.80635,34.941624,pullup_up,161
75.81089,76.33363,pullup_up,161
83.64298,77.46342,pullup_up,161
90.844925,81.40101,pullup_up,161
94.77406,77.73801,pullup_up,161
99.89682,68.179146,pullup_up,161
56.886547,92.42346,pullup_up,161
59.31456,92.83189,pullup_up,161
89.121124,51.91522,pullup_up,161
81.83516,75.93129,pullup_up,161
100.04317,76.56998,pullup_up,161
103.27957,74.61436,pullup_up,161
65.29771,63.028988,pullup_up,161
110.91658,70.003,pullup_up,161
103.077286,72.86736,pullup_up,161
101.41044,83.19659,pullup_up,161
38.151627,65.57092,pullup_up,161
100.79884,69.19588,pullup_up,161
96.25049,56.598328,pullup_up,161
83.10535,81.72712,pullup_up,161
87.40534,72.77943,pullup_up,161
72.52559,70.794136,pullup_up,161
85.512886,61.770737,pullup_up,161
85.39409,76.0043,pullup_up,161
91.37027,61.20847,pullup_up,161
101.42265,35.015118,pullup_up,161
107.588745,50.293304,pullup_up,161
105.51233,71.063385,pullup_up,161
111.00433,50.35686,pullup_up,161
113.69637,60.085793,pullup_up,161
115.417854,70.61023,pullup_up,161
102.9398,73.3403,pullup_up,161
109.352165,80.39994,pullup_up,161
84.552704,85.73295,pullup_up,161
90.73074,93.3078,pullup_up,161
72.03511,80.138985,pullup_up,161
48.418365,49.28818,pullup_up,161
29.572262,46.26504,pullup_up,161
54.01565,62.3888,pullup_up,161
105.97194,38.05002,pullup_up,161
90.55308,71.18772,pullup_up,161
89.318985,41.477505,pullup_up,161
92.3765,82.59666,pullup_up,161
97.85468,76.28947,pullup_up,161
99.586,51.968754,pullup_up,161
80.3196,71.27519,pullup_up,161
89.75413,74.03789,pullup_up,161
109.94474,67.28316,pullup_up,161
64.73113,53.966446,pullup_up,161
63.131702,61.547028,pullup_up,161
80.45144,70.94973,pullup_up,161
90.96385,89.86188,pullup_up,161
54.246143,78.033,pullup_up,161
76.08012,89.8892,pullup_up,161
44.671455,91.51584,pullup_up,161
61.440937,79.84744,pullup_up,161
94.498146,84.31494,pullup_up,161
116.98844,67.62458,pullup_up,161
120.27579,54.129307,pullup_up,161
120.48848,60.590775,pullup_up,161
99.050606,68.2123,pullup_up,161
94.59157,73.792534,pullup_up,161
102.64327,60.939907,pullup_up,161
104.295906,79.299995,pullup_up,161
90.553955,84.23831,pullup_up,161
97.71237,35.947475,pullup_up,161
104.681526,61.50374,pullup_up,161
95.46295,89.89176,pullup_up,161
107.91326,77.58181,pullup_up,161
86.31054,50.595787,pullup_up,161
103.84103,57.816647,pullup_up,161
80.125244,65.41312,pullup_up,161
89.107254,89.124596,pullup_up,161
79.14487,55.94441,pullup_up,161
91.793724,84.251564,pullup_up,161
89.41309,99.42239,pullup_up,161
84.16237,100.24133,pullup_up,162
87.95794,96.34044,pullup_up,162
83.0617,97.98273,pullup_up,162
86.600075,99.84337,pullup_up,162
86.34352,98.571785,pullup_up,162
84.54097,99.71866,pullup_up,162
86.8535,102.35855,pullup_up,162
141.30144,160.35909,pullup_down,162
139.59976,162.13065,pullup_down,162
84.14952,105.836655,pullup_up,162
84.684746,104.21096,pullup_up,162
83.236374,101.21512,pullup_up,162
87.947105,91.17771,pullup_up,162
87.10855,96.40941,pullup_up,162
86.96757,93.27845,pullup_up,162
85.212906,91.868744,pullup_up,162
82.12999,86.232315,pullup_up,162
79.81997,81.59355,pullup_up,162
86.53451,94.242615,pullup_up,162
86.57304,92.381775,pullup_up,162
87.412315,93.46415,pullup_up,162
89.32316,93.977516,pullup_up,162
86.45276,87.07467,pullup_up,162
84.61597,94.90079,pullup_up,162
86.373245,100.264114,pullup_up,162
85.68217,98.42875,pullup_up,162
139.77057,166.56676,pullup_down,162
87.016495,97.66045,pullup_up,162
85.52543,100.34615,pullup_up,162
87.158875,101.62044,pullup_up,162
87.5381,90.2006,pullup_up,162
86.11322,91.25086,pullup_up,162
88.09949,90.025475,pullup_up,162
87.48623,93.74778,pullup_up,162
87.45909,93.45822,pullup_up,162
89.566795,97.12405,pullup_up,162
93.519806,95.508705,pullup_up,162
87.054115,100.62976,pullup_up,162
87.94396,96.29597,pullup_up,162
84.91196,95.67093,pullup_up,162
90.374146,98.337204,pullup_up,162
86.83313,98.03097,pullup_up,162
93.84321,95.14122,pullup_up,162
90.939514,93.233574,pullup_up,162
88.82395,91.01601,pullup_up,162
89.08563,97.72964,pullup_up,162
90.56582,97.6239,pullup_up,162
139.33621,165.94646,pullup_down,163
142.27818,165.68404,pullup_down,163
149.71844,152.59254,pullup_down,163
150.39127,150.53052,pullup_down,163
146.92804,154.41362,pullup_down,163
142.20094,160.78975,pullup_down,163
141.1893,160.82744,pullup_down,163
145.3544,162.22986,pullup_down,163
74.390335,96.86448,pullup_up,163
138.78278,170.93257,pullup_down,163
149.36641,155.8694,pullup_down,163
155.51978,158.32999,pullup_down,164
157.68594,156.26862,pullup_down,164
150.39288,155.80429,pullup_down,164
153.14316,148.11243,pullup_down,164
157.6204,147.84012,pullup_down,164
152.2093,148.99457,pullup_down,164
151.922,151.68114,pullup_down,164
147.65887,152.67924,pullup_down,164
104.43732,54.904903,pullup_up,164
108.115944,50.14693,pullup_up,164
108.74101,43.6602,pullup_up,164
97.8068,42.30343,pullup_up,164
109.67374,47.1475,pullup_up,164
123.022545,53.11866,pullup_up,164
150.7511,150.63698,pullup_down,164
153.939,147.98637,pullup_down,164
160.0151,150.51938,pullup_down,164
162.66698,153.93378,pullup_down,164
165.13712,162.01952,pullup_down,164
159.85934,154.71579,pullup_down,164
168.01707,155.66974,pullup_down,164
167.1585,158.34515,pullup_down,164
165.33963,154.01747,pullup_down,164
162.16318,159.36302,pullup_down,164
165.63448,163.65317,pullup_down,164
166.06197,155.82594,pullup_down,164
169.81978,170.48175,pullup_down,164
169.42473,171.29903,pullup_down,164
159.7329,168.4438,pullup_down,164
160.7117,166.35509,pullup_down,164
160.24628,157.56685,pullup_down,164
154.22176,159.69745,pullup_down,164
157.65723,151.4861,pullup_down,164
155.8527,144.71988,pullup_down,164
157.45055,153.72794,pullup_down,164
145.75604,165.07185,pullup_down,164
149.45937,156.65216,pullup_down,164
131.02145,58.52636,pullup_up,164
124.95371,55.836315,pullup_up,164
116.58866,50.589157,pullup_up,164
116.05864,68.879425,pullup_up,164
117.417694,50.73972,pullup_up,164
111.641884,39.783817,pullup_up,164
101.99599,39.631084,pullup_up,164
101.20003,35.076588,pullup_up,164
104.97071,45.593895,pullup_up,164
110.23372,31.267553,pullup_up,164
116.09647,53.542675,pullup_up,164
123.24495,53.176754,pullup_up,164
123.731026,60.019848,pullup_up,164
118.59848,62.632298,pullup_up,164
126.54038,48.264614,pullup_up,164
125.265884,50.175426,pullup_up,164
147.19612,154.34631,pullup_down,164
153.79053,147.60696,pullup_down,164
163.16228,156.23398,pullup_down,164
161.38297,154.6641,pullup_down,164
160.18874,147.16524,pullup_down,164
163.77646,153.76492,pullup_down,164
167.829,157.3313,pullup_down,164
167.28807,159.42838,pullup_down,164
170.90488,169.03857,pullup_down,164
168.95499,168.79378,pullup_down,164
165.59096,171.6986,pullup_down,164
168.54602,178.39537,pullup_down,164
161.14238,155.1982,pullup_down,164
160.02844,152.2495,pullup_down,164
162.7271,175.50922,pullup_down,164
160.86214,151.14957,pullup_down,164
157.90494,145.26826,pullup_down,164
152.1419,149.39122,pullup_down,164
144.26132,156.47272,pullup_down,164
151.13576,149.68117,pullup_down,164
149.523,156.2877,pullup_down,164
151.88081,152.66864,pullup_down,164
148.10614,161.40088,pullup_down,164
147.5374,157.49629,pullup_down,164
144.0546,161.69392,pullup_down,164
119.93899,66.14714,pullup_up,164
103.52309,64.11295,pullup_up,164
109.57925,78.06026,pullup_up,164
94.40081,41.36798,pullup_up,164
108.10511,57.62426,pullup_up,164
106.063965,57.32031,pullup_up,164
109.9114,70.843155,pullup_up,164
104.81284,68.88989,pullup_up,164
109.37524,52.476624,pullup_up,164
106.34676,61.237602,pullup_up,164
152.46017,151.96165,pullup_down,164
154.39522,159.61543,pullup_down,164
150.03242,155.76082,pullup_down,164
152.5369,155.8524,pullup_down,164
147.37726,159.36145,pullup_down,164
150.89656,157.0283,pullup_down,164
152.45023,159.1179,pullup_down,164
154.79652,149.36263,pullup_down,164
160.36858,172.5389,pullup_down,164
158.68567,166.33499,pullup_down,164
155.38847,161.53314,pullup_down,164
159.16498,168.37709,pullup_down,164
159.92984,168.71005,pullup_down,164
160.75056,170.15096,pullup_down,164
160.1767,166.27281,pullup_down,164
158.63107,169.53485,pullup_down,164
160.13597,170.05669,pullup_down,164
159.52855,171.45688,pullup_down,164
164.94316,167.46375,pullup_down,164
159.23572,173.90567,pullup_down,164
167.24141,156.07669,pullup_down,164
145.3859,156.24274,pullup_down,165
149.36629,156.86594,pullup_down,165
152.2209,156.7077,pullup_down,165
149.08363,156.22752,pullup_down,165
150.33727,153.46507,pullup_down,165
121.598755,56.56226,pullup_up,165
85.93806,91.986595,pullup_up,165
151.87267,154.36282,pullup_down,166
139.58269,168.58684,pullup_down,166
137.20465,169.1424,pullup_down,166
142.87157,161.16046,pullup_down,166
152.36871,166.1288,pullup_down,166
138.62122,173.42397,pullup_down,166
167.99254,171.84593,pullup_down,166
154.40622,150.49289,pullup_down,166
159.84282,158.92549,pullup_down,166
149.5592,152.94467,pullup_down,166
149.0144,154.1209,pullup_down,166
148.49896,155.93822,pullup_down,166
138.92743,164.6331,pullup_down,166
144.74364,158.8309,pullup_down,166
150.17113,155.855,pullup_down,166
161.71736,164.03862,pullup_down,166
144.6973,174.90688,pullup_down,166
128.87454,173.54727,pullup_down,166
140.3697,168.37675,pullup_down,166
142.65527,177.96432,pullup_down,166
154.94806,149.92146,pullup_down,166
152.6018,158.55669,pullup_down,166
153.72406,153.36272,pullup_down,166
156.2714,149.09644,pullup_down,166
155.86603,148.3639,pullup_down,166
134.67426,167.89476,pullup_down,166
159.48572,163.61894,pullup_down,166
164.79301,162.98457,pullup_down,166
163.54675,162.7327,pullup_down,166
152.42734,153.87708,pullup_down,166
156.71056,162.21487,pullup_down,166
144.23453,159.08774,pullup_down,166
146.05534,159.56712,pullup_down,166
52.579777,129.10295,pullup_up,166
142.89728,164.56635,pullup_down,166
152.30194,148.30061,pullup_down,166
157.1551,164.52625,pullup_down,166
146.42899,159.64705,pullup_down,166
152.32857,163.93297,pullup_down,166
157.24075,165.5748,pullup_down,166
159.24696,166.76222,pullup_down,166
152.55714,175.38232,pullup_down,166
141.88058,161.74635,pullup_down,166
140.77214,163.0311,pullup_down,166
150.0427,155.95993,pullup_down,166
156.27882,158.44351,pullup_down,166
154.14537,153.1409,pullup_down,166
157.9061,154.32246,pullup_down,166
154.58572,149.28651,pullup_down,166
135.67717,168.88452,pullup_down,166
145.81897,169.6905,pullup_down,166
150.45694,168.09254,pullup_down,166
143.03104,162.56332,pullup_down,166
139.60728,161.06808,pullup_down,166
156.40062,168.28923,pullup_down,166
150.8448,166.45158,pullup_down,166
149.54048,155.51952,pullup_down,166
170.78482,166.76297,pullup_down,166
158.69925,157.2406,pullup_down,166
160.1103,157.26143,pullup_down,166
154.63101,154.32681,pullup_down,166
154.7233,157.5477,pullup_down,166
158.28064,153.49869,pullup_down,166
154.5361,148.60318,pullup_down,166
141.01988,161.19928,pullup_down,166
154.39055,166.34982,pullup_down,166
140.81546,162.96942,pullup_down,166
150.67522,161.25703,pullup_down,166
157.67702,161.99031,pullup_down,166
153.74094,164.56636,pullup_down,166
161.27248,165.78117,pullup_down,166
155.6667,163.20766,pullup_down,166
166.64081,171.90524,pullup_down,166
158.48975,159.05504,pullup_down,166
161.83655,157.95404,pullup_down,166
156.45967,155.49553,pullup_down,166
148.04015,156.9115,pullup_down,166
151.12784,150.50084,pullup_down,166
142.1634,165.81859,pullup_down,166
146.19363,165.38849,pullup_down,166
162.18323,167.53406,pullup_down,166
159.34204,164.32373,pullup_down,166
164.15063,160.22775,pullup_down,166
165.70743,162.86493,pullup_down,166
149.71992,160.31633,pullup_down,166
161.35687,160.71855,pullup_down,166
154.03673,150.34213,pullup_down,166
140.78339,162.47656,pullup_down,166
153.81207,155.91606,pullup_down,166
140.93936,166.26889,pullup_down,166
153.5872,166.9041,pullup_down,166
149.14796,165.24234,pullup_down,166
155.73106,155.84166,pullup_down,166
160.74454,159.62811,pullup_down,166
159.13626,160.16582,pullup_down,166
154.56836,159.37163,pullup_down,166
147.49904,156.66594,pullup_down,166
148.86812,164.14552,pullup_down,166
146.2969,158.14787,pullup_down,166
156.31834,160.3163,pullup_down,166
155.50804,155.44176,pullup_down,166
143.56741,168.63857,pullup_down,166
152.99892,147.39507,pullup_down,166
149.91573,166.45004,pullup_down,166
161.4832,141.24689,pullup_down,166
148.2327,165.20547,pullup_down,166
140.69688,160.67339,pullup_down,166
154.23839,165.12679,pullup_down,166
167.27585,148.36644,pullup_down,166
157.68068,142.38255,pullup_down,166
161.15318,152.0614,pullup_down,166
159.86824,157.60033,pullup_down,166
155.11314,154.33318,pullup_down,166
152.75476,155.87012,pullup_down,166
151.81999,157.74174,pullup_down,166
140.44778,167.67653,pullup_down,166
151.77998,166.86075,pullup_down,166
155.81949,166.91714,pullup_down,166
162.7137,161.70523,pullup_down,166
167.79309,163.6139,pullup_down,166
169.63528,162.90945,pullup_down,166
170.23122,157.44719,pullup_down,166
168.24103,162.25899,pullup_down,166
165.27592,163.91487,pullup_down,166
155.67667,157.70523,pullup_down,166
149.14558,153.44717,pullup_down,166
155.57576,154.37836,pullup_down,166
158.24452,159.08394,pullup_down,166
151.07675,160.38068,pullup_down,166
150.28502,156.656,pullup_down,166
148.49994,158.89201,pullup_down,166
151.99147,159.1866,pullup_down,166
142.3863,167.44861,pullup_down,166
162.72473,159.56299,pullup_down,166
158.69466,164.37645,pullup_down,166
157.93085,160.23276,pullup_down,166
169.20023,168.67393,pullup_down,166
150.87337,177.19675,pullup_down,166
159.22404,164.0786,pullup_down,166
165.39496,165.40826,pullup_down,166
149.69193,151.58876,pullup_down,166
151.71884,157.1245,pullup_down,166
151.0839,154.84227,pullup_down,166
150.13432,151.46793,pullup_down,166
159.1317,165.93623,pullup_down,166
164.01726,172.23329,pullup_down,166
143.92876,161.93295,pullup_down,166
167.44098,169.06348,pullup_down,166
159.7415,168.18108,pullup_down,166
168.93483,158.14897,pullup_down,166
166.95705,174.09517,pullup_down,166
153.02823,152.80087,pullup_down,166
151.22015,158.69185,pullup_down,166
149.94016,154.43709,pullup_down,166
146.20139,154.75244,pullup_down,166
153.46306,162.65904,pullup_down,166
158.64037,169.1559,pullup_down,166
160.60823,166.8561,pullup_down,166
159.61334,173.81473,pullup_down,166
168.19078,165.52206,pullup_down,166
151.49966,149.38347,pullup_down,167
150.73676,160.64137,pullup_down,167
153.80843,154.10352,pullup_down,167
159.13445,148.85448,pullup_down,167
159.4834,148.30403,pullup_down,167
155.77629,145.70169,pullup_down,167
86.771,93.359825,pullup_up,167
76.9253,99.27429,pullup_up,167
83.8092,101.27442,pullup_up,167
81.85044,103.46457,pullup_up,167
80.011314,103.14319,pullup_up,167
73.62412,103.02855,pullup_up,167
74.29253,100.411766,pullup_up,167
73.48607,101.43185,pullup_up,167
74.35539,98.51618,pullup_up,167
79.25566,102.085754,pullup_up,167
84.02024,103.20182,pullup_up,167
83.73762,85.53907,pullup_up,167
86.26879,84.93734,pullup_up,167
148.96004,151.44289,pullup_down,167
152.555,151.34502,pullup_down,167
157.86876,152.81825,pullup_down,167
155.27443,155.58208,pullup_down,167
162.69853,151.91219,pullup_down,167
154.32332,159.11618,pullup_down,167
156.28021,159.97673,pullup_down,167
159.29149,163.09593,pullup_down,167
161.20567,164.47368,pullup_down,167
156.69496,167.1918,pullup_down,167
155.145,161.7316,pullup_down,167
159.5608,162.9779,pullup_down,167
164.18083,164.07431,pullup_down,167
162.71318,162.40448,pullup_down,167
158.46095,164.22263,pullup_down,167
158.51266,164.8669,pullup_down,167
158.41153,162.28014,pullup_down,167
158.09032,162.69705,pullup_down,167
156.37689,164.22905,pullup_down,167
151.37148,165.33774,pullup_down,167
162.58421,166.81583,pullup_down,167
158.6295,164.26202,pullup_down,167
161.24466,160.98094,pullup_down,167
161.08221,164.82506,pullup_down,167
157.22209,159.19157,pullup_down,167
156.5115,149.61676,pullup_down,167
149.27818,152.56659,pullup_down,168
152.39674,150.40196,pullup_down,168
159.85695,142.77785,pullup_down,168
157.68747,142.97183,pullup_down,168
162.98224,157.93794,pullup_down,168
158.9885,152.35484,pullup_down,168
159.37819,161.79536,pullup_down,168
162.66913,163.31123,pullup_down,168
163.60457,162.88968,pullup_down,168
163.85869,162.0902,pullup_down,168
158.31453,157.26086,pullup_down,168
156.02434,150.42026,pullup_down,168
155.49586,151.70802,pullup_down,168
158.73473,153.00945,pullup_down,168
161.21709,159.01907,pullup_down,168
162.3288,163.12323,pullup_down,168
163.80711,164.88046,pullup_down,168
164.98907,164.98434,pullup_down,168
164.66817,161.31363,pullup_down,168
162.65074,162.09738,pullup_down,168
165.01353,164.8261,pullup_down,168
167.39319,164.50142,pullup_down,168
163.7783,163.96158,pullup_down,168
162.80144,158.77036,pullup_down,168
164.61575,163.23203,pullup_down,168
165.54642,164.16483,pullup_down,168
163.56438,164.2097,pullup_down,168
164.33708,163.2037,pullup_down,168
162.20172,164.27676,pullup_down,168
160.85893,159.6848,pullup_down,168
158.74977,156.1851,pullup_down,168
155.92401,149.8444,pullup_down,168
153.07033,150.75787,pullup_down,168
155.9861,155.81822,pullup_down,168
163.21698,162.27583,pullup_down,168
162.7977,163.37817,pullup_down,168
162.6445,162.94226,pullup_down,168
164.2453,163.68976,pullup_down,168
164.3275,164.77681,pullup_down,168
165.9228,164.2773,pullup_down,168
161.83023,161.72127,pullup_down,168
162.33539,162.89075,pullup_down,168
162.03726,162.98273,pullup_down,168
161.95966,161.47437,pullup_down,168
163.2926,161.71585,pullup_down,168
160.69897,161.08331,pullup_down,168
160.07474,158.46645,pullup_down,168
157.0438,155.07137,pullup_down,168
162.8406,161.38539,pullup_down,168
166.87662,163.93054,pullup_down,168
163.89206,165.0073,pullup_down,168
162.09946,163.87897,pullup_down,168
161.93085,163.14581,pullup_down,168
163.14769,162.72234,pullup_down,168
163.66907,163.42094,pullup_down,168
161.3432,161.88792,pullup_down,168
163.69348,163.03084,pullup_down,168
166.2518,165.45323,pullup_down,168
164.93806,165.24498,pullup_down,168
164.92747,164.00722,pullup_down,168
162.21925,162.24648,pullup_down,168
158.485,157.84732,pullup_down,168
155.11046,151.27055,pullup_down,168
155.19843,152.08604,pullup_down,168
155.38783,155.086,pullup_down,168
162.31636,162.50749,pullup_down,168
162.16801,163.19223,pullup_down,168
164.24634,165.68044,pullup_down,168
164.0467,162.93945,pullup_down,168
159.9866,162.3118,pullup_down,168
164.93314,158.73083,pullup_down,168
157.71481,151.64574,pullup_down,168
160.21144,159.55487,pullup_down,168
160.80255,158.8874,pullup_down,168
164.03133,164.30963,pullup_down,168
160.99081,164.62584,pullup_down,168
164.34541,165.10881,pullup_down,168
163.63536,163.61139,pullup_down,168
161.51372,161.72655,pullup_down,168
159.93552,157.59729,pullup_down,168
153.95837,152.43866,pullup_down,168
155.37247,152.39398,pullup_down,168
157.03786,155.60727,pullup_down,168
162.18747,161.9381,pullup_down,168
165.5192,164.26065,pullup_down,168
164.59222,164.39003,pullup_down,168
164.71494,163.32095,pullup_down,168
163.48534,162.47229,pullup_down,168
163.66927,163.28217,pullup_down,168
163.45308,163.25284,pullup_down,168
163.05821,162.70169,pullup_down,168
163.48878,163.70403,pullup_down,168
161.37302,164.11087,pullup_down,168
163.73398,165.05434,pullup_down,168
162.9521,161.18439,pullup_down,168
161.03601,159.58546,pullup_down,168
156.13501,155.10744,pullup_down,168
152.62244,149.17163,pullup_down,168
152.32536,148.25562,pullup_down,168
153.26102,151.50496,pullup_down,168
159.59256,158.33492,pullup_down,168
162.37712,160.78015,pullup_down,168
163.55339,164.49277,pullup_down,168
163.48792,162.67862,pullup_down,168
168.29176,173.20634,pullup_down,169
164.03079,174.1859,pullup_down,169
165.57066,173.12224,pullup_down,169
168.35732,174.35739,pullup_down,169
161.59433,173.80634,pullup_down,169
160.53802,172.8182,pullup_down,169
161.51141,171.52751,pullup_down,169
158.09367,171.56807,pullup_down,169
159.96178,169.79137,pullup_down,169
158.13387,165.96703,pullup_down,169
155.62299,165.64641,pullup_down,169
153.77858,165.0913,pullup_down,169
153.35707,164.3899,pullup_down,169
156.06601,162.6565,pullup_down,169
151.28732,162.38013,pullup_down,169
148.7046,159.49182,pullup_down,169
148.61963,156.05269,pullup_down,169
147.88315,155.22612,pullup_down,169
146.9875,159.36761,pullup_down,169
150.87488,160.0885,pullup_down,169
149.9182,164.12642,pullup_down,169
150.4245,165.67169,pullup_down,169
154.80417,166.15811,pullup_down,169
154.22142,167.00131,pullup_down,169
157.96855,167.47314,pullup_down,169
158.3687,167.9371,pullup_down,169
160.80162,167.07904,pullup_down,169
158.7129,169.9746,pullup_down,169
160.38176,170.6412,pullup_down,169
160.43521,170.30481,pullup_down,169
168.39484,169.02415,pullup_down,169
164.25153,174.32549,pullup_down,169
166.58891,174.69481,pullup_down,169
161.71918,175.95526,pullup_down,169
161.1899,175.58554,pullup_down,169
167.75224,175.56062,pullup_down,169
169.57802,176.73462,pullup_down,169
167.50446,175.33064,pullup_down,169
160.3889,177.1036,pullup_down,169
164.74236,174.2549,pullup_down,169
167.36183,173.78505,pullup_down,169
169.11559,177.0409,pullup_down,169
165.60762,178.51614,pullup_down,169
167.58833,176.74628,pullup_down,169
167.78174,173.17863,pullup_down,169
171.58212,175.82767,pullup_down,169
169.01775,172.61482,pullup_down,169
174.92252,177.8496,pullup_down,169
172.94247,177.04195,pullup_down,169
176.64572,174.66971,pullup_down,169
176.32033,177.62437,pullup_down,169
177.9727,172.04482,pullup_down,169
167.36307,178.47517,pullup_down,169
165.77974,176.79794,pullup_down,169
168.40216,179.10452,pullup_down,169
164.31764,177.09146,pullup_down,169
164.67276,171.98354,pullup_down,169
173.05078,173.60907,pullup_down,169
170.63858,172.31131,pullup_down,169
170.93118,172.0003,pullup_down,169
164.45613,171.50562,pullup_down,169
168.83714,172.23611,pullup_down,169
165.69728,176.99756,pullup_down,169
164.41945,177.96884,pullup_down,169
165.29224,177.39224,pullup_down,169
164.0683,175.64359,pullup_down,169
159.41605,174.33005,pullup_down,169
165.9135,178.66469,pullup_down,169
164.95372,179.7569,pullup_down,169
161.82224,178.26866,pullup_down,169
164.0241,176.07877,pullup_down,169
165.85503,178.72958,pullup_down,169
166.0061,177.37445,pullup_down,169
165.35089,177.7103,pullup_down,169
165.11363,177.59148,pullup_down,169
173.90747,178.29968,pullup_down,169
169.33191,171.81924,pullup_down,169
171.05219,175.37402,pullup_down,169
168.31665,177.45331,pullup_down,169
176.77267,175.08154,pullup_down,169
172.16107,178.0,pullup_down,169
172.31241,177.94823,pullup_down,169
169.18887,177.35387,pullup_down,169
161.51813,175.36961,pullup_down,169
165.0066,178.02255,pullup_down,169
168.44885,178.09166,pullup_down,169
168.50052,177.82011,pullup_down,169
166.67868,177.1009,pullup_down,169
169.68073,177.46031,pullup_down,169
165.99583,177.50345,pullup_down,169
173.09065,176.36292,pullup_down,169
168.6836,177.3339,pullup_down,169
171.81137,176.18945,pullup_down,169
172.0447,174.09657,pullup_down,169
170.23788,174.60263,pullup_down,169
172.54938,176.64548,pullup_down,169
172.15314,173.5165,pullup_down,169
172.61852,177.72255,pullup_down,169
172.6563,174.71605,pullup_down,169
174.54004,177.26411,pullup_down,169
173.8606,174.07642,pullup_down,169
174.11046,177.98976,pullup_down,169
172.10092,178.83163,pullup_down,169
172.07196,171.88391,pullup_down,169
173.85895,170.9277,pullup_down,169
169.97058,175.5802,pullup_down,169
171.01817,177.56288,pullup_down,169
171.47305,175.54446,pullup_down,169
173.9252,170.47786,pullup_down,169
174.27159,172.5042,pullup_down,169
171.8912,172.22183,pullup_down,169
172.68108,177.15662,pullup_down,169
170.33412,174.90164,pullup_down,169
169.51048,172.03322,pullup_down,169
172.61823,170.44662,pullup_down,169
170.07161,175.49948,pullup_down,169
172.74127,176.52756,pullup_down,169
171.18547,178.2952,pullup_down,169
169.33649,176.56293,pullup_down,169
169.88634,178.96466,pullup_down,169
169.46164,178.17093,pullup_down,169
169.77235,176.20718,pullup_down,169
169.95177,177.10597,pullup_down,169
165.49583,177.58961,pullup_down,169
166.35573,175.26913,pullup_down,169
165.70285,172.84085,pullup_down,169
166.53633,173.51434,pullup_down,169
166.33788,169.99762,pullup_down,169
167.27365,168.69807,pullup_down,169
164.26758,170.38562,pullup_down,169
164.95937,171.41173,pullup_down,169
163.48521,173.07736,pullup_down,169
166.6552,170.08192,pullup_down,169
166.67845,170.36446,pullup_down,169
163.75166,171.13199,pullup_down,169
165.1494,168.07426,pullup_down,169
162.99174,171.62656,pullup_down,169
161.74799,172.06934,pullup_down,169
160.1328,171.8419,pullup_down,169
161.96335,172.22952,pullup_down,169
161.13622,172.41292,pullup_down,169
160.13528,172.11734,pullup_down,169
164.54324,169.25784,pullup_down,169
162.3711,170.49658,pullup_down,169
161.53085,169.87291,pullup_down,169
160.48863,170.1206,pullup_down,169
160.35016,169.05582,pullup_down,169
162.892,170.02322,pullup_down,169
164.34543,171.6924,pullup_down,169
160.97185,169.574,pullup_down,169
160.97037,170.52167,pullup_down,169
163.03288,167.84848,pullup_down,169
161.66486,171.17273,pullup_down,169
162.01143,173.47922,pullup_down,169
163.0593,172.9112,pullup_down,169
163.80235,171.77039,pullup_down,169
165.1807,169.03897,pullup_down,169
162.13805,170.04054,pullup_down,169
163.02454,167.37991,pullup_down,169
157.41226,168.26303,pullup_down,169
157.72087,165.71873,pullup_down,169
158.72383,163.77242,pullup_down,169
154.55098,164.64005,pullup_down,169
153.90178,162.22293,pullup_down,169
150.98906,161.4487,pullup_down,169
150.89253,160.37094,pullup_down,169
150.68506,158.49406,pullup_down,169
149.23291,156.95706,pullup_down,169
148.27937,154.911,pullup_down,169
80.449844,103.05838,pullup_up,170
52.809322,121.64056,pullup_up,170
77.1814,93.95411,pullup_up,170
92.09726,97.52257,pullup_up,170
58.973286,119.02934,pullup_up,170
67.30485,116.26245,pullup_up,170
41.743206,37.414623,pullup_up,170
66.301254,112.5012,pullup_up,170
169.99933,138.51834,pullup_down,170
155.2421,146.69713,pullup_down,171
160.0953,153.48097,pullup_down,171
160.47968,156.69626,pullup_down,171
160.0774,161.0288,pullup_down,171
163.80275,161.50597,pullup_down,171
169.67175,166.01634,pullup_down,171
170.73706,161.9183,pullup_down,171
168.40176,169.03152,pullup_down,171
167.89632,171.65462,pullup_down,171
163.27779,172.43669,pullup_down,171
161.46465,172.95279,pullup_down,171
162.16347,171.4491,pullup_down,171
160.31978,165.77603,pullup_down,171
163.36241,162.98352,pullup_down,171
161.81381,154.3986,pullup_down,171
156.03824,149.6711,pullup_down,171
83.503815,106.02799,pullup_up,171
80.50679,105.50905,pullup_up,171
75.7875,102.312,pullup_up,171
76.98379,99.13623,pullup_up,171
79.06886,104.23153,pullup_up,171
76.22221,102.41359,pullup_up,171
77.165726,97.541405,pullup_up,171
73.90724,98.390915,pullup_up,171
83.379585,100.41703,pullup_up,171
79.07156,105.44442,pullup_up,171
74.87264,99.28504,pullup_up,171
79.94513,105.156746,pullup_up,171
151.48477,150.36308,pullup_down,171
158.04985,150.58592,pullup_down,171
160.98009,154.31569,pullup_down,171
163.82077,158.96933,pullup_down,171
168.01358,162.95955,pullup_down,171
168.20406,164.85622,pullup_down,171
168.96846,168.61424,pullup_down,171
164.782,168.2838,pullup_down,171
169.26982,167.47186,pullup_down,171
166.23575,168.08133,pullup_down,171
167.92299,166.55003,pullup_down,171
166.39293,166.71353,pullup_down,171
165.97412,158.72238,pullup_down,171
161.13385,158.14328,pullup_down,171
161.09892,149.09935,pullup_down,171
78.48712,102.7072,pullup_up,171
76.81845,101.939224,pullup_up,171
77.89147,102.089226,pullup_up,171
77.88933,95.65348,pullup_up,171
158.89627,144.41096,pullup_down,171
159.54234,150.7355,pullup_down,171
160.1216,146.51805,pullup_down,171
162.5907,149.75809,pullup_down,171
82.586655,105.84538,pullup_up,171
75.68045,101.12279,pullup_up,171
74.52762,107.42143,pullup_up,171
76.06082,102.37503,pullup_up,171
75.517006,98.77594,pullup_up,171
154.63507,149.4012,pullup_down,171
154.92453,153.79062,pullup_down,171
158.00984,153.13956,pullup_down,171
162.86197,159.67567,pullup_down,171
165.64206,161.75836,pullup_down,171
168.7309,167.34381,pullup_down,171
168.90202,167.19855,pullup_down,171
168.53355,172.3039,pullup_down,171
164.29626,173.01079,pullup_down,171
166.33014,167.27309,pullup_down,171
166.75679,167.445,pullup_down,171
164.75883,169.21312,pullup_down,171
166.38576,167.49846,pullup_down,171
166.35516,159.74669,pullup_down,171
159.47516,152.63164,pullup_down,171
155.56287,147.289,pullup_down,171
83.93553,103.536575,pullup_up,171
81.566376,104.95202,pullup_up,171
86.558174,101.15119,pullup_up,171
162.60205,138.27184,pullup_down,171
156.01709,147.83058,pullup_down,171
81.11743,103.96862,pullup_up,171
79.429436,100.92907,pullup_up,171
155.82945,147.0189,pullup_down,171
157.21324,151.76527,pullup_down,171
158.73523,153.443,pullup_down,171
161.4684,157.74911,pullup_down,171
165.46404,161.45253,pullup_down,171
169.6119,165.39401,pullup_down,171
167.48029,165.36032,pullup_down,171
167.22574,164.65372,pullup_down,171
167.43178,170.16795,pullup_down,171
164.50587,169.70131,pullup_down,171
166.46152,171.00273,pullup_down,171
163.09683,168.19067,pullup_down,171
162.55148,164.10962,pullup_down,171
161.5233,158.5639,pullup_down,171
156.20276,151.18172,pullup_down,171
77.81208,102.20573,pullup_up,171
86.387566,102.29251,pullup_up,171
84.63989,99.99157,pullup_up,171
161.44528,138.77293,pullup_down,171
87.51449,99.36111,pullup_up,171
157.81845,147.36192,pullup_down,171
161.58853,150.0722,pullup_down,171
162.17198,158.17027,pullup_down,171
163.05898,156.63863,pullup_down,171
166.17894,160.89555,pullup_down,171
168.68091,163.42418,pullup_down,171
170.61812,162.71297,pullup_down,171
168.61761,166.61897,pullup_down,171
170.3408,168.3288,pullup_down,171
170.83502,165.36891,pullup_down,171
170.59854,164.70953,pullup_down,171
167.61234,173.40515,pullup_down,171
169.34985,164.74324,pullup_down,171
162.05078,159.18117,pullup_down,171
157.65349,153.97763,pullup_down,171
150.9853,149.24129,pullup_down,171
91.46152,96.43124,pullup_up,171
87.17251,101.46575,pullup_up,171
82.880104,97.7875,pullup_up,171
23.033213,139.3454,pullup_up,171
63.680725,126.284454,pullup_up,171
86.289055,99.47232,pullup_up,171
66.11654,113.87113,pullup_up,172
77.867676,111.63298,pullup_up,172
110.34769,79.24508,pullup_up,172
89.644325,81.65842,pullup_up,172
80.12821,90.186806,pullup_up,172
87.98159,91.40794,pullup_up,172
88.49841,88.62881,pullup_up,172
93.470375,71.86609,pullup_up,172
92.73844,56.576073,pullup_up,172
168.43857,157.89885,pullup_down,172
100.992615,82.76886,pullup_up,172
100.342964,87.63271,pullup_up,172
89.39928,95.455444,pullup_up,172
78.90808,94.566696,pullup_up,172
74.95023,97.54111,pullup_up,172
87.59875,82.6809,pullup_up,172
158.52296,168.86688,pullup_down,172
82.526306,105.4558,pullup_up,172
89.52098,80.29019,pullup_up,172
110.80819,77.463875,pullup_up,172
78.73952,78.30913,pullup_up,172
82.419044,99.76592,pullup_up,172
100.50677,87.916595,pullup_up,172
76.942894,78.20385,pullup_up,172
75.025604,92.913635,pullup_up,172
77.59967,85.384384,pullup_up,172
48.25689,94.41725,pullup_up,172
48.70516,96.54741,pullup_up,172
70.85524,105.45223,pullup_up,172
46.457,119.03361,pullup_up,172
75.73051,95.917274,pullup_up,172
16.045902,125.083244,pullup_up,172
29.027605,129.61438,pullup_up,172
96.89728,85.3122,pullup_up,172
65.98215,106.631325,pullup_up,172
168.81602,132.92082,pullup_down,172
174.71335,166.06369,pullup_down,172
97.92661,72.115135,pullup_up,172
73.672264,93.560394,pullup_up,172
81.74983,101.32164,pullup_up,172
76.15884,107.359886,pullup_up,172
64.23741,94.12398,pullup_up,172
69.88898,94.932304,pullup_up,172
76.76609,81.69563,pullup_up,172
77.34467,93.26881,pullup_up,172
68.6724,92.919586,pullup_up,172
71.51289,89.63846,pullup_up,172
74.352135,81.31479,pullup_up,172
75.30482,83.00461,pullup_up,172
82.73935,77.00796,pullup_up,172
86.368904,80.4536,pullup_up,172
91.0484,83.5954,pullup_up,172
83.8787,69.24085,pullup_up,172
42.659035,94.995804,pullup_up,172
88.99991,71.01605,pullup_up,172
96.68671,92.69957,pullup_up,172
99.62734,85.42527,pullup_up,172
81.52819,79.27967,pullup_up,172
74.952286,90.95308,pullup_up,172
78.98749,88.73816,pullup_up,172
81.38249,84.21853,pullup_up,172
84.45445,85.746056,pullup_up,172
100.64112,80.35654,pullup_up,172
82.29931,103.91755,pullup_up,172
162.84729,148.45335,pullup_down,173
159.59747,144.09224,pullup_down,173
151.57907,150.93684,pullup_down,173
148.23341,160.32478,pullup_down,173
67.35378,115.79636,pullup_up,173
71.69491,114.567726,pullup_up,173
72.368546,110.2188,pullup_up,173
73.48217,115.26569,pullup_up,173
139.9321,161.94418,pullup_down,173
148.86623,152.57643,pullup_down,173
152.29391,157.09721,pullup_down,173
153.96115,148.98573,pullup_down,173
156.6302,144.02219,pullup_down,173
158.7394,146.56313,pullup_down,173
159.1461,142.10721,pullup_down,173
162.10085,144.31195,pullup_down,173
164.2968,143.89406,pullup_down,173
166.09433,147.13783,pullup_down,173
166.62921,147.52312,pullup_down,173
170.79086,149.04907,pullup_down,173
168.2348,150.8278,pullup_down,173
175.0977,154.45758,pullup_down,173
168.05518,152.86888,pullup_down,173
167.4102,149.28468,pullup_down,173
169.72618,155.42644,pullup_down,173
166.6459,152.31294,pullup_down,173
162.90953,152.79047,pullup_down,173
162.04681,154.44502,pullup_down,173
161.90515,147.63731,pullup_down,173
161.81494,145.37166,pullup_down,173
162.84695,146.8632,pullup_down,173
169.59901,146.23273,pullup_down,173
159.95241,152.2618,pullup_down,173
160.19855,149.67198,pullup_down,173
161.17178,148.18343,pullup_down,173
160.2797,151.723,pullup_down,173
163.07854,150.48964,pullup_down,173
160.68716,147.09984,pullup_down,173
160.69852,140.9224,pullup_down,173
161.41606,153.69731,pullup_down,173
160.72672,151.36244,pullup_down,173
162.38268,150.66763,pullup_down,173
162.77798,147.3787,pullup_down,173
166.27898,152.74724,pullup_down,173
166.73775,154.69585,pullup_down,173
169.4753,161.19215,pullup_down,173
174.82008,153.66304,pullup_down,173
170.11884,150.65144,pullup_down,173
170.03215,145.14542,pullup_down,173
168.1159,154.37439,pullup_down,173
171.70784,151.83241,pullup_down,173
165.50107,158.14232,pullup_down,173
166.64122,158.05667,pullup_down,173
158.01237,169.3475,pullup_down,173
154.0283,159.96547,pullup_down,173
167.38959,158.81363,pullup_down,173
164.94237,160.44179,pullup_down,173
165.2738,159.42024,pullup_down,173
164.43848,151.04181,pullup_down,173
165.61485,152.60954,pullup_down,173
169.61278,145.05824,pullup_down,173
164.35103,147.81839,pullup_down,173
159.52399,145.63509,pullup_down,173
159.63298,151.2297,pullup_down,173
157.45847,150.69885,pullup_down,173
157.9358,150.58484,pullup_down,173
153.01001,152.86494,pullup_down,173
159.43056,150.0437,pullup_down,173
157.77939,148.1088,pullup_down,173
157.5209,146.97598,pullup_down,173
161.1744,144.92041,pullup_down,173
160.80281,145.29427,pullup_down,173
161.03036,144.79868,pullup_down,173
160.98984,145.50485,pullup_down,173
161.76117,145.19795,pullup_down,173
162.18388,144.48975,pullup_down,173
160.56844,147.09525,pullup_down,173
160.66402,146.95279,pullup_down,173
162.7564,145.60487,pullup_down,173
161.7765,143.33435,pullup_down,173
161.15883,143.3116,pullup_down,173
161.47383,142.27383,pullup_down,173
161.08221,140.00557,pullup_down,173
160.93782,141.9608,pullup_down,173
159.96815,140.04742,pullup_down,173
160.02135,147.19405,pullup_down,173
156.71263,147.81177,pullup_down,173
70.89017,118.702736,pullup_up,173
74.28012,111.85937,pullup_up,173
72.22275,110.577446,pullup_up,173
71.254654,115.04168,pullup_up,173
65.54843,103.81116,pullup_up,173
75.185425,111.292984,pullup_up,173
153.36046,151.08801,pullup_down,173
154.87267,146.5684,pullup_down,173
149.32149,151.84467,pullup_down,174
155.9423,157.64877,pullup_down,174
148.16858,154.07747,pullup_down,174
81.68815,100.423134,pullup_up,174
77.08479,99.91725,pullup_up,174
94.428024,94.59745,pullup_up,174
96.127,92.15449,pullup_up,174
90.47231,88.74279,pullup_up,174
97.54399,91.513245,pullup_up,174
148.52908,152.45007,pullup_down,174
148.8229,151.5946,pullup_down,174
151.67128,153.13672,pullup_down,174
90.650764,98.2712,pullup_up,174
94.55947,92.289566,pullup_up,174
94.81778,90.93008,pullup_up,174
100.49765,88.96911,pullup_up,174
100.241356,88.96445,pullup_up,174
149.23648,152.19476,pullup_down,174
83.75875,94.5896,pullup_up,174
149.71297,152.13275,pullup_down,174
151.68344,155.09444,pullup_down,174
153.0214,157.53519,pullup_down,174
155.50653,154.33672,pullup_down,174
154.97008,154.2937,pullup_down,174
152.14435,157.04265,pullup_down,174
155.97995,159.99968,pullup_down,174
150.18164,159.284,pullup_down,174
148.79085,158.97354,pullup_down,174
145.69614,154.82951,pullup_down,174
149.11935,154.76143,pullup_down,174
148.53946,155.96158,pullup_down,174
151.70201,149.94975,pullup_down,174
149.59962,153.26775,pullup_down,174
152.33652,154.36185,pullup_down,174
150.50058,151.11853,pullup_down,174
151.81337,152.22913,pullup_down,174
150.46735,153.12842,pullup_down,174
142.88174,157.23695,pullup_down,174
151.79013,148.69685,pullup_down,174
143.45758,156.56857,pullup_down,175
151.40692,151.23712,pullup_down,175
160.98796,139.19525,pullup_down,175
134.32857,166.46133,pullup_down,175
132.66139,167.5185,pullup_down,175
86.52491,90.486626,pullup_up,175
76.025986,105.49145,pullup_up,175
51.0778,112.99295,pullup_up,175
64.80322,102.59875,pullup_up,175
143.75226,158.93115,pullup_down,175
160.99284,155.03261,pullup_down,175
152.12112,150.69456,pullup_down,175
170.57341,168.36215,pullup_down,175
163.09903,158.45517,pullup_down,175
167.56866,137.3662,pullup_down,175
154.11397,152.06088,pullup_down,175
158.32831,143.06865,pullup_down,175
74.79976,100.3933,pullup_up,175
91.44737,69.439575,pullup_up,175
71.36589,107.79535,pullup_up,175
81.910614,106.34673,pullup_up,175
66.32471,119.751595,pullup_up,175
156.64986,150.60979,pullup_down,175
152.57759,152.68,pullup_down,175
151.6473,150.16483,pullup_down,175
155.43042,149.44841,pullup_down,175
166.23979,152.88687,pullup_down,175
152.12646,150.57924,pullup_down,176
159.66624,145.8214,pullup_down,176
86.49307,70.59196,pullup_up,176
80.7057,72.53762,pullup_up,176
79.980804,67.60963,pullup_up,176
93.03805,95.524475,pullup_up,176
99.8772,55.890694,pullup_up,176
109.39362,55.65414,pullup_up,176
127.633125,54.09119,pullup_up,176
124.91948,52.35661,pullup_up,176
119.38043,54.980602,pullup_up,176
117.87446,40.740555,pullup_up,176
116.491844,60.145817,pullup_up,176
105.77486,42.20974,pullup_up,176
122.0474,43.847977,pullup_up,176
106.498314,82.49746,pullup_up,176
174.14537,153.89203,pullup_down,176
172.28987,175.51422,pullup_down,176
123.29029,55.314137,pullup_up,176
122.73675,66.765144,pullup_up,176
107.12624,74.90738,pullup_up,176
108.320045,77.382,pullup_up,176
113.0898,70.48834,pullup_up,176
125.891716,63.55709,pullup_up,176
115.01519,63.56796,pullup_up,176
91.322495,93.85157,pullup_up,176
64.19266,94.79307,pullup_up,176
87.04261,68.347435,pullup_up,176
98.80976,85.629654,pullup_up,176
99.87655,69.17925,pullup_up,176
84.86584,70.118835,pullup_up,176
94.271515,69.54989,pullup_up,176
77.08018,72.57198,pullup_up,176
154.36415,150.05624,pullup_down,176
152.05362,153.64085,pullup_down,176
155.80594,164.30907,pullup_down,176
152.99994,148.04375,pullup_down,176
155.22522,151.42873,pullup_down,176
152.56313,155.84595,pullup_down,176
162.52809,151.7351,pullup_down,176
161.07306,153.59798,pullup_down,176
161.43129,155.73878,pullup_down,176
155.88503,147.85645,pullup_down,176
130.31555,43.482803,pullup_up,176
88.93828,33.72382,pullup_up,176
103.53168,44.076977,pullup_up,176
110.18688,60.135536,pullup_up,176
122.166916,62.662037,pullup_up,176
64.565216,62.23901,pullup_up,176
67.08378,112.85386,pullup_up,176
68.10423,120.133965,pullup_up,176
92.068245,78.52835,pullup_up,176
73.82454,64.574844,pullup_up,176
118.55358,57.803005,pullup_up,176
123.15604,64.223564,pullup_up,176
114.35699,51.84226,pullup_up,176
117.07587,64.88384,pullup_up,176
116.945206,72.89262,pullup_up,176
115.94898,54.36086,pullup_up,176
118.323555,58.30114,pullup_up,176
108.2024,61.31522,pullup_up,176
103.30195,68.502304,pullup_up,176
95.42049,71.65345,pullup_up,176
98.4045,91.093025,pullup_up,176
170.7925,163.00479,pullup_down,176
92.82954,79.75482,pullup_up,176
158.32059,165.78296,pullup_down,176
106.442856,64.54554,pullup_up,176
107.46637,46.086258,pullup_up,176
109.80481,64.93728,pullup_up,176
86.578766,87.48654,pullup_up,176
91.44575,88.06865,pullup_up,176
104.99451,84.43613,pullup_up,176
102.17613,72.94237,pullup_up,176
105.307144,67.71244,pullup_up,176
114.9591,67.26433,pullup_up,176
103.93042,75.14257,pullup_up,176
88.25735,53.496895,pullup_up,176
96.42452,86.94491,pullup_up,176
77.12153,70.34198,pullup_up,176
89.72776,69.222916,pullup_up,176
84.54383,92.397964,pullup_up,176
94.37351,74.66794,pullup_up,176
111.73505,71.06069,pullup_up,176
109.69498,62.624985,pullup_up,176
95.831825,82.890396,pullup_up,176
131.80779,45.119244,pullup_up,176
94.316986,82.43465,pullup_up,176
89.37488,84.61561,pullup_up,176
147.172,155.79642,pullup_down,176
147.19366,155.35022,pullup_down,176
153.75932,159.2154,pullup_down,176
147.99783,159.97629,pullup_down,176
150.65677,150.2773,pullup_down,176
154.94507,149.59558,pullup_down,176
153.77893,147.21614,pullup_down,176
162.15108,157.4364,pullup_down,176
162.5433,158.37068,pullup_down,176
158.45746,146.13123,pullup_down,176
71.620865,117.95091,pullup_up,176
79.78793,69.26989,pullup_up,176
68.744194,114.04465,pullup_up,176
89.88596,84.74834,pullup_up,176
114.02302,69.43529,pullup_up,176
99.58325,50.617603,pullup_up,176
120.58859,57.377377,pullup_up,176
129.28009,59.347435,pullup_up,176
120.19225,52.102394,pullup_up,176
100.905975,66.896355,pullup_up,176
109.82614,56.65564,pullup_up,176
123.31433,63.726856,pullup_up,176
123.50207,56.977966,pullup_up,176
131.27055,57.250763,pullup_up,176
119.94742,67.733864,pullup_up,176
81.636055,97.451385,pullup_up,177
85.20001,101.472565,pullup_up,177
81.581245,101.17456,pullup_up,177
81.05604,105.653755,pullup_up,177
79.761665,99.55491,pullup_up,177
84.86316,94.128975,pullup_up,177
85.23599,92.17132,pullup_up,177
89.523964,94.51983,pullup_up,177
152.15489,148.61371,pullup_down,177
152.80301,150.71814,pullup_down,177
156.93484,154.60117,pullup_down,177
157.68869,159.81342,pullup_down,177
164.4527,164.85881,pullup_down,177
162.46346,160.22879,pullup_down,177
169.869,162.93784,pullup_down,177
167.46051,162.39684,pullup_down,177
157.28754,157.55138,pullup_down,177
158.05962,159.30534,pullup_down,177
157.12384,155.0324,pullup_down,177
154.21373,151.82262,pullup_down,177
90.74032,98.41362,pullup_up,177
83.52381,85.80186,pullup_up,177
77.438126,95.57821,pullup_up,177
84.369316,97.132744,pullup_up,177
65.00172,99.81284,pullup_up,177
69.15732,92.85158,pullup_up,177
66.35691,93.23297,pullup_up,177
60.726124,92.10082,pullup_up,177
62.94471,86.98243,pullup_up,177
58.346634,76.53852,pullup_up,177
54.92139,79.09129,pullup_up,177
55.197186,77.319695,pullup_up,177
54.055576,80.563774,pullup_up,177
66.49727,92.76401,pullup_up,177
62.454967,81.23673,pullup_up,177
62.860302,92.255165,pullup_up,177
74.281265,94.40994,pullup_up,177
82.02775,100.355576,pullup_up,177
85.00061,100.713806,pullup_up,177
85.04149,99.14616,pullup_up,177
80.5236,94.662285,pullup_up,177
84.002014,97.840805,pullup_up,177
85.63967,94.32565,pullup_up,177
91.19396,89.32693,pullup_up,177
150.67818,150.94778,pullup_down,177
150.98427,152.77835,pullup_down,177
153.17535,155.07573,pullup_down,177
155.70834,160.61761,pullup_down,177
159.32675,160.0609,pullup_down,177
166.66754,157.75392,pullup_down,177
163.12234,165.53513,pullup_down,177
162.34775,164.91692,pullup_down,177
160.16803,161.28453,pullup_down,177
159.03087,156.07547,pullup_down,177
152.46591,158.32944,pullup_down,177
155.72484,152.96307,pullup_down,177
93.02467,92.38936,pullup_up,177
82.75122,95.95664,pullup_up,177
84.27429,95.35953,pullup_up,177
76.81969,79.28344,pullup_up,177
70.19339,87.50514,pullup_up,177
70.48847,92.95921,pullup_up,177
75.38468,84.13227,pullup_up,177
72.22654,88.10465,pullup_up,177
80.90641,90.91401,pullup_up,177
79.22862,85.32729,pullup_up,177
64.13609,79.14875,pullup_up,177
66.300865,84.37948,pullup_up,177
73.966774,90.4673,pullup_up,177
77.132614,90.562706,pullup_up,177
75.11582,91.46956,pullup_up,177
89.73021,96.5801,pullup_up,177
88.248085,88.27954,pullup_up,177
85.96345,96.2857,pullup_up,177
88.91901,94.28852,pullup_up,177
90.94701,90.558365,pullup_up,177
89.8787,98.52208,pullup_up,177
89.52532,96.60672,pullup_up,177
95.38237,90.30774,pullup_up,177
150.75449,155.0526,pullup_down,177
153.72028,156.98334,pullup_down,177
158.01692,159.73512,pullup_down,177
161.22911,159.49707,pullup_down,177
167.14134,162.18266,pullup_down,177
164.2812,165.33063,pullup_down,177
162.83546,168.54778,pullup_down,177
161.20476,165.51675,pullup_down,177
163.81476,160.88121,pullup_down,177
165.0265,160.46558,pullup_down,177
150.9481,160.46848,pullup_down,177
148.43825,157.12871,pullup_down,177
151.20845,149.45871,pullup_down,177
85.58052,89.578735,pullup_up,177
80.75534,89.81497,pullup_up,177
68.77528,66.01414,pullup_up,177
63.328587,79.72074,pullup_up,177
71.63171,89.77882,pullup_up,177
77.67352,94.48109,pullup_up,177
85.42845,93.92007,pullup_up,177
93.79708,90.325584,pullup_up,177
94.11336,91.52167,pullup_up,177
93.79172,91.02566,pullup_up,177
84.31104,84.42193,pullup_up,177
80.83371,93.997665,pullup_up,177
87.22255,95.53541,pullup_up,177
90.49994,96.89219,pullup_up,177
88.80131,99.50722,pullup_up,177
85.70114,101.70905,pullup_up,177
151.61987,152.37619,pullup_down,177
152.85603,156.27309,pullup_down,177
156.67407,158.19695,pullup_down,177
159.18005,159.22691,pullup_down,177
165.88866,164.03307,pullup_down,177
167.01033,167.73535,pullup_down,177
163.72604,170.81598,pullup_down,177
162.81036,170.58191,pullup_down,177
164.92299,169.84656,pullup_down,177
166.73267,166.41937,pullup_down,177
160.59447,157.46356,pullup_down,177
152.73427,158.7803,pullup_down,177
152.93678,153.27716,pullup_down,177
153.30067,149.19722,pullup_down,177
165.19669,143.28232,pullup_down,178
166.94608,146.97768,pullup_down,178
167.3207,161.69673,pullup_down,178
167.63007,168.4076,pullup_down,178
161.53052,153.39268,pullup_down,178
99.130775,64.60769,pullup_up,178
117.568275,56.547104,pullup_up,178
52.568672,58.221115,pullup_up,178
155.7159,145.112,pullup_down,178
159.91475,145.85426,pullup_down,178
162.44421,149.01384,pullup_down,178
163.57033,151.34505,pullup_down,178
167.20729,153.16922,pullup_down,178
167.79036,151.99411,pullup_down,178
166.56187,152.36916,pullup_down,178
168.13988,153.29594,pullup_down,178
171.18745,154.64795,pullup_down,178
169.275,151.66844,pullup_down,178
167.42935,158.76385,pullup_down,178
156.4128,159.61536,pullup_down,178
163.32925,137.18442,pullup_down,178
150.9406,149.3179,pullup_down,178
161.3186,154.70262,pullup_down,178
157.16428,145.80061,pullup_down,178
156.26953,146.41693,pullup_down,178
160.1117,148.60783,pullup_down,178
161.2621,148.89543,pullup_down,178
159.52673,148.73991,pullup_down,178
152.74892,148.04108,pullup_down,178
155.09697,149.37259,pullup_down,178
157.52002,143.35861,pullup_down,178
163.20866,146.64214,pullup_down,178
161.13385,145.90863,pullup_down,178
161.92958,150.57413,pullup_down,178
163.61032,150.47398,pullup_down,178
165.61752,148.40805,pullup_down,178
166.65782,154.7446,pullup_down,178
165.35043,154.71687,pullup_down,178
167.13243,152.35835,pullup_down,178
168.54875,152.76022,pullup_down,178
171.34532,149.84108,pullup_down,178
163.97284,157.19044,pullup_down,178
169.53592,157.97629,pullup_down,178
163.07484,159.07762,pullup_down,178
153.2561,158.08562,pullup_down,178
157.78429,157.88765,pullup_down,178
156.5216,155.44258,pullup_down,178
166.62393,157.77837,pullup_down,178
157.02611,147.56241,pullup_down,178
174.24686,126.91847,pullup_down,178
161.61194,152.84874,pullup_down,178
155.67963,146.57112,pullup_down,178
163.34665,159.4108,pullup_down,178
156.00038,150.95648,pullup_down,178
162.52791,157.74992,pullup_down,178
164.91864,154.13783,pullup_down,178
150.78697,151.48161,pullup_down,178
156.15689,145.08386,pullup_down,178
157.7597,143.70343,pullup_down,178
166.16235,149.30956,pullup_down,178
157.50923,145.72943,pullup_down,178
156.39565,144.60811,pullup_down,178
159.40091,148.7572,pullup_down,178
124.39831,178.3252,pullup_down,179
124.09807,178.60533,pullup_down,179
142.76361,177.01822,pullup_down,179
137.19894,178.7322,pullup_down,179
132.51492,177.13808,pullup_down,179
154.73286,178.66234,pullup_down,179
142.17795,174.55078,pullup_down,179
156.1476,176.62494,pullup_down,179
145.28947,178.1523,pullup_down,179
149.21405,174.8071,pullup_down,179
147.25757,176.37889,pullup_down,179
151.6918,178.76836,pullup_down,179
145.73795,173.08899,pullup_down,179
147.13066,174.22429,pullup_down,179
138.24976,165.23425,pullup_down,179
150.21011,154.04025,pullup_down,179
150.77101,155.67313,pullup_down,179
42.977203,113.63395,pullup_up,179
151.41747,155.02643,pullup_down,179
151.14499,154.76855,pullup_down,179
144.941,157.94398,pullup_down,179
124.92613,175.28473,pullup_down,179
136.70084,176.83392,pullup_down,179
140.83467,172.33987,pullup_down,179
152.03654,158.58488,pullup_down,179
148.88544,156.34618,pullup_down,179
147.1471,161.41072,pullup_down,179
148.7101,158.94637,pullup_down,179
144.33257,157.79382,pullup_down,179
148.56198,158.53302,pullup_down,179
141.82956,159.21864,pullup_down,179
151.51315,149.02635,pullup_down,179
132.09131,175.79959,pullup_down,179
132.0119,171.6839,pullup_down,179
131.45692,172.07443,pullup_down,179
147.60304,155.6093,pullup_down,179
149.33777,155.89374,pullup_down,179
147.48262,152.71811,pullup_down,179
147.60254,157.2848,pullup_down,179
152.74779,155.72252,pullup_down,179
148.06084,153.36533,pullup_down,179
130.00322,174.98186,pullup_down,179
129.94188,173.44429,pullup_down,179
132.38298,175.808,pullup_down,179
148.43599,157.05095,pullup_down,179
150.85355,151.93977,pullup_down,179
151.67245,154.11491,pullup_down,179
149.42465,150.71872,pullup_down,179
149.38268,156.53763,pullup_down,179
89.25885,100.252625,pullup_up,179
59.26141,108.14276,pullup_up,179
155.39325,150.48885,pullup_down,179
153.39375,147.52876,pullup_down,179
154.18965,148.55177,pullup_down,179
150.90327,156.02443,pullup_down,179
137.32947,175.51366,pullup_down,179
134.93297,173.59312,pullup_down,179
140.17757,172.3725,pullup_down,179
139.7161,176.63646,pullup_down,179
155.08458,168.91182,pullup_down,180
167.5851,139.57501,pullup_down,180
170.06116,153.0221,pullup_down,180
171.8054,151.2695,pullup_down,180
69.57939,89.077805,pullup_up,180
88.7695,94.275475,pullup_up,180
155.10583,157.84679,pullup_down,180
11.293269,122.01277,pullup_up,180
165.70238,152.81999,pullup_down,180
146.3688,160.24753,pullup_down,180
158.89272,165.43285,pullup_down,180
169.39412,164.95113,pullup_down,180
158.64876,146.86086,pullup_down,180
67.43676,58.06144,pullup_up,180
71.596146,112.84294,pullup_up,180
81.25253,68.62169,pullup_up,180
163.7232,148.73987,pullup_down,180
156.15239,148.64865,pullup_down,180
141.33904,162.59941,pullup_down,180
161.56805,167.32056,pullup_down,180
171.2446,160.14992,pullup_down,180
168.61526,147.2732,pullup_down,180
147.67755,166.11772,pullup_down,180
155.0004,171.19771,pullup_down,180
154.1492,160.84398,pullup_down,180
135.0327,172.0541,pullup_down,180
144.57495,177.02783,pullup_down,180
144.55528,173.16725,pullup_down,180
171.18445,153.20229,pullup_down,180
161.3857,154.68777,pullup_down,180
174.51102,166.83032,pullup_down,180
168.31088,167.1335,pullup_down,180
159.13477,150.52885,pullup_down,180
156.14537,152.58774,pullup_down,180
165.47571,171.0,pullup_down,180
154.87767,162.32701,pullup_down,180
47.00977,131.54083,pullup_up,180
144.59984,164.52179,pullup_down,180
173.20618,164.66322,pullup_down,181
163.07762,161.48747,pullup_down,181
163.45694,170.85378,pullup_down,181
162.64845,175.0317,pullup_down,181
164.9487,161.72433,pullup_down,181
164.9163,161.02339,pullup_down,181
130.87828,174.0788,pullup_down,181
150.06006,170.90918,pullup_down,181
160.47083,140.13246,pullup_down,181
147.82481,168.03522,pullup_down,181
160.0305,145.7615,pullup_down,181
167.9034,167.96411,pullup_down,181
150.71216,166.54442,pullup_down,181
169.29533,132.8099,pullup_down,181
163.93407,160.38133,pullup_down,182
170.93048,153.34415,pullup_down,182
174.9982,160.3816,pullup_down,182
65.66253,61.47576,pullup_up,182
93.72965,83.15277,pullup_up,182
70.413315,74.31619,pullup_up,182
79.60884,69.203865,pullup_up,182
158.98154,167.8271,pullup_down,182
166.55832,169.24101,pullup_down,182
164.46927,170.25377,pullup_down,182
168.16959,171.59427,pullup_down,182
156.08781,168.52115,pullup_down,182
164.25217,163.4399,pullup_down,182
161.97504,160.42642,pullup_down,182
159.044,159.45662,pullup_down,182
159.62146,157.0393,pullup_down,182
158.44844,158.17451,pullup_down,182
160.88927,159.79141,pullup_down,182
160.0804,166.2906,pullup_down,182
148.80728,160.18312,pullup_down,182
155.36613,152.2262,pullup_down,182
88.30985,81.91068,pullup_up,182
172.50676,149.58392,pullup_down,182
171.21921,130.09401,pullup_down,182
90.512085,43.12039,pullup_up,182
84.51803,46.887753,pullup_up,182
90.76738,80.1194,pullup_up,182
77.52761,64.667725,pullup_up,182
87.346725,71.1216,pullup_up,182
74.768524,71.631775,pullup_up,182
60.576378,67.362595,pullup_up,182
61.83553,71.18279,pullup_up,182
54.441273,91.22589,pullup_up,182
56.260963,106.241104,pullup_up,182
48.44413,86.93434,pullup_up,182
71.03973,74.3583,pullup_up,182
134.94978,48.52865,pullup_up,182
165.17319,158.12909,pullup_down,182
156.47998,168.01909,pullup_down,182
165.64175,145.96953,pullup_down,182
138.2085,162.40233,pullup_down,182
153.61295,169.18224,pullup_down,182
153.95856,169.2135,pullup_down,182
163.2476,160.57959,pullup_down,182
159.31708,156.08723,pullup_down,182
154.8942,156.94978,pullup_down,182
147.48528,155.13866,pullup_down,182
154.60202,158.30507,pullup_down,182
50.053333,129.59984,pullup_up,182
51.971424,29.34646,pullup_up,182
92.06615,72.40887,pullup_up,182
153.74593,172.78406,pullup_down,182
155.62616,155.71355,pullup_down,182
78.57078,64.49706,pullup_up,182
100.73026,76.278885,pullup_up,182
83.97731,80.66584,pullup_up,182
85.97345,85.49909,pullup_up,182
103.02485,48.39959,pullup_up,182
95.825905,68.62183,pullup_up,182
100.89264,81.243065,pullup_up,182
165.9875,164.98384,pullup_down,182
173.18729,127.59498,pullup_down,182
110.427025,73.80003,pullup_up,182
147.95174,169.69325,pullup_down,182
159.33292,168.08807,pullup_down,182
157.92204,159.26846,pullup_down,182
165.94424,157.88542,pullup_down,182
162.86739,162.15077,pullup_down,182
142.19574,165.14706,pullup_down,182
148.47256,161.86688,pullup_down,182
156.90973,164.33972,pullup_down,182
156.52962,171.53781,pullup_down,182
142.66325,165.84837,pullup_down,182
150.2212,166.2962,pullup_down,182
156.143,167.70961,pullup_down,182
96.19516,50.680923,pullup_up,182
86.529945,52.71188,pullup_up,182
41.473152,81.71539,pullup_up,182
85.922874,65.31595,pullup_up,182
51.161316,53.629242,pullup_up,182
70.15449,49.253685,pullup_up,182
88.29833,48.577263,pullup_up,182
110.86923,71.34589,pullup_up,182
81.07962,65.70791,pullup_up,183
163.72404,158.83675,pullup_down,183
159.16092,157.82663,pullup_down,183
151.73352,149.44414,pullup_down,183
133.53717,166.56322,pullup_down,183
156.68672,144.5195,pullup_down,183
156.44531,148.02673,pullup_down,183
164.12556,155.40872,pullup_down,183
164.49408,146.75418,pullup_down,183
164.34578,142.477,pullup_down,183
166.241,147.83937,pullup_down,183
168.3316,150.83328,pullup_down,183
168.13232,162.48915,pullup_down,183
168.78911,162.29982,pullup_down,183
169.76697,167.06967,pullup_down,183
166.46307,170.5542,pullup_down,183
168.51659,174.78319,pullup_down,183
163.99628,171.29053,pullup_down,183
174.12846,171.53865,pullup_down,183
172.96959,172.00035,pullup_down,183
172.62328,172.52986,pullup_down,183
143.53435,171.34554,pullup_down,183
171.77863,171.43999,pullup_down,183
164.53453,172.87024,pullup_down,183
164.5006,168.59169,pullup_down,183
155.9083,154.2128,pullup_down,183
154.59007,149.24072,pullup_down,183
37.43599,49.555355,pullup_up,183
58.037624,55.285828,pullup_up,183
87.93471,81.58611,pullup_up,183
86.972,92.56887,pullup_up,183
80.00931,109.54395,pullup_up,183
66.73825,78.12456,pullup_up,183
82.88106,102.40786,pullup_up,183
92.60572,90.59093,pullup_up,183
152.41667,150.34882,pullup_down,183
65.081924,110.37237,pullup_up,183
109.5878,68.20775,pullup_up,183
106.220535,73.79035,pullup_up,183
99.78293,74.00842,pullup_up,183
93.45533,79.24612,pullup_up,183
87.77466,87.67376,pullup_up,183
68.34777,111.28174,pullup_up,183
91.93061,58.2583,pullup_up,183
77.02876,53.02767,pullup_up,183
68.77861,53.04284,pullup_up,183
70.59177,112.873764,pullup_up,183
50.475437,99.632416,pullup_up,183
76.1701,109.28331,pullup_up,183
156.15016,150.6806,pullup_down,184
160.06932,147.89886,pullup_down,184
155.66124,146.79321,pullup_down,184
151.97968,151.55635,pullup_down,184
159.48201,144.60918,pullup_down,184
163.99318,151.53642,pullup_down,184
163.3282,145.05855,pullup_down,184
75.22334,100.300545,pullup_up,184
71.66012,117.984215,pullup_up,184
89.38939,100.312,pullup_up,184
155.90083,156.03772,pullup_down,184
152.9716,147.78236,pullup_down,184
163.65675,149.52711,pullup_down,184
162.25449,146.97508,pullup_down,184
154.01007,147.39015,pullup_down,184
162.08824,142.67824,pullup_down,184
156.63364,151.4254,pullup_down,184
152.69896,151.51003,pullup_down,184
151.34352,150.15582,pullup_down,184
67.04328,118.16141,pullup_up,184
159.07156,142.4616,pullup_down,184
67.82112,111.04319,pullup_up,184
146.31456,156.90057,pullup_down,184
144.81436,155.27766,pullup_down,184
161.06754,149.07834,pullup_down,184
157.50684,146.93842,pullup_down,184
73.65596,74.04173,pullup_up,184
155.32248,150.9358,pullup_down,184
162.98645,143.84988,pullup_down,184
163.46855,146.6003,pullup_down,184
166.09721,152.02048,pullup_down,184
155.89883,150.07213,pullup_down,184
154.96756,149.58557,pullup_down,184
155.0316,148.71109,pullup_down,184
156.4237,147.87256,pullup_down,184
165.93979,145.65875,pullup_down,184
167.79459,144.95084,pullup_down,184
163.65672,144.91661,pullup_down,184
166.6913,140.3575,pullup_down,184
149.48845,151.17043,pullup_down,184
147.31754,153.67015,pullup_down,184
156.93208,156.70366,pullup_down,184
154.76407,155.2339,pullup_down,184
96.41961,85.88453,pullup_up,185
101.71225,82.288635,pullup_up,185
103.02072,82.13233,pullup_up,185
107.61101,74.07263,pullup_up,185
112.27602,73.144775,pullup_up,185
113.174835,50.847443,pullup_up,185
94.29504,68.205,pullup_up,185
74.08538,93.36535,pullup_up,185
90.702515,54.033203,pullup_up,185
152.07042,177.47212,pullup_down,185
163.50133,158.64296,pullup_down,185
168.73833,158.83714,pullup_down,185
143.93459,159.9607,pullup_down,185
69.457886,70.2839,pullup_up,185
39.999462,73.55714,pullup_up,185
100.147964,83.23663,pullup_up,185
26.420351,109.15324,pullup_up,185
80.179665,83.13479,pullup_up,185
61.043827,104.534256,pullup_up,185
55.10235,72.6495,pullup_up,185
106.759605,74.677216,pullup_up,185
71.96964,71.29858,pullup_up,185
102.52893,77.411644,pullup_up,185
110.38805,66.97856,pullup_up,185
43.20261,68.8702,pullup_up,185
101.85893,82.680756,pullup_up,185
99.20789,82.61681,pullup_up,185
96.670105,75.32061,pullup_up,185
104.16919,78.00169,pullup_up,185
145.12933,155.35765,pullup_down,185
96.08511,68.404106,pullup_up,185
98.2052,91.2102,pullup_up,185
102.490845,86.93645,pullup_up,185
100.4317,84.90087,pullup_up,185
95.28987,85.6947,pullup_up,185
102.1965,83.37062,pullup_up,185
106.138306,74.61834,pullup_up,185
91.64,89.96928,pullup_up,185
95.28035,75.86187,pullup_up,185
77.64628,75.913826,pullup_up,185
94.05052,81.4636,pullup_up,185
81.75609,84.45215,pullup_up,185
91.34817,81.85145,pullup_up,185
89.60345,74.219475,pullup_up,185
101.471954,78.60837,pullup_up,185
77.894104,72.71206,pullup_up,185
96.736275,82.54375,pullup_up,185
96.684654,89.2625,pullup_up,185
97.51187,89.39708,pullup_up,185
92.20055,78.67647,pullup_up,185
92.69378,87.267914,pullup_up,185
90.13939,83.87644,pullup_up,185
92.94908,92.2043,pullup_up,185
99.298485,86.72665,pullup_up,185
97.79882,88.50551,pullup_up,185
91.85143,80.95929,pullup_up,185
82.77335,75.84467,pullup_up,185
96.84155,79.65375,pullup_up,185
98.035645,84.3425,pullup_up,185
98.47686,85.50452,pullup_up,185
96.61921,89.14541,pullup_up,185
96.40406,89.86771,pullup_up,185
92.78091,91.25917,pullup_up,185
97.01254,88.966896,pullup_up,185
97.59446,41.365776,pullup_up,185
40.42496,90.788124,pullup_up,185
28.596565,86.89457,pullup_up,185
169.42113,154.55743,pullup_down,186
170.08374,144.39755,pullup_down,186
165.86104,149.40813,pullup_down,186
165.63528,148.39763,pullup_down,186
160.92473,146.84126,pullup_down,186
154.86662,146.25545,pullup_down,186
74.84399,107.46332,pullup_up,186
76.40803,108.11858,pullup_up,186
73.86654,90.585915,pullup_up,186
66.86545,89.59083,pullup_up,186
73.72557,106.91168,pullup_up,186
77.227036,107.17854,pullup_up,186
71.68953,115.27382,pullup_up,186
74.58746,102.71077,pullup_up,186
78.51118,102.76568,pullup_up,186
85.218216,87.22319,pullup_up,186
144.2847,156.786,pullup_down,186
152.11185,159.05934,pullup_down,186
150.96587,160.94318,pullup_down,186
153.56725,162.50984,pullup_down,186
156.3789,164.06548,pullup_down,186
162.26105,165.07144,pullup_down,186
155.27765,165.61009,pullup_down,186
164.38689,154.30624,pullup_down,186
165.4107,158.25327,pullup_down,186
166.32852,164.298,pullup_down,186
168.29025,164.71713,pullup_down,186
169.07202,166.02853,pullup_down,186
169.9391,164.7324,pullup_down,186
168.50064,158.92628,pullup_down,186
176.3422,157.47954,pullup_down,186
168.64886,159.26588,pullup_down,186
169.52956,157.74432,pullup_down,186
172.73924,160.89487,pullup_down,186
168.67413,160.88095,pullup_down,186
158.32166,149.69887,pullup_down,186
162.13002,158.65422,pullup_down,186
163.05421,151.16293,pullup_down,186
161.90195,153.26007,pullup_down,186
170.46506,148.06975,pullup_down,186
117.52915,70.033104,pullup_up,186
154.7348,146.21404,pullup_down,186
155.50629,145.47217,pullup_down,186
159.49034,147.71393,pullup_down,186
163.49988,147.13654,pullup_down,186
160.95921,154.1295,pullup_down,186
165.2556,158.5187,pullup_down,186
164.40302,155.5731,pullup_down,186
163.66539,157.35115,pullup_down,186
166.02489,159.28452,pullup_down,186
167.91565,158.69733,pullup_down,186
170.02277,162.35733,pullup_down,186
165.1064,156.15569,pullup_down,186
169.41881,159.85434,pullup_down,186
170.26341,160.92236,pullup_down,186
167.42487,164.22597,pullup_down,186
161.77077,163.93294,pullup_down,186
167.54211,166.3318,pullup_down,186
165.83148,162.72055,pullup_down,186
170.34264,163.95876,pullup_down,186
167.53427,163.43102,pullup_down,186
162.72873,162.5054,pullup_down,186
160.73067,164.53938,pullup_down,186
151.3713,166.24994,pullup_down,186
147.51994,164.95084,pullup_down,186
143.651,167.6584,pullup_down,186
138.19896,166.58734,pullup_down,186
133.23094,169.38985,pullup_down,186
132.37888,168.9676,pullup_down,186
141.7588,165.01605,pullup_down,186
134.59508,172.58623,pullup_down,186
138.1541,176.37263,pullup_down,186
137.55031,163.72673,pullup_down,186
141.01616,171.51717,pullup_down,186
144.75948,176.58188,pullup_down,186
144.82127,169.92586,pullup_down,186
147.61682,176.22063,pullup_down,186
149.78514,172.20789,pullup_down,186
153.3492,172.77568,pullup_down,186
158.25493,169.61026,pullup_down,186
162.06679,164.85374,pullup_down,186
161.11525,166.98671,pullup_down,186
165.36658,165.32646,pullup_down,186
165.02238,165.94562,pullup_down,186
169.98265,163.34543,pullup_down,186
161.63925,163.87007,pullup_down,186
162.67076,166.64102,pullup_down,186
167.31969,168.32326,pullup_down,186
165.23062,161.8853,pullup_down,186
176.50378,169.35597,pullup_down,186
177.10916,168.06425,pullup_down,186
172.18523,170.1964,pullup_down,186
170.83983,169.02469,pullup_down,186
172.34042,165.92194,pullup_down,186
178.34103,168.51813,pullup_down,186
173.42636,166.9381,pullup_down,186
171.87895,163.94867,pullup_down,186
174.76755,166.77257,pullup_down,186
174.02089,158.54279,pullup_down,186
166.80908,156.3251,pullup_down,186
164.9015,158.20789,pullup_down,186
161.0695,157.58244,pullup_down,186
158.37943,167.63658,pullup_down,186
155.62244,163.35777,pullup_down,186
151.90042,159.53908,pullup_down,186
145.0635,159.9444,pullup_down,186
147.45354,159.88416,pullup_down,186
145.56952,157.64973,pullup_down,186
149.74615,162.14093,pullup_down,186
156.32489,156.48824,pullup_down,186
162.3397,162.50124,pullup_down,186
162.65599,165.39977,pullup_down,186
160.36528,161.97693,pullup_down,186
164.94424,161.70094,pullup_down,186
167.18047,157.00304,pullup_down,186
169.531,161.34865,pullup_down,186
167.4715,155.14159,pullup_down,186
165.176,155.25978,pullup_down,186
167.30057,165.0808,pullup_down,186
167.79411,159.82025,pullup_down,186
165.61342,155.79163,pullup_down,186
164.816,158.60864,pullup_down,186
168.08614,158.62802,pullup_down,186
166.74458,156.8837,pullup_down,186
167.52043,148.7634,pullup_down,186
161.01416,150.41302,pullup_down,186
160.18079,145.7197,pullup_down,186
141.51135,163.11482,pullup_down,187
145.89734,164.19173,pullup_down,187
145.80461,157.69649,pullup_down,187
150.98933,155.4,pullup_down,187
152.67567,157.08566,pullup_down,187
27.475805,123.00462,pullup_up,187
38.1148,80.38391,pullup_up,187
139.27742,38.005306,pullup_up,187
76.3708,38.2253,pullup_up,187
52.86609,99.93784,pullup_up,187
52.283436,103.51234,pullup_up,187
164.48276,168.97649,pullup_down,187
150.74335,161.57945,pullup_down,187
159.69505,162.46315,pullup_down,187
156.79628,167.82141,pullup_down,187
154.2367,166.013,pullup_down,187
157.04953,164.96837,pullup_down,187
160.21173,166.65881,pullup_down,187
156.57585,164.27184,pullup_down,187
163.55045,166.74203,pullup_down,187
161.95905,161.59833,pullup_down,187
162.44713,164.04962,pullup_down,187
158.83673,162.05394,pullup_down,187
162.18727,164.54596,pullup_down,187
161.80316,167.15028,pullup_down,187
160.79253,166.37308,pullup_down,187
158.89294,164.86728,pullup_down,187
159.60591,163.66742,pullup_down,187
163.11064,162.73135,pullup_down,187
164.96927,165.73347,pullup_down,187
157.05661,163.12613,pullup_down,187
153.63576,164.04942,pullup_down,187
157.3446,162.00082,pullup_down,187
146.2264,166.51968,pullup_down,187
152.92827,169.51236,pullup_down,187
146.54216,163.52748,pullup_down,187
159.91367,169.0262,pullup_down,187
157.02634,167.87254,pullup_down,187
158.64099,161.75496,pullup_down,187
151.50574,164.39957,pullup_down,187
150.1869,162.35628,pullup_down,187
147.88924,155.71678,pullup_down,187
151.69127,156.43544,pullup_down,187
156.64711,159.1004,pullup_down,187
155.9502,151.73021,pullup_down,187
160.1314,156.21571,pullup_down,187
158.61063,156.1255,pullup_down,187
158.77896,163.65045,pullup_down,187
156.5039,164.9868,pullup_down,187
162.23738,166.13025,pullup_down,187
165.63997,166.65906,pullup_down,187
113.97794,74.09581,pullup_up,187
84.89693,95.70855,pullup_up,187
70.59509,115.2003,pullup_up,187
51.895657,112.12844,pullup_up,187
60.075207,122.70938,pullup_up,187
152.2659,167.80486,pullup_down,187
159.68327,171.43633,pullup_down,187
157.5637,170.50006,pullup_down,187
160.3141,170.2142,pullup_down,187
155.57506,165.96683,pullup_down,187
151.13663,163.03171,pullup_down,187
151.41193,164.09506,pullup_down,187
151.952,162.38051,pullup_down,187
150.22186,159.43048,pullup_down,187
145.44753,159.12813,pullup_down,187
145.97282,156.27982,pullup_down,187
38.634666,148.72218,pullup_up,187
149.46152,158.72165,pullup_down,187
149.11972,155.63948,pullup_down,187
157.82957,158.69057,pullup_down,187
148.59561,157.29146,pullup_down,187
147.76944,156.95654,pullup_down,187
151.06798,158.33414,pullup_down,187
87.416306,63.36243,pullup_up,187
71.48883,111.39411,pullup_up,187
76.475975,80.379524,pullup_up,187
103.46398,67.13387,pullup_up,187
83.52775,68.277794,pullup_up,187
73.62194,82.19453,pullup_up,187
73.590744,99.07004,pullup_up,187
93.823555,74.2339,pullup_up,187
75.544815,103.91861,pullup_up,187
65.186874,106.58128,pullup_up,187
75.042946,110.465805,pullup_up,187
155.08572,162.271,pullup_down,187
154.51233,171.22272,pullup_down,187
156.50226,170.03815,pullup_down,187
158.43358,168.19505,pullup_down,187
163.9433,169.78525,pullup_down,187
159.78659,168.99474,pullup_down,187
157.79355,167.74628,pullup_down,187
155.52486,161.16704,pullup_down,187
161.72171,161.38313,pullup_down,187
156.70242,156.85107,pullup_down,187
154.01796,154.86871,pullup_down,187
153.29703,150.09686,pullup_down,187
61.839184,125.75943,pullup_up,187
58.341766,120.188675,pullup_up,187
68.04477,104.491905,pullup_up,187
82.051,55.21469,pullup_up,187
139.33902,166.07199,pullup_down,187
145.67015,161.35551,pullup_down,188
151.61003,157.35986,pullup_down,188
153.84647,162.81654,pullup_down,188
148.05219,163.52458,pullup_down,188
145.77602,154.7107,pullup_down,188
148.91187,157.17276,pullup_down,188
149.12225,156.51466,pullup_down,188
87.74595,94.26992,pullup_up,188
94.48731,92.13271,pullup_up,188
65.1903,101.85094,pullup_up,188
86.12312,91.95663,pullup_up,188
13.222124,96.4616,pullup_up,188
66.95949,98.27984,pullup_up,188
82.39414,86.67729,pullup_up,188
81.08714,90.78533,pullup_up,188
71.90046,82.454254,pullup_up,188
146.82648,153.24265,pullup_down,188
152.16203,156.42484,pullup_down,188
150.12514,153.94215,pullup_down,188
146.71713,156.01729,pullup_down,188
149.14824,157.32889,pullup_down,188
147.32545,158.63884,pullup_down,188
151.92029,157.05287,pullup_down,188
152.95058,159.45003,pullup_down,188
150.81111,159.68878,pullup_down,188
151.25452,157.432,pullup_down,188
152.66354,161.27203,pullup_down,188
87.34914,97.86041,pullup_up,188
79.51408,105.793915,pullup_up,188
78.81209,93.47799,pullup_up,188
85.664635,94.48035,pullup_up,188
91.09358,97.592064,pullup_up,188
88.30477,93.53047,pullup_up,188
94.464096,90.12559,pullup_up,188
149.44171,154.66817,pullup_down,188
149.37904,156.93285,pullup_down,188
152.77759,157.26799,pullup_down,188
154.05339,158.3422,pullup_down,188
154.58823,159.17856,pullup_down,188
154.39252,160.91727,pullup_down,188
152.73473,158.31935,pullup_down,188
150.57352,155.14809,pullup_down,188
151.4925,155.51753,pullup_down,188
155.81696,157.58823,pullup_down,188
151.91052,155.30339,pullup_down,188
148.65143,153.75693,pullup_down,188
48.16614,89.08856,pullup_up,188
89.46573,92.911255,pullup_up,188
47.39283,83.98288,pullup_up,188
150.30826,156.1345,pullup_down,188
150.88977,156.45955,pullup_down,188
147.05328,161.35664,pullup_down,188
156.27342,155.42827,pullup_down,188
153.58427,152.44798,pullup_down,188
159.82178,168.95703,pullup_down,188
153.7856,153.30742,pullup_down,189
155.87233,153.62553,pullup_down,189
154.80193,152.18576,pullup_down,189
159.13435,157.61266,pullup_down,189
159.47385,156.58398,pullup_down,189
160.4845,156.4936,pullup_down,189
158.21664,157.96996,pullup_down,189
159.77159,149.86751,pullup_down,189
160.20734,147.0331,pullup_down,189
158.83202,145.68669,pullup_down,189
164.51756,153.73386,pullup_down,189
166.99036,159.98447,pullup_down,189
161.29387,167.57823,pullup_down,189
152.70392,169.53471,pullup_down,189
162.9001,170.60365,pullup_down,189
153.41405,164.74498,pullup_down,189
161.88335,169.07466,pullup_down,189
162.24805,168.23131,pullup_down,189
160.36812,150.92754,pullup_down,189
159.7332,158.83061,pullup_down,189
161.85803,162.87239,pullup_down,189
162.8414,168.23744,pullup_down,189
156.65561,165.90178,pullup_down,189
166.10849,173.34918,pullup_down,189
149.97183,165.77483,pullup_down,189
159.02957,166.10605,pullup_down,189
158.81097,168.83983,pullup_down,189
156.35886,164.66304,pullup_down,189
158.9547,160.86871,pullup_down,189
153.8834,158.89319,pullup_down,189
157.00818,172.8965,pullup_down,189
156.90973,149.15746,pullup_down,189
162.92584,155.2491,pullup_down,189
163.63426,147.41106,pullup_down,189
151.79346,163.61348,pullup_down,189
158.10126,164.9885,pullup_down,189
161.4477,158.7072,pullup_down,189
160.3702,152.60631,pullup_down,189
158.44281,147.8074,pullup_down,189
164.62813,160.24174,pullup_down,189
160.85143,156.03351,pullup_down,189
155.56444,153.4359,pullup_down,189
155.54115,148.40523,pullup_down,189
150.58963,151.40457,pullup_down,189
154.16676,147.9864,pullup_down,189
159.78334,154.42519,pullup_down,189
155.87553,146.89413,pullup_down,189
158.32529,149.08897,pullup_down,189
156.52869,150.5033,pullup_down,189
74.24052,91.47078,pullup_up,189
69.43619,20.502403,pullup_up,189
151.86311,150.82509,pullup_down,189
152.2531,148.92343,pullup_down,189
155.00021,149.61908,pullup_down,189
157.75441,149.64224,pullup_down,189
152.7397,151.70201,pullup_down,189
154.14609,157.70355,pullup_down,189
159.10577,161.5317,pullup_down,189
162.8086,160.98111,pullup_down,189
165.82709,151.25327,pullup_down,190
156.46399,146.0665,pullup_down,190
167.46628,168.111,pullup_down,190
157.4336,146.89793,pullup_down,190
79.6069,87.341965,pullup_up,190
83.075455,30.761036,pullup_up,190
59.54873,26.6839,pullup_up,190
165.3359,153.75027,pullup_down,190
163.53384,143.92702,pullup_down,190
169.82364,148.13446,pullup_down,190
156.32283,143.71872,pullup_down,190
164.20508,171.2261,pullup_down,190
93.70771,90.68732,pullup_up,190
24.545868,26.618076,pullup_up,190
52.136497,101.83173,pullup_up,190
167.08435,156.43318,pullup_down,190
167.06369,159.06088,pullup_down,190
114.7572,56.105934,pullup_up,190
152.84438,24.052963,pullup_up,190
163.97513,148.88057,pullup_down,190
174.57013,138.14015,pullup_down,190
169.08423,145.22446,pullup_down,190
167.89609,147.4564,pullup_down,190
157.31395,176.06152,pullup_down,190
174.49557,153.55586,pullup_down,190
164.31595,155.13698,pullup_down,190
171.91512,152.9784,pullup_down,190
151.10614,161.60507,pullup_down,190
157.21077,164.5552,pullup_down,190
159.55531,167.3317,pullup_down,190
166.96788,134.85492,pullup_down,190
90.58069,49.14256,pullup_up,190
165.09277,139.27577,pullup_down,190
144.70076,159.45975,pullup_down,191
145.4499,159.601,pullup_down,191
143.94653,156.82564,pullup_down,191
146.57504,154.53938,pullup_down,191
146.58467,153.87889,pullup_down,191
88.65783,99.728485,pullup_up,191
87.884445,96.08297,pullup_up,191
88.48771,97.431465,pullup_up,191
89.29264,98.43447,pullup_up,191
88.13228,98.95221,pullup_up,191
148.1045,152.13322,pullup_down,191
149.2334,152.64597,pullup_down,191
146.5897,156.26263,pullup_down,191
146.8559,155.6779,pullup_down,191
146.25175,158.89926,pullup_down,191
149.08261,158.57965,pullup_down,191
148.17456,159.35974,pullup_down,191
153.61563,160.63324,pullup_down,191
147.82816,161.46458,pullup_down,191
151.01622,164.779,pullup_down,191
153.48167,162.0382,pullup_down,191
152.0451,163.39078,pullup_down,191
152.25314,166.46298,pullup_down,191
153.04568,165.91553,pullup_down,191
152.06487,165.72943,pullup_down,191
152.20822,165.84618,pullup_down,191
155.36705,163.73564,pullup_down,191
163.86191,166.31496,pullup_down,191
163.3184,167.44904,pullup_down,191
157.5357,175.34267,pullup_down,191
158.64024,175.36502,pullup_down,191
155.2146,172.792,pullup_down,191
155.69588,173.45898,pullup_down,191
164.31021,175.95877,pullup_down,191
164.10052,172.32208,pullup_down,191
163.0333,171.987,pullup_down,191
164.15437,172.91739,pullup_down,191
163.61401,172.89973,pullup_down,191
159.42084,174.37553,pullup_down,191
155.50638,172.06982,pullup_down,191
155.32913,171.72739,pullup_down,191
154.86246,171.94751,pullup_down,191
155.36438,172.14534,pullup_down,191
154.63214,168.42027,pullup_down,191
155.65051,168.33449,pullup_down,191
159.12694,157.80939,pullup_down,191
152.19135,162.16118,pullup_down,191
151.62534,161.65492,pullup_down,191
149.36588,160.59798,pullup_down,191
150.18631,160.47055,pullup_down,191
147.54326,156.98103,pullup_down,191
147.02174,157.74715,pullup_down,191
150.67024,151.00444,pullup_down,191
152.51553,152.42918,pullup_down,191
152.35793,152.51944,pullup_down,191
156.6676,158.13931,pullup_down,191
150.2761,163.44345,pullup_down,191
152.07289,163.26501,pullup_down,191
155.06137,164.41794,pullup_down,191
153.1089,164.53392,pullup_down,191
148.70544,164.92024,pullup_down,191
147.83237,164.37088,pullup_down,191
146.71086,169.89212,pullup_down,191
153.93706,161.57823,pullup_down,191
152.75824,159.05338,pullup_down,191
153.15189,163.47038,pullup_down,191
151.91,164.2253,pullup_down,191
154.32445,164.47037,pullup_down,191
153.51407,164.4371,pullup_down,191
152.4119,152.91199,pullup_down,192
154.70973,157.08041,pullup_down,192
153.6171,160.2923,pullup_down,192
155.8232,160.14957,pullup_down,192
159.6552,164.57663,pullup_down,192
157.32819,165.53886,pullup_down,192
161.36855,167.64279,pullup_down,192
159.6335,165.64998,pullup_down,192
159.9016,164.2816,pullup_down,192
163.13826,164.62001,pullup_down,192
162.27464,164.56656,pullup_down,192
158.38257,161.59909,pullup_down,192
163.82478,166.23238,pullup_down,192
165.56413,164.89195,pullup_down,192
163.99646,167.50154,pullup_down,192
161.96481,165.7205,pullup_down,192
159.04135,164.44955,pullup_down,192
156.56575,164.1251,pullup_down,192
157.2319,159.92375,pullup_down,192
154.99127,156.76517,pullup_down,192
153.26347,154.4013,pullup_down,192
87.477875,99.418144,pullup_up,192
81.16846,100.157974,pullup_up,192
82.07082,106.62467,pullup_up,192
77.58742,110.660255,pullup_up,192
76.852356,107.046844,pullup_up,192
76.18204,105.374825,pullup_up,192
72.7235,105.66604,pullup_up,192
69.5946,102.82975,pullup_up,192
67.49612,104.73305,pullup_up,192
71.150024,102.05764,pullup_up,192
73.83872,105.645164,pullup_up,192
66.37086,106.14928,pullup_up,192
68.141,107.22605,pullup_up,192
72.90645,104.559494,pullup_up,192
67.956566,107.198456,pullup_up,192
63.567223,96.97147,pullup_up,192
70.13667,101.75517,pullup_up,192
64.67213,103.874565,pullup_up,192
67.6263,98.453285,pullup_up,192
69.90822,96.97706,pullup_up,192
77.83001,103.67366,pullup_up,192
79.56136,108.014244,pullup_up,192
150.54208,155.5696,pullup_down,192
149.6652,154.53377,pullup_down,192
150.91774,157.32109,pullup_down,192
155.11774,163.88194,pullup_down,192
156.0788,162.52234,pullup_down,192
159.47708,163.07556,pullup_down,192
160.32994,163.87144,pullup_down,192
157.30394,163.94179,pullup_down,192
160.16194,161.36452,pullup_down,192
161.0769,161.55273,pullup_down,192
162.34901,162.8963,pullup_down,192
163.545,161.56625,pullup_down,192
163.04471,159.38312,pullup_down,192
159.96753,160.62129,pullup_down,192
162.71649,162.16782,pullup_down,192
162.56017,162.11133,pullup_down,192
165.88733,167.62964,pullup_down,192
160.8742,164.40138,pullup_down,192
160.63156,161.69527,pullup_down,192
164.41414,162.66568,pullup_down,192
162.33542,161.25426,pullup_down,192
161.21689,162.5813,pullup_down,192
163.80963,163.35818,pullup_down,192
164.95088,164.72163,pullup_down,192
165.01648,162.84404,pullup_down,192
160.16342,164.61852,pullup_down,192
157.49629,157.24083,pullup_down,192
156.38513,160.5362,pullup_down,192
155.08148,161.34619,pullup_down,192
150.84373,158.73283,pullup_down,192
150.0959,156.5808,pullup_down,192
146.08772,156.39442,pullup_down,192
93.61282,90.324905,pullup_up,192
101.49678,84.41239,pullup_up,192
80.04447,86.905945,pullup_up,192
78.61519,96.22038,pullup_up,192
78.77563,108.62812,pullup_up,192
75.87362,107.3498,pullup_up,192
72.53904,101.37191,pullup_up,192
74.41954,99.99045,pullup_up,192
71.26888,105.99561,pullup_up,192
68.44727,105.84465,pullup_up,192
68.43853,108.0301,pullup_up,192
67.52888,105.21832,pullup_up,192
65.79325,105.75591,pullup_up,192
69.171616,105.81046,pullup_up,192
71.38686,107.96646,pullup_up,192
66.304085,100.71161,pullup_up,192
75.477036,109.00314,pullup_up,192
76.62484,109.90919,pullup_up,192
74.78753,106.34173,pullup_up,192
70.784035,101.8087,pullup_up,192
77.78362,106.00091,pullup_up,192
75.77814,105.627205,pullup_up,192
82.93198,103.76202,pullup_up,192
148.92412,151.23912,pullup_down,192
148.27812,155.56934,pullup_down,192
147.87157,156.22707,pullup_down,192
150.27357,160.83472,pullup_down,192
152.37357,161.07503,pullup_down,192
154.1737,162.26575,pullup_down,192
153.54306,161.41364,pullup_down,192
154.89229,161.38455,pullup_down,192
153.3738,158.9966,pullup_down,192
152.53761,160.22131,pullup_down,192
154.5388,159.06636,pullup_down,192
152.77463,157.93349,pullup_down,192
150.95322,157.2772,pullup_down,192
153.34305,158.54768,pullup_down,192
152.30432,158.61938,pullup_down,192
151.47461,157.02867,pullup_down,192
150.99168,156.2829,pullup_down,192
155.5718,157.96489,pullup_down,192
151.7224,156.92561,pullup_down,192
151.90562,156.79736,pullup_down,192
154.14139,159.96771,pullup_down,192
156.96442,158.66597,pullup_down,192
151.14194,157.82309,pullup_down,192
149.4583,155.42738,pullup_down,192
150.34998,155.01628,pullup_down,192
150.95671,155.47006,pullup_down,192
148.80296,157.55698,pullup_down,192
151.97939,155.71007,pullup_down,192
151.59663,158.10483,pullup_down,192
151.63344,156.53896,pullup_down,192
153.40182,153.25447,pullup_down,192
151.85144,154.55936,pullup_down,192
152.03703,152.07413,pullup_down,192
150.45325,154.90256,pullup_down,192
150.80272,151.63002,pullup_down,192
151.05225,152.38463,pullup_down,192
150.66728,150.22409,pullup_down,192
160.78416,162.95465,pullup_down,192
156.49484,156.62653,pullup_down,192
157.61598,157.08658,pullup_down,192
156.96895,156.95485,pullup_down,192
151.6155,154.7147,pullup_down,192
152.45406,156.0408,pullup_down,192
96.170685,90.960884,pullup_up,192
76.062035,101.98876,pullup_up,192
81.62333,105.51769,pullup_up,192
78.911156,106.74464,pullup_up,192
88.98559,99.41896,pullup_up,192
57.324272,78.62732,pullup_up,193
97.974945,78.443054,pullup_up,193
160.44557,146.261,pullup_down,193
159.52237,149.71997,pullup_down,193
157.67595,150.53036,pullup_down,193
165.22305,152.58113,pullup_down,193
158.47028,153.9902,pullup_down,193
164.0464,158.70883,pullup_down,193
161.26129,151.31776,pullup_down,193
167.9772,164.90799,pullup_down,193
162.07675,158.20833,pullup_down,193
163.5072,148.56897,pullup_down,193
160.06612,170.41759,pullup_down,193
159.01576,158.31927,pullup_down,193
166.42845,162.65874,pullup_down,193
163.05493,154.82224,pullup_down,193
157.23817,158.66199,pullup_down,193
160.25882,165.31723,pullup_down,193
160.27974,153.65169,pullup_down,193
160.1365,152.14487,pullup_down,193
164.68895,157.79805,pullup_down,193
163.21655,154.02985,pullup_down,193
164.77402,160.72293,pullup_down,193
148.70093,163.0023,pullup_down,193
165.83511,150.50134,pullup_down,193
166.42978,156.21843,pullup_down,193
166.36865,154.76357,pullup_down,193
148.63005,156.87463,pullup_down,193
166.24559,151.85568,pullup_down,193
165.91289,156.4879,pullup_down,193
165.57076,152.4371,pullup_down,193
168.37491,148.30418,pullup_down,193
167.98943,153.73776,pullup_down,193
165.90855,157.18271,pullup_down,193
165.28458,155.88405,pullup_down,193
164.92865,153.49896,pullup_down,193
166.61386,153.7646,pullup_down,193
164.89697,154.83109,pullup_down,193
166.35791,159.8526,pullup_down,193
166.75436,152.24475,pullup_down,193
167.94838,152.32927,pullup_down,193
167.28726,151.92606,pullup_down,193
162.27705,150.83005,pullup_down,193
160.53998,151.38408,pullup_down,193
158.911,147.55559,pullup_down,193
157.33199,154.9117,pullup_down,193
163.2877,152.48183,pullup_down,193
159.73212,153.14513,pullup_down,193
158.68233,149.16835,pullup_down,193
144.69344,155.95901,pullup_down,193
144.43413,165.61324,pullup_down,193
168.89792,142.1643,pullup_down,193
170.81317,162.53552,pullup_down,193
133.23135,46.98826,pullup_up,193
166.38652,138.86263,pullup_down,193
15.957088,150.29846,pullup_up,193
163.84752,141.33739,pullup_down,193
169.20946,146.05882,pullup_down,194
169.49384,148.55605,pullup_down,194
167.37132,151.53546,pullup_down,194
167.25146,148.45027,pullup_down,194
168.38939,145.40051,pullup_down,194
161.67899,150.951,pullup_down,194
166.40869,150.43593,pullup_down,194
168.24692,144.81259,pullup_down,194
173.76067,145.48985,pullup_down,194
165.34895,146.53127,pullup_down,194
162.77985,145.17133,pullup_down,194
162.08578,147.70644,pullup_down,194
158.80438,144.03117,pullup_down,194
161.54314,145.59288,pullup_down,194
167.14632,151.61295,pullup_down,194
162.54948,142.74672,pullup_down,194
158.79987,151.92218,pullup_down,194
154.33252,154.19423,pullup_down,194
158.31012,143.27419,pullup_down,194
154.15726,151.07498,pullup_down,194
143.68324,162.43439,pullup_down,194
44.744488,136.25189,pullup_up,194
60.39656,97.866714,pullup_up,194
87.16237,99.38549,pullup_up,194
68.11309,65.57814,pullup_up,194
90.673096,14.205247,pullup_up,194
80.52795,92.521324,pullup_up,194
63.544983,99.94127,pullup_up,194
16.902374,109.599495,pullup_up,194
36.2314,119.06795,pullup_up,194
64.82809,113.702255,pullup_up,194
42.079372,109.30864,pullup_up,194
58.21966,108.94841,pullup_up,194
18.280317,114.286285,pullup_up,194
53.465347,118.27409,pullup_up,194
64.88056,117.84222,pullup_up,194
33.672062,105.65668,pullup_up,194
82.9835,76.081726,pullup_up,194
83.26342,75.17176,pullup_up,194
77.08779,80.093124,pullup_up,194
77.192665,47.489216,pullup_up,194
94.351166,80.368515,pullup_up,194
34.581688,104.634415,pullup_up,194
48.853237,108.98319,pullup_up,194
89.18621,96.39034,pullup_up,194
113.41601,50.828545,pullup_up,194
108.831764,45.71696,pullup_up,194
150.3738,154.31389,pullup_down,194
157.3802,150.24275,pullup_down,194
158.79483,149.89519,pullup_down,194
154.67848,151.59422,pullup_down,194
155.78822,151.6649,pullup_down,194
159.11633,147.2232,pullup_down,194
163.45084,142.4511,pullup_down,194
162.13881,145.28342,pullup_down,194
164.89308,141.94893,pullup_down,194
170.4563,144.62047,pullup_down,194
164.35246,138.89499,pullup_down,194
170.52753,146.12361,pullup_down,194
157.8066,148.06175,pullup_down,194
174.00099,145.02625,pullup_down,194
170.10544,155.99724,pullup_down,194
171.66362,149.13458,pullup_down,194
173.88425,148.76634,pullup_down,194
168.20996,150.96443,pullup_down,194
173.55025,148.54047,pullup_down,194
173.19566,144.4978,pullup_down,194
174.13115,151.40268,pullup_down,194
172.22975,150.98712,pullup_down,194
173.77382,153.32591,pullup_down,194
174.07024,151.3013,pullup_down,194
174.68185,151.89291,pullup_down,194
172.83672,144.30177,pullup_down,194
170.64366,147.62468,pullup_down,194
168.38547,154.74016,pullup_down,194
173.74097,153.49298,pullup_down,194
170.16872,150.83772,pullup_down,194
171.878,146.37018,pullup_down,194
167.40303,144.04759,pullup_down,194
170.7064,141.17307,pullup_down,194
169.41655,151.58148,pullup_down,194
168.16862,142.39326,pullup_down,194
169.04666,147.3985,pullup_down,194
164.34956,145.81972,pullup_down,194
158.24397,144.58789,pullup_down,194
150.54659,152.51877,pullup_down,194
150.83969,151.29121,pullup_down,194
106.421844,49.06739,pullup_up,194
95.97373,46.819637,pullup_up,194
88.79135,11.176988,pullup_up,194
89.73501,55.8089,pullup_up,194
90.21938,99.64969,pullup_up,194
67.28675,88.6828,pullup_up,194
91.68857,16.60976,pullup_up,194
87.742256,58.249012,pullup_up,194
158.26085,160.13625,pullup_down,195
160.47226,142.01886,pullup_down,195
104.428,37.220707,pullup_up,195
150.2315,164.76054,pullup_down,195
151.34703,151.427,pullup_down,195
155.60336,158.13016,pullup_down,195
139.24925,168.19589,pullup_down,195
155.3488,175.28232,pullup_down,195
157.23314,162.91556,pullup_down,195
177.65054,151.01772,pullup_down,195
160.2073,147.18195,pullup_down,195
162.16003,150.94624,pullup_down,195
170.47629,156.99551,pullup_down,195
158.98557,146.52032,pullup_down,195
151.68599,153.3832,pullup_down,195
152.39212,171.23177,pullup_down,195
164.87253,145.88556,pullup_down,195
149.94122,157.41267,pullup_down,195
156.57059,152.08235,pullup_down,195
155.27127,161.41727,pullup_down,195
142.82004,163.2791,pullup_down,195
167.68214,151.67508,pullup_down,195
146.48448,155.86508,pullup_down,195
171.83626,135.77147,pullup_down,195
168.66763,160.16145,pullup_down,195
142.65068,161.83604,pullup_down,195
155.6175,147.53714,pullup_down,195
167.16125,171.12953,pullup_down,195
134.39815,177.19536,pullup_down,196
142.15436,179.72946,pullup_down,196
135.61531,178.57509,pullup_down,196
135.05748,170.74113,pullup_down,196
139.8837,161.45123,pullup_down,196
159.81502,163.57597,pullup_down,196
138.74489,170.49825,pullup_down,196
149.99162,176.43727,pullup_down,196
132.58261,172.04568,pullup_down,196
144.05266,172.23837,pullup_down,196
152.71178,177.07523,pullup_down,196
164.25655,179.17078,pullup_down,196
163.49745,178.96655,pullup_down,196
161.15121,148.62436,pullup_down,196
137.98141,169.82489,pullup_down,196
158.37231,162.10579,pullup_down,196
158.93507,160.0111,pullup_down,196
151.77556,162.40173,pullup_down,196
150.92802,165.93526,pullup_down,196
154.11067,161.82089,pullup_down,196
157.56697,165.03111,pullup_down,196
156.7403,156.85507,pullup_down,196
154.81325,166.70438,pullup_down,196
145.0196,156.87985,pullup_down,196
143.06302,159.60359,pullup_down,196
149.0781,160.07388,pullup_down,196
148.57881,162.6259,pullup_down,196
150.04112,160.55397,pullup_down,196
152.40971,161.21712,pullup_down,196
157.91759,162.70749,pullup_down,196
151.53104,161.89478,pullup_down,196
157.50932,161.36322,pullup_down,196
153.32669,159.53362,pullup_down,196
153.12016,162.83176,pullup_down,196
148.91205,161.81633,pullup_down,196
152.19745,160.54907,pullup_down,196
147.87704,156.37024,pullup_down,196
154.58603,162.29613,pullup_down,196
153.84904,166.17528,pullup_down,196
159.6524,164.7245,pullup_down,196
156.96542,158.35753,pullup_down,196
162.60469,163.94756,pullup_down,196
160.98602,161.03763,pullup_down,196
153.17177,173.82648,pullup_down,196
129.29898,170.7549,pullup_down,196
143.53163,171.9204,pullup_down,196
154.18655,174.4917,pullup_down,196
143.10338,174.28137,pullup_down,196
147.65985,171.58594,pullup_down,196
127.85947,175.64827,pullup_down,196
154.21638,174.82202,pullup_down,196
127.86318,178.5358,pullup_down,196
133.10022,176.277,pullup_down,196
134.00662,174.29733,pullup_down,196
142.14848,173.59549,pullup_down,196
136.13211,167.98354,pullup_down,196
137.68262,168.92305,pullup_down,196
146.403,165.74026,pullup_down,196
138.08568,166.55428,pullup_down,196
148.06477,152.63785,pullup_down,196
145.31139,175.71138,pullup_down,196
146.70082,177.39427,pullup_down,196
158.2306,170.18176,pullup_down,196
136.59077,174.94296,pullup_down,196
140.15907,170.47371,pullup_down,196
127.34104,173.89561,pullup_down,196
163.47282,176.74297,pullup_down,196
162.36632,174.18054,pullup_down,196
168.08023,159.92482,pullup_down,196
133.77234,178.13985,pullup_down,196
166.51776,169.6941,pullup_down,196
163.49069,167.30133,pullup_down,196
157.05708,164.20863,pullup_down,196
142.81866,171.73837,pullup_down,196
157.8096,165.51192,pullup_down,196
153.84781,158.53128,pullup_down,196
151.98799,156.80681,pullup_down,196
147.94977,157.31033,pullup_down,196
140.91092,159.68231,pullup_down,196
150.2884,158.91325,pullup_down,196
152.04037,159.58205,pullup_down,196
157.70135,162.68968,pullup_down,196
153.82344,157.70038,pullup_down,196
153.74078,157.23528,pullup_down,196
157.28722,155.20825,pullup_down,196
151.76028,161.21046,pullup_down,196
151.81589,157.03394,pullup_down,196
144.1617,158.10074,pullup_down,196
155.79305,157.93909,pullup_down,196
144.96008,157.33958,pullup_down,196
144.71695,158.49654,pullup_down,196
146.0256,158.64691,pullup_down,196
152.26549,156.72624,pullup_down,196
155.23167,158.52011,pullup_down,196
155.31866,160.59303,pullup_down,196
150.22546,160.42574,pullup_down,196
154.5575,159.42513,pullup_down,196
153.1568,159.36604,pullup_down,196
154.57486,156.06627,pullup_down,196
149.77016,159.3194,pullup_down,196
150.77307,160.12785,pullup_down,196
144.20776,155.91986,pullup_down,196
152.72708,156.98976,pullup_down,196
148.7322,157.36401,pullup_down,196
155.46341,157.85646,pullup_down,196
151.26738,157.05273,pullup_down,196
153.08421,155.70306,pullup_down,196
154.44804,164.72398,pullup_down,196
153.74677,163.28467,pullup_down,196
148.9943,166.03793,pullup_down,196
146.6269,158.62787,pullup_down,196
134.20975,175.05608,pullup_down,196
161.20872,170.12267,pullup_down,196
153.65219,167.59929,pullup_down,196
165.31628,177.20999,pullup_down,196
165.87161,173.94325,pullup_down,196
167.70955,172.66037,pullup_down,196
166.31213,174.58548,pullup_down,196
163.79071,166.58112,pullup_down,196
162.35408,164.51094,pullup_down,196
167.69319,175.45299,pullup_down,196
158.03316,172.2824,pullup_down,196
156.67096,175.4379,pullup_down,196
135.85284,170.0549,pullup_down,196
137.73987,174.02258,pullup_down,196
138.10582,171.83162,pullup_down,196
142.61194,160.83826,pullup_down,196
143.23778,168.45448,pullup_down,196
145.14813,173.68462,pullup_down,196
152.60387,172.38124,pullup_down,196
148.84573,170.76826,pullup_down,196
97.00813,88.005066,pullup_up,197
87.52366,94.075516,pullup_up,197
88.8166,95.72325,pullup_up,197
97.796234,90.09006,pullup_up,197
91.38114,94.46791,pullup_up,197
89.80607,80.325356,pullup_up,197
72.514915,81.21514,pullup_up,198
176.46469,143.85022,pullup_down,198
172.90775,133.9439,pullup_down,198
160.79031,146.42252,pullup_down,198
160.9017,151.2242,pullup_down,198
160.13994,163.96326,pullup_down,198
151.34474,162.08522,pullup_down,198
156.14975,163.2734,pullup_down,198
154.69386,163.43571,pullup_down,198
169.11182,145.8478,pullup_down,198
151.46344,156.71674,pullup_down,198
157.01237,148.14859,pullup_down,198
147.77383,154.59758,pullup_down,198
77.86126,85.99691,pullup_up,198
38.548073,88.72259,pullup_up,198
45.350693,106.19846,pullup_up,198
153.96004,149.6936,pullup_down,198
157.79727,149.05357,pullup_down,198
151.80716,161.93507,pullup_down,198
142.81755,171.02063,pullup_down,198
157.97939,165.86954,pullup_down,198
163.71698,155.32513,pullup_down,198
162.88309,162.79033,pullup_down,198
170.23184,161.01797,pullup_down,198
145.33377,162.89027,pullup_down,198
155.1869,159.39316,pullup_down,198
150.29825,158.37521,pullup_down,198
152.26915,151.55655,pullup_down,198
97.53004,23.203485,pullup_up,198
94.438896,40.69166,pullup_up,198
88.79052,57.905304,pullup_up,198
67.547714,58.970573,pullup_up,198
84.489685,54.82524,pullup_up,198
86.85208,30.006468,pullup_up,198
86.27265,38.86838,pullup_up,198
105.12484,78.18861,pullup_up,198
111.565346,66.02618,pullup_up,198
155.86302,147.84062,pullup_down,198
174.73723,152.84431,pullup_down,198
163.48335,150.15727,pullup_down,198
145.77556,155.82124,pullup_down,198
151.21886,169.46603,pullup_down,198
168.88573,144.60146,pullup_down,198
145.7176,168.73238,pullup_down,198
146.813,157.06853,pullup_down,198
151.74352,159.92578,pullup_down,198
153.69987,165.09047,pullup_down,198
149.9676,155.4202,pullup_down,198
154.72466,153.3186,pullup_down,198
156.29628,154.53271,pullup_down,198
169.8837,150.73221,pullup_down,198
173.21713,148.80113,pullup_down,198
151.61386,151.32362,pullup_down,198
95.427986,88.1283,pullup_up,198
94.20475,80.110664,pullup_up,198
89.41403,67.97122,pullup_up,198
85.26215,77.63295,pullup_up,198
85.01171,97.86043,pullup_up,198
85.410614,66.4229,pullup_up,198
99.18816,78.35869,pullup_up,198
83.85948,92.66622,pullup_up,198
83.46705,97.63017,pullup_up,198
84.20506,105.71335,pullup_up,198
161.29173,166.59557,pullup_down,198
173.45302,173.8659,pullup_down,198
165.45123,158.2174,pullup_down,198
167.58946,164.74126,pullup_down,198
152.7755,153.76378,pullup_down,198
168.83673,171.32657,pullup_down,198
148.85423,158.74348,pullup_down,198
151.79893,151.58887,pullup_down,198
152.96681,147.93683,pullup_down,198
88.59091,92.094536,pullup_up,198
151.67036,151.99176,pullup_down,198
154.21617,157.6797,pullup_down,198
160.33755,157.83789,pullup_down,198
150.09216,169.11823,pullup_down,198
163.94443,167.4922,pullup_down,198
99.65234,87.10111,pullup_up,199
100.13433,75.74264,pullup_up,199
175.41272,161.58,pullup_down,199
145.91286,154.42397,pullup_down,199
148.92673,158.5696,pullup_down,199
76.94749,105.337555,pullup_up,199
93.66465,65.630135,pullup_up,199
81.57564,72.44892,pullup_up,199
84.99766,62.11585,pullup_up,199
89.16584,94.79093,pullup_up,199
64.94289,73.184525,pullup_up,199
95.03008,58.888004,pullup_up,199
61.368256,64.01462,pullup_up,199
70.18401,82.366455,pullup_up,199
64.03063,82.79347,pullup_up,199
77.837685,99.68914,pullup_up,199
80.3801,108.156906,pullup_up,199
166.01714,150.44368,pullup_down,199
43.74821,32.275368,pullup_up,199
71.86759,108.60528,pullup_up,199
161.68672,155.58678,pullup_down,199
169.04836,151.83983,pullup_down,199
151.7636,149.74759,pullup_down,199
85.42944,83.20467,pullup_up,199
98.10125,87.055855,pullup_up,199
79.165,107.25864,pullup_up,199
92.618996,94.04707,pullup_up,199
133.6842,167.42546,pullup_down,199
66.234665,110.26688,pullup_up,199
64.694756,123.80118,pullup_up,199
59.871235,106.77945,pullup_up,199
70.30607,105.881035,pullup_up,199
61.489635,100.82383,pullup_up,199
63.26576,72.742546,pullup_up,199
72.03359,78.745384,pullup_up,199
84.061676,79.47939,pullup_up,199
83.87465,89.59576,pullup_up,199
82.18384,94.12421,pullup_up,199
77.321465,94.13263,pullup_up,199
75.31285,84.26369,pullup_up,199
74.112816,84.38558,pullup_up,199
69.89359,100.90364,pullup_up,199
74.53519,78.888695,pullup_up,199
77.33614,95.17551,pullup_up,199
137.75453,162.90941,pullup_down,199
171.483,152.58147,pullup_down,199
105.62596,35.508377,pullup_up,199
110.48349,58.528316,pullup_up,199
109.632164,78.41053,pullup_up,199
106.44851,77.69309,pullup_up,199
62.8739,54.58265,pullup_up,199
69.75236,82.76898,pullup_up,199
160.38033,153.20596,pullup_down,199
166.82413,146.91805,pullup_down,199
175.0343,134.71898,pullup_down,199
169.0557,174.33723,pullup_down,200
152.92178,166.5827,pullup_down,200
142.04881,162.58601,pullup_down,200
71.183846,109.0008,pullup_up,200
160.811,157.73428,pullup_down,200
153.62744,156.21991,pullup_down,200
157.50662,147.66518,pullup_down,200
69.714424,110.96085,pullup_up,200
153.4777,151.17078,pullup_down,200
72.458534,59.09127,pullup_up,200
163.21611,154.1442,pullup_down,200
156.50414,159.67068,pullup_down,200
161.83212,164.02908,pullup_down,200
163.7869,160.85367,pullup_down,200
147.85193,155.37042,pullup_down,200
168.13297,167.13663,pullup_down,200
167.07053,158.23145,pullup_down,200
146.93736,163.09229,pullup_down,200
66.30282,104.41463,pullup_up,200
64.92954,69.21852,pullup_up,200
61.620426,91.87211,pullup_up,200
73.32634,90.79498,pullup_up,200
161.80861,153.98723,pullup_down,200
165.23518,161.21819,pullup_down,200
168.94824,158.9223,pullup_down,200
168.94817,155.71016,pullup_down,200
163.44441,153.94601,pullup_down,200
166.58392,166.92868,pullup_down,200
167.91083,172.73889,pullup_down,200
159.57062,161.60669,pullup_down,200
158.79402,165.13155,pullup_down,200
57.669346,122.36395,pullup_up,200
73.86712,103.940125,pullup_up,200
156.62923,145.60031,pullup_down,200
147.15654,159.1733,pullup_down,200
155.9362,161.69557,pullup_down,200
155.67258,161.66861,pullup_down,200
163.17645,163.1998,pullup_down,200
160.41833,162.3008,pullup_down,200
60.76123,117.87757,pullup_up,200
59.422226,127.22709,pullup_up,200
78.243996,73.18484,pullup_up,200
68.3284,115.33091,pullup_up,200
155.87105,148.312,pullup_down,200
158.85757,147.26472,pullup_down,200
155.8009,149.67969,pullup_down,200
151.364,159.76561,pullup_down,200
78.074326,107.59862,pullup_up,200
64.36811,123.1188,pullup_up,200
67.04542,105.18096,pullup_up,200
102.23762,77.76896,pullup_up,200
157.31271,153.51105,pullup_down,200
152.71848,155.69724,pullup_down,200
167.63657,152.35599,pullup_down,200
164.36208,153.25223,pullup_down,200
164.43436,152.09009,pullup_down,200
156.346,150.89062,pullup_down,200
58.64267,118.134674,pullup_up,200
163.28716,137.75063,pullup_down,200
152.46031,150.55714,pullup_down,200
146.83688,154.76176,pullup_down,200
149.0041,157.27812,pullup_down,200
151.74883,157.7247,pullup_down,200
142.50053,159.81215,pullup_down,200
63.36993,119.9597,pullup_up,200
150.08559,151.08017,pullup_down,200
61.81219,122.81163,pullup_up,201
76.25774,70.00737,pullup_up,201
154.22203,152.14508,pullup_down,201
149.00543,151.11613,pullup_down,201
154.39749,159.16718,pullup_down,201
151.78745,158.27066,pullup_down,201
155.86902,155.25696,pullup_down,201
150.49484,155.70657,pullup_down,201
87.252975,80.523026,pullup_up,201
82.78711,84.97933,pullup_up,201
102.509544,87.25012,pullup_up,201
155.64389,154.95897,pullup_down,201
155.58955,155.6001,pullup_down,201
150.19913,153.6443,pullup_down,201
159.4208,152.84015,pullup_down,201
158.80185,141.59106,pullup_down,201
148.58827,155.07408,pullup_down,201
160.69487,143.38153,pullup_down,201
151.95683,159.58115,pullup_down,201
157.02017,157.03752,pullup_down,201
161.98596,155.49347,pullup_down,201
155.96367,154.47502,pullup_down,201
154.75471,156.94212,pullup_down,201
151.06651,152.98161,pullup_down,201
152.43102,150.50009,pullup_down,201
152.00911,153.43642,pullup_down,201
157.42154,152.01537,pullup_down,201
154.28343,153.02824,pullup_down,201
153.09604,153.09268,pullup_down,201
154.15645,149.02994,pullup_down,201
153.65686,147.09447,pullup_down,201
95.97182,85.85094,pullup_up,201
94.26292,90.48462,pullup_up,201
146.02702,155.63748,pullup_down,201
147.7564,155.2619,pullup_down,201
168.46797,160.9379,pullup_down,201
152.57846,156.60466,pullup_down,201
150.96387,164.32649,pullup_down,201
162.52513,148.8319,pullup_down,201
161.55385,147.60986,pullup_down,201
135.50427,172.84831,pullup_down,201
175.22922,162.01123,pullup_down,201
165.33012,161.86623,pullup_down,201
162.72841,156.15404,pullup_down,201
156.26215,155.8253,pullup_down,201
146.80074,153.46442,pullup_down,201
146.92107,161.73772,pullup_down,201
153.61623,151.59271,pullup_down,201
156.75168,150.93884,pullup_down,201
136.75746,164.82822,pullup_down,201
166.44121,144.99269,pullup_down,201
149.52719,153.97435,pullup_down,201
155.33691,154.54483,pullup_down,201
162.48625,155.13725,pullup_down,202
160.32373,151.02122,pullup_down,202
157.89671,159.21573,pullup_down,202
151.48955,158.03658,pullup_down,202
148.16959,158.22108,pullup_down,202
155.81805,148.93788,pullup_down,202
160.05171,148.6781,pullup_down,202
159.88136,150.34799,pullup_down,202
148.67633,154.79784,pullup_down,202
151.75435,153.34833,pullup_down,202
162.34769,168.98174,pullup_down,202
143.87267,161.22752,pullup_down,202
74.79562,98.76107,pullup_up,202
154.50676,154.55838,pullup_down,202
156.2162,154.92126,pullup_down,202
153.85121,162.7158,pullup_down,202
159.49141,164.82141,pullup_down,202
158.89128,161.8428,pullup_down,202
155.29918,146.45583,pullup_down,202
41.221783,29.551815,pullup_up,202
169.79965,174.87065,pullup_down,203
155.00334,170.62045,pullup_down,203
156.1038,160.95789,pullup_down,203
169.58919,173.88469,pullup_down,203
149.64386,154.98149,pullup_down,203
148.639,165.4137,pullup_down,203
157.99052,162.65663,pullup_down,203
167.99608,162.55046,pullup_down,203
156.58244,156.41714,pullup_down,203
100.166214,86.23141,pullup_up,203
165.71623,175.8472,pullup_down,203
148.42316,162.99323,pullup_down,203
172.54361,152.15297,pullup_down,203
169.08583,162.05028,pullup_down,203
142.69212,167.5751,pullup_down,203
153.48764,160.92621,pullup_down,203
167.21658,142.58415,pullup_down,203
166.8461,160.80238,pullup_down,203
174.98381,164.46788,pullup_down,203
26.684685,105.22143,pullup_up,203
165.53116,163.8924,pullup_down,203
174.83168,174.20119,pullup_down,203
156.65265,154.62427,pullup_down,203
173.443,170.52744,pullup_down,203
153.20471,161.56845,pullup_down,203
152.85251,161.40045,pullup_down,203
156.42287,159.33981,pullup_down,203
165.65259,175.94585,pullup_down,203
160.2863,179.513,pullup_down,203
156.31775,174.84865,pullup_down,203
168.04694,176.2858,pullup_down,203
166.72095,160.12253,pullup_down,203
176.03181,165.93391,pullup_down,203
158.63225,163.83739,pullup_down,203
163.09834,161.92172,pullup_down,203
168.96603,157.3744,pullup_down,203
171.03767,133.25726,pullup_down,203
178.26144,144.7592,pullup_down,203
77.86442,90.164986,pullup_up,203
68.818085,106.81687,pullup_up,203
63.01151,110.325714,pullup_up,203
53.65855,65.37927,pullup_up,203
62.429573,125.66852,pullup_up,203
156.80197,165.31686,pullup_down,203
147.54907,155.32549,pullup_down,203
168.53336,169.29366,pullup_down,203
169.55925,166.58215,pullup_down,203
165.79597,160.79718,pullup_down,203
151.30334,173.16394,pullup_down,203
172.64917,167.13748,pullup_down,203
142.93867,162.08928,pullup_down,203
168.22415,167.92863,pullup_down,203
177.42274,175.0433,pullup_down,203
170.3469,173.06476,pullup_down,203
168.37167,174.17973,pullup_down,203
156.40417,159.22195,pullup_down,204
155.0345,155.11656,pullup_down,204
151.49161,156.15388,pullup_down,204
150.45335,158.09068,pullup_down,204
144.34982,158.73521,pullup_down,204
146.5842,161.98741,pullup_down,204
148.4823,162.13248,pullup_down,204
146.14433,160.64297,pullup_down,204
144.25607,160.29837,pullup_down,204
138.32674,162.12976,pullup_down,204
84.726585,30.853125,pullup_up,204
86.43333,102.71782,pullup_up,204
79.936005,108.4291,pullup_up,204
79.37383,107.93869,pullup_up,204
146.69122,155.71758,pullup_down,204
145.88538,154.88284,pullup_down,204
149.35728,158.05664,pullup_down,204
154.02594,161.75682,pullup_down,204
151.67699,152.23366,pullup_down,204
153.3825,157.17186,pullup_down,204
158.27708,155.76723,pullup_down,204
156.44623,156.83687,pullup_down,204
160.79935,164.69907,pullup_down,204
159.09402,166.94157,pullup_down,204
159.74738,164.42406,pullup_down,204
165.81421,163.43115,pullup_down,204
169.41893,162.74454,pullup_down,204
169.98578,164.20279,pullup_down,204
173.252,164.85284,pullup_down,204
171.0038,161.9701,pullup_down,204
171.51656,162.75998,pullup_down,204
174.7585,162.3707,pullup_down,204
169.2312,166.48915,pullup_down,204
171.11662,166.2787,pullup_down,204
166.20226,165.61917,pullup_down,204
167.58752,168.43623,pullup_down,204
169.15668,168.04861,pullup_down,204
174.19139,170.7556,pullup_down,204
172.9585,168.29556,pullup_down,204
171.59262,168.28354,pullup_down,204
169.93657,168.38287,pullup_down,204
170.4825,164.7582,pullup_down,204
169.10927,164.80206,pullup_down,204
172.80122,163.4278,pullup_down,204
171.56725,166.31673,pullup_down,204
174.10626,162.41591,pullup_down,204
170.39955,161.78781,pullup_down,204
172.94478,164.11166,pullup_down,204
167.47568,161.81078,pullup_down,204
165.4169,163.04584,pullup_down,204
165.2311,163.63792,pullup_down,204
161.38783,161.57385,pullup_down,204
159.30017,163.94214,pullup_down,204
150.35158,158.14886,pullup_down,204
151.9477,162.0602,pullup_down,204
148.96109,154.66252,pullup_down,204
152.14317,156.84633,pullup_down,204
151.69951,160.88208,pullup_down,204
143.7603,156.35258,pullup_down,204
76.527435,97.76939,pullup_up,204
30.373985,91.26202,pullup_up,204
69.81742,82.18834,pullup_up,204
76.051155,109.7636,pullup_up,204
82.52653,103.274254,pullup_up,204
83.30745,101.99551,pullup_up,204
86.46881,97.844124,pullup_up,204
83.17076,101.36129,pullup_up,204
139.54807,160.90138,pullup_down,204
145.64728,165.64369,pullup_down,204
142.38489,164.49318,pullup_down,204
145.60214,165.49944,pullup_down,204
144.51082,159.97937,pullup_down,204
145.96335,161.43872,pullup_down,204
146.8164,161.01727,pullup_down,204
153.1785,162.72005,pullup_down,204
154.41422,164.69292,pullup_down,204
154.57333,162.60785,pullup_down,204
154.91072,159.21053,pullup_down,204
159.70161,162.97781,pullup_down,204
159.93176,160.96463,pullup_down,204
164.19324,167.34715,pullup_down,204
149.37991,167.64839,pullup_down,205
160.58676,174.85352,pullup_down,205
168.5954,145.248,pullup_down,205
151.4064,170.343,pullup_down,205
156.22986,164.12712,pullup_down,205
161.6526,175.03851,pullup_down,205
63.722286,77.00848,pullup_up,205
151.28954,166.90736,pullup_down,205
157.73624,154.7269,pullup_down,205
113.36735,75.64956,pullup_up,205
69.715904,44.84699,pullup_up,205
118.27251,22.00976,pullup_up,205
154.61311,162.15707,pullup_down,205
168.27592,150.12138,pullup_down,205
143.8799,160.43576,pullup_down,205
161.86986,152.14378,pullup_down,205
62.65929,35.32022,pullup_up,205
169.10558,136.82019,pullup_down,205
85.188354,69.913086,pullup_up,205
112.844505,77.0086,pullup_up,205
166.35214,151.45593,pullup_down,205
156.44131,147.97217,pullup_down,205
155.1816,153.96457,pullup_down,205
161.33809,153.38774,pullup_down,205
49.782436,74.00596,pullup_up,205
162.20874,139.14233,pullup_down,205
163.93124,159.92969,pullup_down,205
93.015495,88.47788,pullup_up,206
94.155235,91.61942,pullup_up,206
92.07682,94.40268,pullup_up,206
83.0795,86.48524,pullup_up,206
79.79479,85.995865,pullup_up,206
82.58405,80.126595,pullup_up,206
70.7624,76.92458,pullup_up,206
74.79815,74.24526,pullup_up,206
72.51381,74.32118,pullup_up,206
68.9636,69.19714,pullup_up,206
65.245026,73.927414,pullup_up,206
67.13467,70.10616,pullup_up,206
66.64592,73.05348,pullup_up,206
66.43104,68.2342,pullup_up,206
74.31345,77.67562,pullup_up,206
73.84184,78.405235,pullup_up,206
66.0025,72.045746,pullup_up,206
69.97991,74.43487,pullup_up,206
73.27656,73.324265,pullup_up,206
72.98215,77.27155,pullup_up,206
66.17175,65.84934,pullup_up,206
69.17595,71.42056,pullup_up,206
66.774124,73.4239,pullup_up,206
66.43072,71.183136,pullup_up,206
68.52106,73.62046,pullup_up,206
72.12501,75.601105,pullup_up,206
73.77955,72.62125,pullup_up,206
68.16598,70.400375,pullup_up,206
75.334496,79.68118,pullup_up,206
72.69874,76.980865,pullup_up,206
67.98302,74.79481,pullup_up,206
74.685036,81.88059,pullup_up,206
75.25719,79.14811,pullup_up,206
76.899254,85.41015,pullup_up,206
81.88203,83.44245,pullup_up,206
84.55547,86.21776,pullup_up,206
90.90682,92.299416,pullup_up,206
157.09494,144.57562,pullup_down,206
161.14784,141.31305,pullup_down,206
159.70279,143.30989,pullup_down,206
165.21797,139.79955,pullup_down,206
162.09465,142.2638,pullup_down,206
163.4174,145.3265,pullup_down,206
157.47304,145.85529,pullup_down,206
160.31836,148.15495,pullup_down,206
162.75801,147.4474,pullup_down,206
162.56561,148.41669,pullup_down,206
162.61977,146.28006,pullup_down,206
161.68611,145.91177,pullup_down,206
160.0188,142.8606,pullup_down,206
159.91559,145.29308,pullup_down,206
157.76373,143.6845,pullup_down,206
157.41011,147.72084,pullup_down,206
164.23058,143.54039,pullup_down,206
163.98001,147.09914,pullup_down,206
162.63582,148.09956,pullup_down,206
161.04778,150.25049,pullup_down,206
162.7818,148.30531,pullup_down,206
162.68953,150.8707,pullup_down,206
160.10075,151.94041,pullup_down,206
161.12674,149.73413,pullup_down,206
160.43141,149.73088,pullup_down,206
164.55156,148.32997,pullup_down,206
156.21472,148.86255,pullup_down,206
160.89462,145.84491,pullup_down,206
158.44182,147.09732,pullup_down,206
156.12662,148.46132,pullup_down,206
92.97566,89.713234,pullup_up,206
96.611115,88.64305,pullup_up,206
91.38308,89.41195,pullup_up,206
91.496796,89.28095,pullup_up,206
90.2196,87.78543,pullup_up,206
84.02853,85.72903,pullup_up,206
83.76664,81.9499,pullup_up,206
78.86204,78.89042,pullup_up,206
69.12475,75.802055,pullup_up,206
76.860535,77.16735,pullup_up,206
73.173134,79.44896,pullup_up,206
70.80647,75.55455,pullup_up,206
66.25694,71.126434,pullup_up,206
63.69903,67.28924,pullup_up,206
71.16062,71.31576,pullup_up,206
73.30058,76.69017,pullup_up,206
72.7217,76.43033,pullup_up,206
69.71888,72.3474,pullup_up,206
70.456604,75.186905,pullup_up,206
70.887535,73.996864,pullup_up,206
72.74375,79.22879,pullup_up,206
73.157135,76.13635,pullup_up,206
70.79233,73.72835,pullup_up,206
64.98257,69.86015,pullup_up,206
68.849464,77.7254,pullup_up,206
68.80557,70.27261,pullup_up,206
69.597824,75.612526,pullup_up,206
62.6274,84.360794,pullup_up,206
73.15643,80.35514,pullup_up,206
73.83623,78.97557,pullup_up,206
72.17117,75.26487,pullup_up,206
79.41212,78.0338,pullup_up,206
75.6309,69.77296,pullup_up,206
88.5089,80.30201,pullup_up,206
90.79144,83.358765,pullup_up,206
92.04172,85.57538,pullup_up,206
91.090385,92.275314,pullup_up,206
86.34884,84.90261,pullup_up,206
89.81751,86.91118,pullup_up,206
158.1209,143.24802,pullup_down,206
160.3418,146.05145,pullup_down,206
159.90187,145.48575,pullup_down,206
161.57077,145.99548,pullup_down,206
161.25827,145.50082,pullup_down,206
161.81607,142.41107,pullup_down,206
161.90208,144.87793,pullup_down,206
161.80316,146.09802,pullup_down,206
161.27536,143.77255,pullup_down,206
159.68668,144.8154,pullup_down,206
159.45105,148.24564,pullup_down,206
158.86203,143.24313,pullup_down,206
157.73036,143.63658,pullup_down,206
155.17262,145.90005,pullup_down,207
93.522316,90.807335,pullup_up,207
88.60379,100.634735,pullup_up,207
86.76923,92.6498,pullup_up,207
88.37518,90.91893,pullup_up,207
83.36036,100.777725,pullup_up,207
85.721535,103.724,pullup_up,207
73.00701,92.798004,pullup_up,207
80.95509,90.59778,pullup_up,207
76.58735,62.52855,pullup_up,207
80.18581,65.8592,pullup_up,207
76.47401,84.06616,pullup_up,207
91.76858,70.050575,pullup_up,207
82.02666,59.96213,pullup_up,207
83.99991,82.09519,pullup_up,207
87.7029,95.01571,pullup_up,207
83.38906,98.218346,pullup_up,207
73.19128,72.89845,pullup_up,207
73.63325,98.73118,pullup_up,207
82.02998,102.11896,pullup_up,207
92.60763,60.797497,pullup_up,207
88.853226,42.21576,pullup_up,207
95.2985,84.91564,pullup_up,207
153.96149,154.38525,pullup_down,207
155.74615,144.60938,pullup_down,207
161.45853,148.07144,pullup_down,207
162.12433,154.44623,pullup_down,207
162.18275,153.1544,pullup_down,207
162.08423,148.34164,pullup_down,207
163.26118,153.09749,pullup_down,207
164.99966,149.51251,pullup_down,207
159.71402,146.858,pullup_down,207
156.35526,152.83809,pullup_down,207
153.37291,150.31812,pullup_down,207
111.05642,78.80939,pullup_up,207
104.98259,69.52166,pullup_up,207
106.804596,74.217865,pullup_up,207
108.62021,79.277664,pullup_up,207
97.855804,54.37772,pullup_up,207
87.4781,40.67027,pullup_up,207
80.57245,37.507572,pullup_up,207
82.246544,43.83871,pullup_up,207
76.17625,36.327465,pullup_up,207
88.30742,33.42164,pullup_up,207
81.452156,93.13084,pullup_up,207
91.7362,90.53315,pullup_up,207
84.55997,66.75341,pullup_up,207
94.693085,79.823814,pullup_up,207
88.3991,63.00476,pullup_up,207
94.283356,79.16621,pullup_up,207
94.54369,85.39983,pullup_up,207
90.26207,31.189337,pullup_up,207
93.383385,57.890858,pullup_up,207
85.13583,73.27933,pullup_up,207
80.56378,79.99714,pullup_up,207
85.24789,81.72347,pullup_up,207
80.93117,66.82959,pullup_up,207
80.25747,68.33125,pullup_up,207
80.965164,77.49649,pullup_up,207
88.65878,93.21061,pullup_up,207
79.49857,89.32183,pullup_up,207
85.45393,91.46072,pullup_up,207
87.68732,101.036865,pullup_up,207
68.38563,97.872574,pullup_up,207
71.829994,93.19563,pullup_up,207
65.86911,94.62621,pullup_up,207
74.12522,93.26222,pullup_up,207
82.47431,95.51769,pullup_up,207
88.08027,99.44353,pullup_up,207
83.92485,97.829254,pullup_up,207
90.1357,98.31043,pullup_up,207
91.160095,87.24716,pullup_up,207
81.11267,95.30057,pullup_up,207
85.57661,76.066086,pullup_up,207
95.980675,59.301224,pullup_up,207
109.37926,58.003834,pullup_up,207
159.64622,155.37445,pullup_down,207
