left_elbow_angle,right_elbow_angle,label,source
160.56967,151.7627,pushup_up,208
162.26125,150.06102,pushup_up,208
162.41968,149.40009,pushup_up,208
157.99591,159.30463,pushup_up,208
158.85147,155.91891,pushup_up,208
109.08452,74.90895,pushup_down,209
113.68642,70.43333,pushup_down,209
105.46396,75.23687,pushup_down,209
117.430244,83.62323,pushup_down,209
54.912716,64.93925,pushup_down,209
70.959785,69.07229,pushup_down,209
92.92163,56.99377,pushup_down,209
63.41185,80.10832,pushup_down,209
60.01616,72.957405,pushup_down,209
111.85965,94.19208,pushup_down,209
109.461716,90.10688,pushup_down,209
118.25367,78.51641,pushup_down,209
163.50404,157.15494,pushup_up,209
145.19122,166.47406,pushup_up,209
113.85153,80.36634,pushup_down,209
115.24974,81.05944,pushup_down,209
122.11991,84.299515,pushup_down,209
145.95493,168.72873,pushup_up,209
145.5915,164.41962,pushup_up,209
115.08356,88.91724,pushup_down,209
112.3025,76.69277,pushup_down,209
103.20984,64.20602,pushup_down,209
102.35816,66.98522,pushup_down,209
62.081757,66.501915,pushup_down,209
103.175735,55.67466,pushup_down,209
94.68089,69.5518,pushup_down,209
96.4627,75.89958,pushup_down,209
112.79728,60.14535,pushup_down,209
115.1542,58.950848,pushup_down,209
121.07209,69.126144,pushup_down,209
111.85108,91.721085,pushup_down,209
150.31203,168.10744,pushup_up,209
144.54118,166.35052,pushup_up,209
144.69818,166.0124,pushup_up,209
115.55662,91.21053,pushup_down,209
107.07755,83.09776,pushup_down,209
111.59144,80.06912,pushup_down,209
114.09576,83.25311,pushup_down,209
112.41951,84.826805,pushup_down,209
152.6674,157.79057,pushup_up,209
150.7892,161.76102,pushup_up,209
147.38512,170.03941,pushup_up,209
152.2593,158.92749,pushup_up,209
149.87251,164.79854,pushup_up,209
174.37878,171.02254,pushup_up,210
176.60948,171.34105,pushup_up,210
176.66176,169.7706,pushup_up,210
178.10854,170.4546,pushup_up,210
177.98218,169.05031,pushup_up,210
179.48755,166.90134,pushup_up,210
177.24066,165.8372,pushup_up,210
175.07808,165.48575,pushup_up,210
176.25226,164.15973,pushup_up,210
175.06694,164.82062,pushup_up,210
175.31583,165.03348,pushup_up,210
172.61662,162.23508,pushup_up,210
165.52402,157.25386,pushup_up,210
167.66115,153.34972,pushup_up,210
164.53877,151.56963,pushup_up,210
160.29282,158.53111,pushup_up,210
171.8619,143.3272,pushup_up,210
154.761,158.81183,pushup_up,210
172.33153,158.70586,pushup_up,210
150.6859,166.9437,pushup_up,210
146.0698,164.01044,pushup_up,210
141.6775,172.07355,pushup_up,210
150.88904,161.03418,pushup_up,210
158.35144,159.55988,pushup_up,210
147.80896,164.8692,pushup_up,210
149.0006,174.4486,pushup_up,210
158.89241,175.80086,pushup_up,210
161.38213,160.6716,pushup_up,210
162.66423,156.13081,pushup_up,210
160.59264,154.73216,pushup_up,210
161.49954,158.6009,pushup_up,210
163.4588,159.41747,pushup_up,210
166.40741,159.31593,pushup_up,210
167.52144,161.87637,pushup_up,210
167.0456,161.84966,pushup_up,210
168.97491,164.77748,pushup_up,210
169.14067,164.11334,pushup_up,210
170.74579,166.59647,pushup_up,210
171.85387,164.80038,pushup_up,210
174.80196,168.5404,pushup_up,210
176.73755,168.5311,pushup_up,210
175.47531,169.04898,pushup_up,210
177.18512,169.66124,pushup_up,210
178.7973,171.41425,pushup_up,210
178.20778,171.08232,pushup_up,210
177.3661,169.71143,pushup_up,210
178.40332,169.31851,pushup_up,210
179.17812,169.70839,pushup_up,210
179.20671,170.26836,pushup_up,210
179.59073,167.84511,pushup_up,210
178.22578,168.95732,pushup_up,210
174.98999,166.90205,pushup_up,210
175.6227,167.077,pushup_up,210
178.36313,167.6417,pushup_up,210
178.10564,169.14865,pushup_up,210
177.53549,168.25027,pushup_up,210
177.98761,169.45976,pushup_up,210
178.23851,170.97052,pushup_up,210
177.44096,171.89256,pushup_up,210
174.31013,170.89436,pushup_up,210
173.85768,171.16772,pushup_up,210
174.22621,170.31114,pushup_up,210
172.64093,168.88354,pushup_up,210
169.9069,170.5799,pushup_up,210
170.15633,170.01817,pushup_up,210
167.19264,169.62082,pushup_up,210
167.28807,168.44165,pushup_up,210
164.45119,166.18927,pushup_up,210
161.15578,163.8242,pushup_up,210
161.56776,163.49413,pushup_up,210
160.46506,160.50023,pushup_up,210
158.65918,154.56467,pushup_up,210
157.87668,153.24417,pushup_up,210
157.34091,154.59663,pushup_up,210
152.4654,165.53676,pushup_up,210
75.21603,102.72584,pushup_down,210
160.70439,149.37923,pushup_up,210
161.32564,153.70404,pushup_up,210
161.76167,154.399,pushup_up,210
162.62186,153.74812,pushup_up,210
163.74184,156.5427,pushup_up,210
162.2101,155.69939,pushup_up,210
165.72273,160.26633,pushup_up,210
165.84497,159.62277,pushup_up,210
165.00552,158.62294,pushup_up,210
166.2038,161.5269,pushup_up,210
168.1492,165.02684,pushup_up,210
165.47655,163.16734,pushup_up,210
166.41637,166.09692,pushup_up,210
168.6497,166.23431,pushup_up,210
168.57358,168.44785,pushup_up,210
168.0576,165.91748,pushup_up,210
167.12122,166.08896,pushup_up,210
165.49004,164.76842,pushup_up,210
161.9372,164.77902,pushup_up,210
163.90617,164.52798,pushup_up,210
164.10747,167.32819,pushup_up,210
164.17381,165.81133,pushup_up,210
166.57013,171.09349,pushup_up,210
165.21918,172.23978,pushup_up,210
165.7431,171.93106,pushup_up,210
166.24307,173.39986,pushup_up,210
167.15854,175.74306,pushup_up,210
166.60397,172.40068,pushup_up,210
164.22093,169.00502,pushup_up,210
168.71745,176.84613,pushup_up,210
171.15703,175.77394,pushup_up,210
171.52582,175.57668,pushup_up,210
171.73627,177.05734,pushup_up,210
172.72302,176.41531,pushup_up,210
170.52756,177.57867,pushup_up,210
168.84373,177.03534,pushup_up,210
168.10503,174.3479,pushup_up,210
168.02245,171.7958,pushup_up,210
170.65213,170.47838,pushup_up,210
168.76704,169.6756,pushup_up,210
168.35814,168.73262,pushup_up,210
174.71101,168.833,pushup_up,210
173.244,171.70119,pushup_up,210
172.73665,168.10718,pushup_up,210
174.96797,168.17624,pushup_up,210
175.40904,168.52672,pushup_up,210
174.60333,168.51799,pushup_up,210
171.78003,168.49535,pushup_up,210
156.91742,167.7943,pushup_up,211
142.17484,170.25615,pushup_up,211
145.51878,172.51456,pushup_up,211
149.36334,163.54565,pushup_up,211
171.72243,155.235,pushup_up,211
107.42365,101.66568,pushup_down,211
97.34115,80.74759,pushup_down,211
98.109695,81.01633,pushup_down,211
76.95241,56.07155,pushup_down,211
74.775276,55.8631,pushup_down,211
92.88429,71.72555,pushup_down,211
82.55686,63.13653,pushup_down,211
83.01193,63.57062,pushup_down,211
86.48043,66.22721,pushup_down,211
83.07791,62.042374,pushup_down,211
82.88588,66.79799,pushup_down,211
83.235054,66.57869,pushup_down,211
86.386246,63.69969,pushup_down,211
84.28781,63.891647,pushup_down,211
86.18669,66.94141,pushup_down,211
91.33872,72.20102,pushup_down,211
86.380264,67.79506,pushup_down,211
90.08694,70.10917,pushup_down,211
89.400055,68.69099,pushup_down,211
101.155975,90.51446,pushup_down,211
101.18452,99.3768,pushup_down,211
102.32383,99.62206,pushup_down,211
107.037895,99.20707,pushup_down,211
89.21279,110.848595,pushup_down,211
89.62915,114.29135,pushup_down,211
95.35722,100.81749,pushup_down,211
107.06767,95.72902,pushup_down,211
176.51569,170.25903,pushup_up,211
175.18703,175.12717,pushup_up,211
106.67931,101.223175,pushup_down,211
104.94243,101.618546,pushup_down,211
105.32654,95.920425,pushup_down,211
106.537056,94.40306,pushup_down,211
104.315575,88.48561,pushup_down,211
99.784615,87.27451,pushup_down,211
99.02297,88.63749,pushup_down,211
93.871506,81.35015,pushup_down,211
98.99309,84.98886,pushup_down,211
98.6535,85.726616,pushup_down,211
81.46631,86.066315,pushup_down,211
87.24981,83.60837,pushup_down,211
85.9142,85.22443,pushup_down,211
82.80495,84.756226,pushup_down,211
94.50373,83.7334,pushup_down,211
98.37807,85.56059,pushup_down,211
105.36423,93.426636,pushup_down,211
107.376495,98.70195,pushup_down,211
107.374626,97.726036,pushup_down,211
100.594376,97.698555,pushup_down,211
144.41476,171.0254,pushup_up,211
155.62679,174.27809,pushup_up,211
148.68692,175.70627,pushup_up,211
165.07854,171.31705,pushup_up,211
140.38667,172.08522,pushup_up,211
165.86198,169.64458,pushup_up,211
166.61177,168.73901,pushup_up,211
104.4882,100.4383,pushup_down,211
103.33906,100.65123,pushup_down,211
103.38912,97.546585,pushup_down,211
97.53632,94.64926,pushup_down,211
91.73419,94.51197,pushup_down,211
86.26422,89.29796,pushup_down,211
93.3514,99.10277,pushup_down,211
106.33345,102.90125,pushup_down,211
106.156906,94.68081,pushup_down,211
106.98245,92.23374,pushup_down,211
104.67785,92.34158,pushup_down,211
99.95947,89.11162,pushup_down,211
104.09099,92.94178,pushup_down,211
84.851654,112.5751,pushup_down,211
96.10213,113.732864,pushup_down,211
95.29467,84.56738,pushup_down,211
94.13755,86.08025,pushup_down,211
106.640205,95.971596,pushup_down,211
106.136024,96.10081,pushup_down,211
93.554436,90.36877,pushup_down,211
96.415276,90.78286,pushup_down,211
96.48142,95.57238,pushup_down,211
98.20145,95.069374,pushup_down,211
93.627174,87.68265,pushup_down,211
101.062874,99.50054,pushup_down,211
102.9545,98.51219,pushup_down,211
108.5052,100.1611,pushup_down,211
108.90213,96.186905,pushup_down,211
99.9054,84.10252,pushup_down,211
100.99975,83.23697,pushup_down,211
89.05579,67.1641,pushup_down,211
89.212944,63.94009,pushup_down,211
88.74203,69.30394,pushup_down,211
85.24452,65.72471,pushup_down,211
82.78072,62.48215,pushup_down,211
90.161415,66.79947,pushup_down,211
94.00666,77.332726,pushup_down,211
94.873375,79.21414,pushup_down,211
94.8857,79.98741,pushup_down,211
93.26212,73.44807,pushup_down,211
70.679855,115.57908,pushup_down,212
72.785355,116.08213,pushup_down,212
90.24344,118.84295,pushup_down,212
88.74568,84.60172,pushup_down,212
86.41687,86.191025,pushup_down,212
81.05916,78.621864,pushup_down,212
81.890724,72.94995,pushup_down,212
83.5714,71.97343,pushup_down,212
138.69112,66.99201,pushup_down,212
89.40628,102.1069,pushup_down,212
79.79769,119.81964,pushup_down,212
75.673874,118.40683,pushup_down,212
79.25964,118.43282,pushup_down,212
66.93782,118.459816,pushup_down,212
80.195,118.65075,pushup_down,212
71.78604,118.88852,pushup_down,212
71.46953,118.1474,pushup_down,212
85.0518,118.87483,pushup_down,212
85.92795,120.16753,pushup_down,212
142.22958,169.44635,pushup_up,213
143.06934,168.51813,pushup_up,213
145.09576,168.94945,pushup_up,213
144.37308,168.80005,pushup_up,213
143.77661,168.95486,pushup_up,213
144.2448,168.39957,pushup_up,213
143.75893,167.05397,pushup_up,213
144.30339,167.67256,pushup_up,213
143.8361,166.73264,pushup_up,213
140.96303,170.21413,pushup_up,213
139.87642,171.54413,pushup_up,213
140.91327,169.38144,pushup_up,213
142.00157,168.45169,pushup_up,213
143.31723,167.18562,pushup_up,213
145.70857,164.61035,pushup_up,213
158.44058,157.65303,pushup_up,214
154.80157,158.6217,pushup_up,214
158.70638,161.58685,pushup_up,214
162.5197,154.38643,pushup_up,214
166.65977,158.94876,pushup_up,214
163.46729,153.47969,pushup_up,214
160.87639,157.33536,pushup_up,214
165.25714,160.14656,pushup_up,214
166.63037,157.45961,pushup_up,214
152.59859,163.95955,pushup_up,214
162.74672,155.94377,pushup_up,214
157.40692,154.7929,pushup_up,214
155.61102,160.22675,pushup_up,214
124.48448,70.006516,pushup_down,214
155.87859,154.9752,pushup_up,214
99.124146,109.756134,pushup_down,214
155.7919,162.03822,pushup_up,214
157.73715,161.15884,pushup_up,214
157.3361,161.45097,pushup_up,214
156.80965,154.03503,pushup_up,214
159.59988,161.124,pushup_up,214
159.55879,161.85013,pushup_up,214
155.1436,161.18057,pushup_up,214
152.59003,160.35486,pushup_up,214
153.28362,160.88434,pushup_up,214
156.37874,158.02791,pushup_up,214
164.08936,161.76256,pushup_up,214
162.19765,157.6164,pushup_up,214
162.80646,157.35324,pushup_up,214
164.68907,162.18916,pushup_up,214
163.80122,162.76619,pushup_up,214
163.60254,162.55923,pushup_up,214
165.27795,162.83699,pushup_up,214
163.81274,161.18645,pushup_up,214
163.14496,160.4348,pushup_up,214
164.28952,161.8153,pushup_up,214
164.74133,162.40108,pushup_up,214
163.63602,162.89389,pushup_up,214
161.10704,162.44424,pushup_up,214
162.2641,161.18639,pushup_up,214
74.049835,113.176,pushup_down,214
73.040405,132.60406,pushup_down,214
157.02292,156.91887,pushup_up,214
154.26227,161.33707,pushup_up,214
154.34074,156.60416,pushup_up,214
160.14601,151.58908,pushup_up,214
158.58344,160.31313,pushup_up,214
160.34998,158.9517,pushup_up,214
159.10529,157.77469,pushup_up,214
160.48007,157.86633,pushup_up,214
163.22939,158.48895,pushup_up,214
161.91086,159.04346,pushup_up,214
165.51555,158.52028,pushup_up,214
162.02098,157.6196,pushup_up,214
165.05229,158.94516,pushup_up,214
158.82658,162.53813,pushup_up,214
161.49239,162.73405,pushup_up,214
160.85924,155.4496,pushup_up,214
158.62177,159.29483,pushup_up,214
161.16484,158.54701,pushup_up,214
162.77591,159.69545,pushup_up,214
166.14832,158.2851,pushup_up,214
161.15834,159.52957,pushup_up,214
161.27763,160.66396,pushup_up,214
153.66965,158.12634,pushup_up,214
155.55115,156.63708,pushup_up,214
154.88257,155.85535,pushup_up,214
158.94565,155.95741,pushup_up,214
158.31071,160.24635,pushup_up,214
160.6867,163.08061,pushup_up,214
154.79247,156.76404,pushup_up,214
155.86154,156.3931,pushup_up,214
158.20326,157.57022,pushup_up,214
158.0617,158.533,pushup_up,214
157.4471,156.02132,pushup_up,214
160.22697,154.14917,pushup_up,214
155.71011,156.72852,pushup_up,214
157.10327,155.60393,pushup_up,214
163.38692,155.56277,pushup_up,214
166.82324,156.10983,pushup_up,214
155.30731,158.54286,pushup_up,214
102.54978,107.269684,pushup_down,215
88.56801,115.039955,pushup_down,215
101.2266,100.84805,pushup_down,215
85.93052,98.18588,pushup_down,215
124.687996,81.302345,pushup_down,215
154.86227,160.28188,pushup_up,216
154.03912,160.39957,pushup_up,216
161.08617,164.38683,pushup_up,216
158.44211,162.82158,pushup_up,216
157.95856,165.38734,pushup_up,216
157.93161,164.58197,pushup_up,216
153.62706,161.09178,pushup_up,216
161.02577,154.26564,pushup_up,216
128.67723,36.88544,pushup_down,216
113.274895,18.444942,pushup_down,216
103.494354,99.47447,pushup_down,216
150.59674,165.20117,pushup_up,216
165.61993,165.7294,pushup_up,216
166.85114,169.50665,pushup_up,216
157.62917,153.80573,pushup_up,216
71.32672,127.29723,pushup_down,216
157.8124,162.20633,pushup_up,216
104.40473,85.68475,pushup_down,216
93.14247,94.981964,pushup_down,216
79.879364,123.81411,pushup_down,216
103.57578,90.55038,pushup_down,216
111.00303,98.350555,pushup_down,216
161.05637,159.44333,pushup_up,216
162.0343,169.96704,pushup_up,216
101.5419,84.4135,pushup_down,216
94.69564,102.91031,pushup_down,216
110.64558,92.29564,pushup_down,216
159.67032,164.61266,pushup_up,216
160.83511,165.36588,pushup_up,216
163.83546,165.57675,pushup_up,216
163.58748,164.76176,pushup_up,216
172.13239,166.89972,pushup_up,216
160.34508,157.64505,pushup_up,216
114.86143,89.22898,pushup_down,216
117.598656,87.54858,pushup_down,216
114.420364,67.095474,pushup_down,216
165.81897,146.44745,pushup_up,220
168.95244,142.22456,pushup_up,220
165.64992,149.93039,pushup_up,220
155.16685,161.17215,pushup_up,220
160.70752,151.37102,pushup_up,220
85.34911,123.52152,pushup_down,220
78.71219,129.3354,pushup_down,220
69.5344,130.24629,pushup_down,220
70.277916,134.98535,pushup_down,220
173.82768,145.58878,pushup_up,220
174.70822,146.43723,pushup_up,220
176.42236,144.66338,pushup_up,220
173.37569,142.31442,pushup_up,220
174.20825,142.1416,pushup_up,220
172.99402,141.2301,pushup_up,220
172.82347,139.8564,pushup_up,220
172.21484,139.97879,pushup_up,220
173.0729,143.55522,pushup_up,220
173.97604,141.75827,pushup_up,220
82.93062,91.97789,pushup_down,221
100.31976,78.220535,pushup_down,221
75.49814,76.67047,pushup_down,221
66.022835,73.74032,pushup_down,221
74.63183,89.10464,pushup_down,221
80.0242,82.92386,pushup_down,221
54.3847,68.832214,pushup_down,221
94.068146,92.15291,pushup_down,221
81.284164,89.22428,pushup_down,221
67.24737,81.3313,pushup_down,221
65.77747,85.02463,pushup_down,221
67.881935,82.859985,pushup_down,221
86.52193,87.870316,pushup_down,221
78.0533,82.740204,pushup_down,221
87.64382,87.85166,pushup_down,221
94.15921,88.57339,pushup_down,221
90.723495,86.67752,pushup_down,221
93.93211,88.18363,pushup_down,221
80.27373,83.609474,pushup_down,221
88.25458,84.92919,pushup_down,221
86.19782,85.6778,pushup_down,221
89.17926,86.64348,pushup_down,221
87.51287,84.48304,pushup_down,221
88.1744,85.00614,pushup_down,221
92.781555,85.62625,pushup_down,221
92.61977,85.08821,pushup_down,221
92.976616,84.12917,pushup_down,221
93.94952,84.702354,pushup_down,221
95.268524,85.83303,pushup_down,221
90.107185,85.274,pushup_down,221
92.71622,83.07355,pushup_down,221
89.31579,84.50021,pushup_down,221
96.685,87.73554,pushup_down,221
94.79128,85.9482,pushup_down,221
87.86195,81.91642,pushup_down,221
77.87236,83.55233,pushup_down,221
55.205734,76.441055,pushup_down,221
62.297966,76.878586,pushup_down,221
85.04168,84.921844,pushup_down,221
93.077095,86.81569,pushup_down,221
61.11649,71.95097,pushup_down,221
59.391838,76.20581,pushup_down,221
71.44149,78.048065,pushup_down,221
76.38154,79.818954,pushup_down,221
82.35065,83.77829,pushup_down,221
91.56502,87.5872,pushup_down,221
92.02302,91.06242,pushup_down,221
96.85315,96.58504,pushup_down,221
96.7475,97.61886,pushup_down,221
102.33648,104.42971,pushup_down,221
99.80218,110.11811,pushup_down,221
94.578514,101.86178,pushup_down,221
91.82342,96.39226,pushup_down,221
91.24838,91.471886,pushup_down,221
90.263756,90.76769,pushup_down,221
85.80463,84.39183,pushup_down,221
82.08807,79.82422,pushup_down,221
72.803246,78.168846,pushup_down,221
73.33849,79.51247,pushup_down,221
65.962296,75.919304,pushup_down,221
61.30689,72.06187,pushup_down,221
74.29384,85.13776,pushup_down,221
75.012314,82.31549,pushup_down,221
68.48484,76.07784,pushup_down,221
73.48393,85.154854,pushup_down,221
69.96347,83.63767,pushup_down,221
74.176384,85.71693,pushup_down,221
67.75702,85.59614,pushup_down,221
79.17756,90.12483,pushup_down,221
93.38026,93.63902,pushup_down,221
98.688866,93.39868,pushup_down,221
98.48699,92.08928,pushup_down,221
88.42743,87.70272,pushup_down,221
91.417206,89.829506,pushup_down,221
95.42701,90.61187,pushup_down,221
95.72796,90.11643,pushup_down,221
93.305214,88.92833,pushup_down,221
98.51851,91.98713,pushup_down,221
98.73159,91.48872,pushup_down,221
98.28584,91.018166,pushup_down,221
98.35924,90.76656,pushup_down,221
96.82211,91.05337,pushup_down,221
95.56224,92.202614,pushup_down,221
99.62297,91.90547,pushup_down,221
101.09571,91.480965,pushup_down,221
99.2628,91.44569,pushup_down,221
99.257675,92.59332,pushup_down,221
99.78303,92.43934,pushup_down,221
97.0511,92.19134,pushup_down,221
97.655525,91.71397,pushup_down,221
94.474724,90.12128,pushup_down,221
85.75552,88.514,pushup_down,221
58.90331,84.8463,pushup_down,221
84.81272,87.12846,pushup_down,221
56.321167,74.59308,pushup_down,221
58.984097,81.19989,pushup_down,221
75.42837,84.54107,pushup_down,221
72.70572,80.065926,pushup_down,221
63.854,75.63183,pushup_down,221
63.327576,75.6641,pushup_down,221
74.61175,73.687614,pushup_down,221
87.42812,84.36788,pushup_down,221
87.013466,87.211586,pushup_down,221
97.676155,89.9274,pushup_down,221
92.99049,97.93931,pushup_down,221
98.92243,103.572685,pushup_down,221
102.65929,104.15993,pushup_down,221
101.25092,107.02464,pushup_down,221
99.54246,110.21617,pushup_down,221
99.25844,105.11265,pushup_down,222
92.46072,101.94581,pushup_down,222
94.707184,101.42361,pushup_down,222
103.27189,98.528496,pushup_down,222
86.41105,98.86986,pushup_down,222
87.22809,98.568794,pushup_down,222
91.56508,95.87367,pushup_down,222
89.413185,94.43478,pushup_down,222
84.876724,93.75205,pushup_down,222
84.55299,89.62558,pushup_down,222
82.59767,89.29038,pushup_down,222
81.40328,92.57759,pushup_down,222
81.93096,93.19455,pushup_down,222
78.347336,92.4444,pushup_down,222
72.96583,95.23466,pushup_down,222
73.08686,94.46857,pushup_down,222
81.78996,99.99101,pushup_down,222
77.02171,87.83439,pushup_down,222
74.147766,104.48802,pushup_down,222
73.35921,91.55381,pushup_down,222
77.11058,90.72958,pushup_down,222
67.98978,97.26481,pushup_down,222
89.714195,89.11055,pushup_down,222
81.44938,95.268585,pushup_down,222
85.15701,96.286285,pushup_down,222
84.6355,96.51706,pushup_down,222
86.303154,94.14476,pushup_down,222
103.32603,99.00202,pushup_down,222
97.99115,99.88105,pushup_down,222
101.960205,98.40428,pushup_down,222
109.97655,98.90841,pushup_down,222
100.14454,100.24112,pushup_down,222
98.922386,104.60837,pushup_down,222
97.18521,106.77113,pushup_down,222
103.90728,105.71452,pushup_down,222
105.507454,99.77732,pushup_down,222
106.01018,99.79885,pushup_down,222
104.62102,99.24308,pushup_down,222
102.76973,99.681946,pushup_down,222
101.15551,96.668175,pushup_down,222
102.49964,95.43628,pushup_down,222
110.2188,98.64649,pushup_down,222
128.25711,78.72586,pushup_down,222
111.62318,87.73566,pushup_down,222
114.32825,76.10941,pushup_down,222
119.556595,75.48056,pushup_down,222
121.8848,73.17276,pushup_down,222
111.46669,79.37905,pushup_down,222
116.55568,74.08244,pushup_down,222
106.70955,81.72134,pushup_down,222
100.51391,85.0897,pushup_down,222
95.53533,87.906105,pushup_down,222
94.09657,94.9952,pushup_down,222
98.25916,89.23953,pushup_down,222
91.9338,87.72588,pushup_down,222
84.21973,89.332985,pushup_down,222
85.67865,89.25651,pushup_down,222
90.76373,90.66159,pushup_down,222
103.09111,88.349304,pushup_down,222
92.193436,93.8952,pushup_down,222
89.20381,97.086174,pushup_down,222
87.8351,97.37636,pushup_down,222
93.825966,97.87886,pushup_down,222
103.89617,100.09488,pushup_down,222
107.149666,100.25832,pushup_down,222
109.50813,100.424515,pushup_down,222
109.35632,100.627235,pushup_down,222
107.23618,102.71425,pushup_down,222
105.69337,103.40032,pushup_down,222
151.03859,57.84007,pushup_down,224
149.26595,60.640396,pushup_down,224
120.38137,87.633286,pushup_down,224
93.64486,109.8549,pushup_down,224
64.332085,118.16556,pushup_down,224
84.94429,124.4944,pushup_down,224
164.88908,13.080596,pushup_down,224
170.60413,150.79178,pushup_up,224
160.0123,154.8231,pushup_up,224
169.77373,23.944107,pushup_down,224
105.0465,86.90185,pushup_down,224
74.62993,97.969894,pushup_down,224
53.191757,71.43731,pushup_down,224
99.018364,82.83763,pushup_down,224
153.72919,161.31084,pushup_up,224
134.28525,62.93075,pushup_down,224
164.00957,160.95493,pushup_up,224
127.278015,70.46293,pushup_down,224
50.204445,49.698494,pushup_down,224
162.1717,159.75667,pushup_up,225
162.94806,164.57802,pushup_up,225
161.8363,163.22844,pushup_up,225
159.46011,161.83836,pushup_up,225
163.43007,165.18106,pushup_up,225
165.92145,167.10017,pushup_up,225
163.35858,168.68303,pushup_up,225
161.46402,163.5471,pushup_up,225
156.83958,161.69696,pushup_up,225
48.490276,107.44479,pushup_down,225
55.281166,103.6424,pushup_down,225
65.624855,110.12945,pushup_down,225
54.37321,104.28505,pushup_down,225
58.858566,111.69568,pushup_down,225
63.701305,109.80031,pushup_down,225
71.1286,109.674774,pushup_down,225
77.14153,119.18984,pushup_down,225
79.900894,124.18304,pushup_down,225
72.73266,114.89412,pushup_down,225
64.8551,110.67406,pushup_down,225
53.440598,113.21386,pushup_down,225
52.99122,105.83537,pushup_down,225
65.940414,109.7047,pushup_down,225
74.04669,121.47406,pushup_down,225
47.849255,123.38422,pushup_down,225
55.423927,151.02643,pushup_down,225
169.0031,160.85576,pushup_up,225
154.17302,159.39786,pushup_up,225
159.57495,158.47745,pushup_up,225
167.15477,159.64346,pushup_up,225
153.03871,157.61197,pushup_up,225
163.27885,161.80334,pushup_up,225
147.40436,163.29861,pushup_up,225
158.39764,162.23941,pushup_up,225
157.2168,157.77473,pushup_up,225
82.23818,121.27123,pushup_down,225
44.54212,110.99315,pushup_down,225
47.452415,102.961945,pushup_down,225
58.15777,93.34372,pushup_down,225
61.211258,110.38865,pushup_down,225
70.85446,115.12607,pushup_down,225
72.21172,117.11214,pushup_down,225
80.16816,115.70997,pushup_down,225
85.22014,122.888565,pushup_down,225
83.51123,122.26661,pushup_down,225
73.653694,119.984505,pushup_down,225
64.40051,112.080574,pushup_down,225
56.457924,107.014755,pushup_down,225
49.66423,98.8601,pushup_down,225
52.11332,107.76826,pushup_down,225
44.50981,101.09013,pushup_down,225
58.61712,119.23701,pushup_down,225
157.1765,153.84157,pushup_up,225
158.4532,166.4426,pushup_up,225
165.73146,163.27594,pushup_up,225
165.84714,165.61649,pushup_up,225
164.22098,166.66,pushup_up,225
169.94357,165.21683,pushup_up,225
165.60278,162.75717,pushup_up,225
163.11429,159.9809,pushup_up,225
156.32243,158.53024,pushup_up,225
140.14287,171.30577,pushup_up,225
161.00467,156.57211,pushup_up,225
79.91598,126.985245,pushup_down,225
44.903893,121.0216,pushup_down,225
52.358173,109.04891,pushup_down,225
51.102142,112.340164,pushup_down,225
54.31795,103.56267,pushup_down,225
77.12375,116.69968,pushup_down,225
63.476826,115.46449,pushup_down,225
71.80805,114.8588,pushup_down,225
85.74741,124.07166,pushup_down,225
82.80158,124.91172,pushup_down,225
74.171776,126.60479,pushup_down,225
65.7401,121.10425,pushup_down,225
64.2342,117.70807,pushup_down,225
68.093994,118.77023,pushup_down,225
47.971363,119.0665,pushup_down,225
49.465496,112.159256,pushup_down,225
58.599194,119.63042,pushup_down,225
158.74792,160.4411,pushup_up,225
162.77315,167.16594,pushup_up,225
160.89206,167.80222,pushup_up,225
151.7454,170.04555,pushup_up,225
169.14793,165.02338,pushup_up,225
148.43506,165.61754,pushup_up,225
148.85669,161.97704,pushup_up,225
149.80685,160.4332,pushup_up,225
152.57394,157.5911,pushup_up,226
157.8662,157.68736,pushup_up,226
160.0044,156.90025,pushup_up,226
162.36809,156.12228,pushup_up,226
168.20659,150.63332,pushup_up,226
172.01093,146.49274,pushup_up,226
175.83086,138.8912,pushup_up,226
175.25731,138.17032,pushup_up,226
175.6794,135.67195,pushup_up,226
175.79546,135.88583,pushup_up,226
163.5771,149.99942,pushup_up,226
158.1816,153.8736,pushup_up,226
154.03038,159.56573,pushup_up,226
150.40343,163.40884,pushup_up,226
147.8484,163.22993,pushup_up,226
153.1387,158.23334,pushup_up,226
154.70961,158.89072,pushup_up,226
159.20839,159.7754,pushup_up,226
164.19415,153.69446,pushup_up,226
166.10263,149.40805,pushup_up,226
172.62178,141.304,pushup_up,226
170.18666,142.71167,pushup_up,226
169.50972,140.75444,pushup_up,226
170.2564,140.25986,pushup_up,226
172.76027,143.19518,pushup_up,226
172.07513,142.50502,pushup_up,226
170.93175,143.48073,pushup_up,226
170.9806,142.9233,pushup_up,226
171.67485,138.45325,pushup_up,226
171.76385,146.73038,pushup_up,226
169.24062,143.97595,pushup_up,226
168.7044,142.94342,pushup_up,226
169.21465,143.40117,pushup_up,226
170.43881,145.27025,pushup_up,226
169.68253,144.95566,pushup_up,226
167.88115,142.82803,pushup_up,226
168.84132,145.17314,pushup_up,226
167.4012,145.28802,pushup_up,226
167.11098,144.17682,pushup_up,226
166.54681,143.69919,pushup_up,226
165.89047,145.64995,pushup_up,226
167.5073,145.79503,pushup_up,226
163.84128,151.92108,pushup_up,226
160.43878,156.73718,pushup_up,226
157.98035,155.76967,pushup_up,226
149.63705,162.93227,pushup_up,226
152.47318,161.03218,pushup_up,226
156.22473,161.80098,pushup_up,226
160.73442,157.40129,pushup_up,226
159.96033,157.22568,pushup_up,226
167.00775,155.21727,pushup_up,226
169.97437,153.66806,pushup_up,226
170.39491,146.07388,pushup_up,226
170.05002,142.98787,pushup_up,226
170.7691,141.95058,pushup_up,226
172.60712,139.1637,pushup_up,226
171.38507,140.36375,pushup_up,226
170.3899,139.75406,pushup_up,226
157.90108,152.14865,pushup_up,227
94.89802,112.65867,pushup_down,228
162.53172,167.43918,pushup_up,228
90.672264,76.15891,pushup_down,228
90.23185,90.91748,pushup_down,228
82.64967,72.89005,pushup_down,228
84.601105,69.41723,pushup_down,228
89.09011,73.33484,pushup_down,228
86.261154,67.233925,pushup_down,228
81.71945,62.885635,pushup_down,228
84.38281,70.15411,pushup_down,228
81.41205,70.71116,pushup_down,228
80.55943,69.191345,pushup_down,228
82.54795,76.88029,pushup_down,228
91.90444,89.46489,pushup_down,228
96.566795,94.33754,pushup_down,228
99.65023,95.86177,pushup_down,228
101.42606,96.25165,pushup_down,228
106.43666,99.967834,pushup_down,228
115.42898,92.05451,pushup_down,228
111.46146,88.57048,pushup_down,228
106.1788,90.00189,pushup_down,228
101.27003,97.254166,pushup_down,228
94.680244,83.6622,pushup_down,228
97.88988,85.209915,pushup_down,228
94.05595,79.053825,pushup_down,228
93.60321,68.77082,pushup_down,228
94.52044,72.24648,pushup_down,228
90.62322,71.06954,pushup_down,228
81.29091,66.737785,pushup_down,228
80.244,61.806816,pushup_down,228
84.67467,68.46445,pushup_down,228
99.36209,100.16346,pushup_down,228
93.18894,80.14312,pushup_down,228
39.186253,89.38065,pushup_down,228
94.16741,102.24503,pushup_down,228
100.66132,100.070656,pushup_down,228
98.31625,65.631615,pushup_down,228
152.14502,159.16547,pushup_up,228
161.19894,164.32472,pushup_up,228
159.49928,152.10085,pushup_up,228
85.39542,95.777725,pushup_down,228
86.38354,95.155624,pushup_down,228
92.43015,91.350746,pushup_down,228
85.790016,89.00932,pushup_down,228
87.36133,76.527725,pushup_down,228
86.74227,77.3733,pushup_down,228
82.01043,68.5578,pushup_down,228
84.51067,68.37336,pushup_down,228
86.18337,71.50364,pushup_down,228
87.75391,80.51873,pushup_down,228
94.63831,87.36978,pushup_down,228
104.63782,103.18174,pushup_down,228
112.12498,94.62889,pushup_down,228
102.65986,98.57567,pushup_down,229
95.53916,83.08598,pushup_down,229
91.18167,81.26544,pushup_down,229
95.13148,76.13171,pushup_down,229
94.5981,78.52993,pushup_down,229
89.14343,91.679855,pushup_down,229
106.3323,73.3544,pushup_down,229
95.5034,86.09573,pushup_down,229
107.23707,88.964455,pushup_down,229
96.20051,111.0762,pushup_down,230
94.004684,107.92887,pushup_down,230
97.85988,100.63567,pushup_down,230
95.78231,104.90426,pushup_down,230
99.00101,110.290344,pushup_down,230
105.33174,91.42434,pushup_down,230
104.09406,100.2666,pushup_down,230
105.63455,101.34213,pushup_down,230
109.51778,94.98461,pushup_down,230
99.79002,109.54877,pushup_down,230
98.10675,108.55819,pushup_down,230
99.33093,104.33888,pushup_down,230
101.361244,89.112305,pushup_down,231
99.56207,90.55086,pushup_down,231
98.33023,89.34669,pushup_down,231
70.728645,68.42154,pushup_down,231
61.49353,55.57444,pushup_down,231
76.33533,65.57913,pushup_down,231
71.864784,75.87805,pushup_down,231
59.04128,59.718887,pushup_down,231
78.550735,67.31177,pushup_down,231
101.72603,87.58231,pushup_down,231
96.63284,85.62688,pushup_down,231
93.63296,85.87771,pushup_down,231
98.255455,85.031876,pushup_down,231
104.78311,85.86382,pushup_down,231
91.28761,80.053505,pushup_down,231
85.116325,69.12458,pushup_down,231
63.05262,83.10994,pushup_down,231
62.422543,59.691383,pushup_down,231
76.20102,63.97259,pushup_down,231
61.691616,89.78909,pushup_down,231
68.72177,65.83778,pushup_down,231
89.79806,71.96834,pushup_down,231
92.14615,87.90785,pushup_down,231
107.34411,96.96545,pushup_down,231
94.40499,80.23871,pushup_down,231
95.69636,96.83794,pushup_down,231
75.54504,84.56638,pushup_down,231
71.13617,84.96328,pushup_down,231
77.04161,77.21011,pushup_down,231
81.72495,95.63781,pushup_down,231
68.92279,85.691666,pushup_down,231
82.22122,71.7987,pushup_down,231
100.78625,81.44558,pushup_down,231
96.64263,84.97616,pushup_down,231
101.792,99.27649,pushup_down,231
104.175766,93.3979,pushup_down,231
105.2867,96.521416,pushup_down,231
100.52179,84.48493,pushup_down,231
87.23784,78.484184,pushup_down,231
91.020836,100.300644,pushup_down,231
86.07084,83.20891,pushup_down,231
86.27333,83.72149,pushup_down,231
70.72024,82.88772,pushup_down,231
66.706436,84.71059,pushup_down,231
94.99749,82.96631,pushup_down,231
94.11614,87.464966,pushup_down,231
100.94575,99.447136,pushup_down,231
106.97531,97.76823,pushup_down,231
97.371414,91.43452,pushup_down,231
92.087616,77.437004,pushup_down,231
92.824165,79.07224,pushup_down,231
86.93887,85.15418,pushup_down,231
96.70273,102.15188,pushup_down,231
99.63331,104.32869,pushup_down,231
80.309265,89.34036,pushup_down,231
58.841934,62.74973,pushup_down,231
73.49719,73.19684,pushup_down,231
95.41842,80.36894,pushup_down,231
100.98428,85.00968,pushup_down,231
108.635086,97.78833,pushup_down,231
112.150566,97.75667,pushup_down,231
99.51356,84.8038,pushup_down,231
90.98904,79.912025,pushup_down,231
87.61158,92.96785,pushup_down,231
79.82249,73.87776,pushup_down,231
99.56851,109.92844,pushup_down,231
113.19385,94.486984,pushup_down,231
107.99886,91.25091,pushup_down,232
109.82132,90.44922,pushup_down,232
110.52023,79.42073,pushup_down,232
113.05297,82.24591,pushup_down,232
111.34063,90.21172,pushup_down,232
111.32033,96.33174,pushup_down,232
111.85799,85.7762,pushup_down,232
109.172775,82.24529,pushup_down,232
113.59798,80.73278,pushup_down,232
113.789345,80.21828,pushup_down,232
116.02816,86.49942,pushup_down,232
109.378204,96.49216,pushup_down,232
110.900276,97.59993,pushup_down,232
137.40984,172.79518,pushup_up,233
136.14084,173.93527,pushup_up,233
81.29737,123.61823,pushup_down,234
78.46795,124.41081,pushup_down,234
75.76077,119.027145,pushup_down,234
72.20043,124.06636,pushup_down,234
72.88818,122.64967,pushup_down,234
72.1342,123.211975,pushup_down,234
69.513916,122.39155,pushup_down,234
70.63892,124.18043,pushup_down,234
72.60255,133.15967,pushup_down,234
73.65468,127.149536,pushup_down,234
79.32696,122.59089,pushup_down,234
85.889336,121.972115,pushup_down,234
80.20935,129.1447,pushup_down,234
76.53241,124.76303,pushup_down,234
79.08355,125.58264,pushup_down,234
76.00604,126.29014,pushup_down,234
77.8692,124.30781,pushup_down,234
77.36259,124.16529,pushup_down,234
78.13044,121.94652,pushup_down,234
78.54116,122.32151,pushup_down,234
79.29984,122.82764,pushup_down,234
76.50641,127.27409,pushup_down,234
80.48047,127.7286,pushup_down,234
83.29751,125.13594,pushup_down,234
81.12646,120.1653,pushup_down,234
77.72524,127.236565,pushup_down,234
77.33443,123.40872,pushup_down,234
74.3164,121.92047,pushup_down,234
76.43036,119.72425,pushup_down,234
73.55356,122.480774,pushup_down,234
73.625275,120.02732,pushup_down,234
73.33416,121.33866,pushup_down,234
71.5675,123.09642,pushup_down,234
71.899086,125.6181,pushup_down,234
78.58921,129.8064,pushup_down,234
81.83295,127.46792,pushup_down,234
79.6827,127.02537,pushup_down,234
80.21452,126.38659,pushup_down,234
77.112854,125.09394,pushup_down,234
75.02087,125.66323,pushup_down,234
75.391785,126.09383,pushup_down,234
78.84628,121.42636,pushup_down,234
81.59995,120.91724,pushup_down,234
81.81405,126.332664,pushup_down,234
79.23906,125.636116,pushup_down,234
79.59253,126.442665,pushup_down,234
77.00694,118.00704,pushup_down,234
80.673134,118.344635,pushup_down,234
81.126755,124.0724,pushup_down,234
78.20984,126.82116,pushup_down,234
76.85577,129.63083,pushup_down,234
79.39788,125.51065,pushup_down,234
75.40273,127.233986,pushup_down,234
78.39584,120.966606,pushup_down,234
78.34044,122.37403,pushup_down,234
79.956276,123.56004,pushup_down,234
78.34729,125.98207,pushup_down,234
80.022064,129.19533,pushup_down,234
81.222115,122.2725,pushup_down,234
77.583305,128.0112,pushup_down,235
72.029175,132.60524,pushup_down,235
69.32186,132.91452,pushup_down,235
159.49152,152.50829,pushup_up,236
155.9148,154.83147,pushup_up,236
158.92657,151.76724,pushup_up,236
159.34679,151.61415,pushup_up,236
158.1894,154.8432,pushup_up,236
157.35999,153.96017,pushup_up,236
156.61267,154.25096,pushup_up,236
159.06865,152.98999,pushup_up,236
146.6529,164.5887,pushup_up,237
152.01172,163.48242,pushup_up,237
146.20772,165.8165,pushup_up,237
148.89072,169.32747,pushup_up,237
88.69956,84.93933,pushup_down,238
85.57594,114.85968,pushup_down,238
65.893684,88.97557,pushup_down,238
62.184574,55.25176,pushup_down,238
57.1466,58.304337,pushup_down,238
61.132545,76.33746,pushup_down,238
82.51113,121.291855,pushup_down,238
144.76903,166.05177,pushup_up,238
146.53026,165.53831,pushup_up,238
147.97827,165.81482,pushup_up,238
152.07841,168.6488,pushup_up,238
149.01997,168.39201,pushup_up,238
148.24278,166.15315,pushup_up,238
147.60541,162.7155,pushup_up,238
91.718094,117.91105,pushup_down,238
86.19464,122.9923,pushup_down,238
82.13439,116.74464,pushup_down,238
90.83117,110.38557,pushup_down,238
80.458176,108.92854,pushup_down,238
86.15502,104.9772,pushup_down,238
79.6868,107.24564,pushup_down,238
83.66269,112.24024,pushup_down,238
100.159256,94.77251,pushup_down,238
99.3686,97.51737,pushup_down,238
146.44939,163.8414,pushup_up,238
149.80128,165.11937,pushup_up,238
147.28679,163.30298,pushup_up,238
151.01637,163.2627,pushup_up,238
154.79588,165.49406,pushup_up,238
155.01573,165.69928,pushup_up,238
154.2471,161.96718,pushup_up,238
154.0054,159.37073,pushup_up,238
153.22266,159.21199,pushup_up,238
77.18232,120.246185,pushup_down,238
81.634705,126.31336,pushup_down,238
85.05785,124.660095,pushup_down,238
80.65852,123.265755,pushup_down,238
80.120834,124.3241,pushup_down,238
75.243706,121.847824,pushup_down,238
73.80492,118.5451,pushup_down,239
74.86862,118.70671,pushup_down,239
82.19395,121.41617,pushup_down,239
80.49033,123.97515,pushup_down,239
76.62359,118.92121,pushup_down,239
78.12992,122.18676,pushup_down,239
74.5524,121.82426,pushup_down,239
74.547295,121.9587,pushup_down,239
76.37401,128.95316,pushup_down,239
79.345856,123.81639,pushup_down,239
71.795204,130.07552,pushup_down,239
69.663605,125.57809,pushup_down,239
71.496346,118.15035,pushup_down,239
71.97906,111.54425,pushup_down,239
73.09818,113.1602,pushup_down,239
73.75971,109.66675,pushup_down,239
74.08643,109.8121,pushup_down,239
71.69032,112.681366,pushup_down,239
71.1701,116.83855,pushup_down,239
70.2032,128.56638,pushup_down,239
72.639725,123.42632,pushup_down,239
70.34051,137.20384,pushup_down,239
77.88503,127.596535,pushup_down,239
69.28264,134.28214,pushup_down,239
65.218414,132.004,pushup_down,239
64.93646,131.5617,pushup_down,239
61.009037,127.15951,pushup_down,239
64.388626,121.02529,pushup_down,239
64.96995,122.55869,pushup_down,239
68.4798,123.628136,pushup_down,239
66.74231,122.6359,pushup_down,239
66.22331,117.28437,pushup_down,239
73.959175,122.15183,pushup_down,239
69.52067,121.842,pushup_down,239
64.78258,127.89425,pushup_down,239
71.829575,134.94965,pushup_down,239
166.92845,144.58894,pushup_up,240
166.97206,145.09859,pushup_up,240
167.90546,148.2148,pushup_up,240
167.0837,148.58778,pushup_up,240
166.86784,145.50482,pushup_up,240
168.1999,146.86935,pushup_up,240
167.24783,146.18741,pushup_up,240
165.2573,145.495,pushup_up,240
165.77876,145.11758,pushup_up,240
166.64694,145.1641,pushup_up,240
166.3429,148.68515,pushup_up,240
167.45276,146.72345,pushup_up,240
167.25705,146.949,pushup_up,240
168.0991,145.85541,pushup_up,240
167.27356,147.63203,pushup_up,240
164.0245,146.26036,pushup_up,240
163.04486,147.47542,pushup_up,240
84.16398,114.161224,pushup_down,241
89.18495,119.41977,pushup_down,241
156.0526,155.01752,pushup_up,243
157.64409,153.09361,pushup_up,243
162.36812,150.49211,pushup_up,243
166.15556,151.40216,pushup_up,243
165.00645,149.52573,pushup_up,243
155.07623,162.97807,pushup_up,243
153.05244,169.08983,pushup_up,243
151.43207,175.38013,pushup_up,243
146.21326,169.74562,pushup_up,243
160.2261,171.08994,pushup_up,243
165.97717,173.70558,pushup_up,243
170.45055,176.95251,pushup_up,243
170.11105,176.1637,pushup_up,243
170.59311,175.4774,pushup_up,243
169.5381,172.44824,pushup_up,243
171.16643,175.32043,pushup_up,243
173.10344,171.41718,pushup_up,243
173.96254,171.43044,pushup_up,243
172.54611,168.76863,pushup_up,243
173.57393,170.07411,pushup_up,243
175.48346,168.94614,pushup_up,243
174.86298,171.33044,pushup_up,243
169.79465,171.77434,pushup_up,243
166.5884,176.10573,pushup_up,243
159.12077,174.33493,pushup_up,243
143.998,170.87666,pushup_up,243
148.48645,170.8331,pushup_up,243
154.96964,166.05498,pushup_up,243
162.84386,152.99586,pushup_up,243
161.05618,153.68155,pushup_up,243
158.76537,153.38557,pushup_up,243
158.18916,156.18063,pushup_up,243
143.39325,167.81769,pushup_up,243
143.20654,168.56256,pushup_up,243
90.53617,109.56316,pushup_down,243
79.00889,106.53083,pushup_down,243
74.11177,100.55123,pushup_down,243
63.625114,91.28467,pushup_down,243
54.186623,94.54423,pushup_down,243
45.403255,95.760475,pushup_down,243
43.78321,89.674446,pushup_down,243
42.706635,85.05777,pushup_down,243
44.29233,88.52634,pushup_down,243
44.278503,94.454765,pushup_down,243
51.993095,101.674484,pushup_down,243
59.534584,99.153145,pushup_down,243
69.38631,117.442665,pushup_down,243
78.551216,119.46907,pushup_down,243
88.19505,107.96545,pushup_down,243
95.370155,102.48071,pushup_down,243
142.75531,167.81927,pushup_up,243
144.26407,169.47566,pushup_up,243
144.36073,169.52473,pushup_up,243
146.73628,169.81334,pushup_up,243
147.71054,169.76384,pushup_up,243
145.8944,170.53587,pushup_up,243
144.85141,170.72192,pushup_up,243
144.21326,168.52437,pushup_up,243
143.16019,169.52826,pushup_up,243
140.80486,170.9847,pushup_up,243
138.85866,171.32967,pushup_up,243
145.73418,173.88515,pushup_up,243
145.2759,173.29228,pushup_up,243
142.88574,170.66252,pushup_up,243
143.74847,169.89598,pushup_up,243
143.5989,173.03372,pushup_up,243
141.10681,170.87769,pushup_up,243
90.27662,101.144066,pushup_down,243
80.50785,96.68476,pushup_down,243
74.54987,89.38551,pushup_down,243
61.878586,77.017075,pushup_down,243
54.641407,63.91042,pushup_down,243
53.8554,75.10641,pushup_down,243
48.791492,68.82908,pushup_down,243
44.86929,70.02211,pushup_down,243
47.136368,74.98061,pushup_down,243
53.757904,79.039925,pushup_down,243
57.927082,89.55448,pushup_down,243
65.78217,91.91892,pushup_down,243
75.34468,112.83465,pushup_down,243
89.3629,112.44243,pushup_down,243
147.12251,165.66425,pushup_up,243
148.49495,165.54855,pushup_up,243
148.93161,164.23901,pushup_up,243
162.1717,148.38968,pushup_up,243
164.15053,147.23738,pushup_up,243
163.83575,147.09213,pushup_up,243
157.58131,166.01242,pushup_up,243
152.58853,167.21889,pushup_up,243
151.91356,176.42784,pushup_up,243
155.67224,174.43042,pushup_up,243
166.81146,176.13441,pushup_up,243
166.96648,174.929,pushup_up,243
164.26265,174.17653,pushup_up,243
161.31767,172.89891,pushup_up,243
166.04955,172.35358,pushup_up,243
165.24063,173.1727,pushup_up,243
168.95665,175.91884,pushup_up,243
169.60983,177.70253,pushup_up,243
171.76097,177.33963,pushup_up,243
172.88673,178.37549,pushup_up,243
172.24706,178.49767,pushup_up,243
171.18318,178.97224,pushup_up,243
172.11395,178.45654,pushup_up,243
171.50772,177.49414,pushup_up,243
170.62248,178.90031,pushup_up,243
168.17168,177.3825,pushup_up,243
164.16963,178.09802,pushup_up,243
158.80795,177.96826,pushup_up,243
141.43526,174.07109,pushup_up,243
143.94637,173.98593,pushup_up,243
152.35011,174.2901,pushup_up,243
161.17473,168.31674,pushup_up,243
166.70601,159.15135,pushup_up,243
164.755,148.76059,pushup_up,243
164.17776,150.35936,pushup_up,243
156.53761,163.22408,pushup_up,244
153.45096,157.48663,pushup_up,244
152.34386,157.9647,pushup_up,244
153.39023,159.00108,pushup_up,244
151.91861,159.60806,pushup_up,244
154.50623,160.64423,pushup_up,244
154.37738,162.84534,pushup_up,244
155.51761,156.4245,pushup_up,244
153.68732,156.74141,pushup_up,244
153.24075,158.9582,pushup_up,244
154.27095,155.86795,pushup_up,244
174.20908,144.94514,pushup_up,245
172.33313,143.42465,pushup_up,245
166.32632,144.21619,pushup_up,245
169.88121,140.38431,pushup_up,245
176.67256,135.9208,pushup_up,245
173.8804,136.57504,pushup_up,245
175.72404,135.1757,pushup_up,245
176.03271,137.50938,pushup_up,245
174.41582,140.05615,pushup_up,245
161.9774,149.02444,pushup_up,245
173.91843,144.38928,pushup_up,245
172.98213,137.28235,pushup_up,245
168.2199,143.41216,pushup_up,245
167.74283,145.08598,pushup_up,245
165.45479,144.56581,pushup_up,245
168.5669,144.07469,pushup_up,245
170.50899,141.21582,pushup_up,245
168.81297,141.36378,pushup_up,245
170.93097,141.29129,pushup_up,245
169.70337,140.8846,pushup_up,245
170.9297,139.53627,pushup_up,245
173.81096,138.18674,pushup_up,245
171.88771,138.86082,pushup_up,245
171.67715,142.45923,pushup_up,245
172.86308,145.19182,pushup_up,245
171.2052,139.24011,pushup_up,245
176.5176,135.48784,pushup_up,245
175.07045,135.43425,pushup_up,245
175.9013,141.67477,pushup_up,245
172.11691,138.02072,pushup_up,245
166.29851,143.8782,pushup_up,245
166.57764,144.44112,pushup_up,245
165.2427,144.9245,pushup_up,245
165.0562,145.02986,pushup_up,245
163.34068,146.69127,pushup_up,245
169.80067,140.96729,pushup_up,245
150.96173,165.08777,pushup_up,246
118.86856,77.194565,pushup_down,246
120.07464,79.6486,pushup_down,246
65.232864,87.24697,pushup_down,246
52.86928,81.81623,pushup_down,246
63.264774,93.201515,pushup_down,246
52.28247,76.650856,pushup_down,246
55.146812,90.13009,pushup_down,246
53.422173,74.59256,pushup_down,246
50.0935,92.696434,pushup_down,246
61.20222,95.03575,pushup_down,246
73.519165,89.576256,pushup_down,246
101.90539,107.757225,pushup_down,246
97.50841,98.20672,pushup_down,246
97.68169,94.291016,pushup_down,246
100.28346,104.65102,pushup_down,246
98.34906,100.79308,pushup_down,246
95.18492,98.146965,pushup_down,246
102.99275,96.97691,pushup_down,246
104.50652,102.385155,pushup_down,246
90.5975,107.1869,pushup_down,246
95.40158,112.31163,pushup_down,246
91.08688,98.3573,pushup_down,246
100.998474,101.961395,pushup_down,246
99.57116,93.35592,pushup_down,246
103.017685,89.263504,pushup_down,246
90.81877,108.459,pushup_down,246
95.30461,108.753685,pushup_down,246
97.54686,98.24221,pushup_down,246
94.57664,101.972664,pushup_down,246
94.13238,103.02437,pushup_down,246
67.240685,72.79556,pushup_down,247
27.0207,113.503685,pushup_down,247
71.83765,99.9722,pushup_down,247
157.8917,154.9939,pushup_up,247
163.95966,158.58742,pushup_up,247
166.0489,162.38193,pushup_up,247
166.85545,168.72093,pushup_up,247
168.32156,169.95796,pushup_up,247
166.01108,165.99591,pushup_up,247
166.13298,164.33437,pushup_up,247
164.80418,166.07762,pushup_up,247
164.21869,164.02802,pushup_up,247
164.96397,169.18582,pushup_up,247
165.02266,169.43484,pushup_up,247
163.24829,165.28246,pushup_up,247
161.69948,171.12126,pushup_up,247
157.28691,173.50949,pushup_up,247
158.295,175.74733,pushup_up,247
155.12512,175.18842,pushup_up,247
151.21112,171.94966,pushup_up,247
154.27463,169.58974,pushup_up,247
152.29492,165.54355,pushup_up,247
154.59094,165.12167,pushup_up,247
154.42314,169.98865,pushup_up,247
150.74907,172.56749,pushup_up,247
151.32959,175.57533,pushup_up,247
152.50568,176.7043,pushup_up,247
147.82336,174.20372,pushup_up,247
152.02072,176.62994,pushup_up,247
155.0086,176.3647,pushup_up,247
144.17917,174.67361,pushup_up,247
150.2324,177.2331,pushup_up,247
146.27396,175.65688,pushup_up,247
148.53159,169.52608,pushup_up,247
149.46046,166.91426,pushup_up,247
152.94933,168.33638,pushup_up,247
150.49042,170.84314,pushup_up,247
153.02357,173.19348,pushup_up,247
151.17975,174.53351,pushup_up,247
162.8879,175.98384,pushup_up,247
160.2955,172.24542,pushup_up,247
161.94383,171.70535,pushup_up,247
163.85982,169.62494,pushup_up,247
163.80626,167.97485,pushup_up,247
163.56326,166.5309,pushup_up,247
164.06818,161.93259,pushup_up,247
163.26497,158.01114,pushup_up,247
89.54915,80.61507,pushup_down,247
161.14426,163.05978,pushup_up,247
161.496,162.13141,pushup_up,247
167.54152,166.47523,pushup_up,247
169.31703,170.46567,pushup_up,247
166.63417,172.04112,pushup_up,247
159.3423,167.31345,pushup_up,247
159.11261,175.0849,pushup_up,247
153.8268,174.48273,pushup_up,247
152.72557,172.7782,pushup_up,247
151.86531,171.59407,pushup_up,247
147.76067,167.78119,pushup_up,247
154.77617,173.02403,pushup_up,247
156.12874,173.9032,pushup_up,247
153.69789,173.18816,pushup_up,247
151.09523,168.24489,pushup_up,247
148.93497,176.55814,pushup_up,247
151.60446,177.08194,pushup_up,247
149.82655,177.6073,pushup_up,247
152.62535,172.78993,pushup_up,247
149.01807,175.15924,pushup_up,247
160.48636,171.53278,pushup_up,247
156.69365,169.73907,pushup_up,247
157.23788,174.1356,pushup_up,247
156.54927,173.71135,pushup_up,247
153.30402,175.13916,pushup_up,247
162.47876,178.30164,pushup_up,247
161.86433,174.05553,pushup_up,247
160.68939,172.94392,pushup_up,247
164.82623,171.50626,pushup_up,247
164.17186,167.6583,pushup_up,247
166.68289,166.82945,pushup_up,247
161.6009,162.63046,pushup_up,247
156.66412,157.72636,pushup_up,247
160.92162,150.62886,pushup_up,247
94.39798,101.532326,pushup_down,247
158.90486,162.47891,pushup_up,247
159.28845,163.60803,pushup_up,247
164.0867,165.71028,pushup_up,247
163.82835,165.7072,pushup_up,247
163.15762,169.75473,pushup_up,247
160.67906,172.0261,pushup_up,247
159.17046,172.53899,pushup_up,247
158.13953,174.3339,pushup_up,247
150.96199,170.65448,pushup_up,247
154.72394,168.45737,pushup_up,247
149.54987,166.69907,pushup_up,247
149.44928,167.01425,pushup_up,247
151.78914,174.40135,pushup_up,247
154.32094,174.3495,pushup_up,247
153.70287,174.15875,pushup_up,247
150.57062,168.25127,pushup_up,247
152.0512,165.26665,pushup_up,247
150.59505,167.19685,pushup_up,247
152.47275,163.45172,pushup_up,247
152.73181,168.6403,pushup_up,247
148.86407,173.81946,pushup_up,247
149.53705,174.67441,pushup_up,247
151.91078,171.52345,pushup_up,247
151.84792,171.20352,pushup_up,247
153.81302,172.1102,pushup_up,247
156.23499,174.22772,pushup_up,247
158.82579,175.78712,pushup_up,247
157.01205,176.94243,pushup_up,247
163.82875,173.7446,pushup_up,247
161.22443,173.57495,pushup_up,247
165.50615,172.39503,pushup_up,247
166.30524,170.71738,pushup_up,247
162.97891,168.00089,pushup_up,247
162.4981,166.402,pushup_up,247
164.45132,159.86633,pushup_up,247
163.87054,154.57301,pushup_up,247
170.39455,142.12144,pushup_up,247
167.18472,145.09938,pushup_up,247
84.77291,94.81939,pushup_down,247
86.45466,92.76143,pushup_down,247
101.59115,106.62466,pushup_down,247
157.60648,163.2819,pushup_up,247
158.78247,163.84003,pushup_up,247
161.20525,168.08911,pushup_up,247
169.20715,168.24603,pushup_up,247
167.50397,166.9892,pushup_up,247
165.07254,168.62282,pushup_up,247
160.16078,168.72023,pushup_up,247
160.78934,174.15573,pushup_up,247
152.6109,172.69693,pushup_up,247
148.65384,171.16457,pushup_up,247
147.40855,167.5735,pushup_up,247
140.02737,170.41446,pushup_up,247
139.55219,174.96837,pushup_up,247
137.81026,173.02913,pushup_up,247
135.88063,174.8981,pushup_up,247
145.9472,169.01872,pushup_up,247
152.71126,166.39854,pushup_up,247
151.32721,167.84508,pushup_up,247
159.67322,171.12038,pushup_up,247
162.84134,174.03737,pushup_up,247
162.71123,173.41426,pushup_up,247
158.70345,172.24146,pushup_up,247
160.82695,171.70906,pushup_up,247
161.44635,169.03795,pushup_up,247
161.46152,167.62425,pushup_up,247
162.80597,161.42686,pushup_up,247
160.8623,157.91873,pushup_up,247
80.79578,95.77968,pushup_down,247
161.37196,157.93497,pushup_up,247
166.71504,161.40631,pushup_up,247
163.96594,165.52028,pushup_up,247
168.82744,167.5673,pushup_up,247
167.98375,171.00931,pushup_up,247
164.8328,169.59444,pushup_up,247
159.7653,169.79843,pushup_up,247
161.63202,173.80096,pushup_up,247
155.46034,172.38861,pushup_up,247
148.50494,171.12198,pushup_up,247
148.96468,172.45926,pushup_up,247
137.52216,173.7456,pushup_up,247
134.40628,176.20526,pushup_up,247
136.93195,174.04776,pushup_up,247
142.82993,177.0588,pushup_up,247
151.24599,169.00629,pushup_up,247
160.25858,172.36615,pushup_up,247
166.59613,171.53603,pushup_up,247
160.0875,172.6853,pushup_up,247
161.92647,170.43558,pushup_up,247
158.27661,167.61938,pushup_up,247
163.06422,166.37727,pushup_up,247
162.72105,166.87938,pushup_up,247
161.49632,162.51974,pushup_up,247
158.09981,157.50429,pushup_up,247
77.848656,85.024376,pushup_down,247
151.75371,174.44072,pushup_up,248
91.109955,112.58294,pushup_down,248
154.00214,157.61475,pushup_up,248
116.853546,83.60392,pushup_down,248
88.01193,111.912285,pushup_down,248
91.62246,107.69913,pushup_down,248
79.15021,125.60403,pushup_down,248
90.66657,111.91406,pushup_down,248
79.48871,130.255,pushup_down,248
153.43437,163.1287,pushup_up,248
146.26985,173.97223,pushup_up,248
123.30843,78.52251,pushup_down,248
75.32704,129.57597,pushup_down,249
78.58803,126.77441,pushup_down,249
92.20907,117.39561,pushup_down,249
161.24376,154.65463,pushup_up,249
104.531166,103.580124,pushup_down,251
99.80583,93.636475,pushup_down,251
100.3625,94.02434,pushup_down,251
99.43403,91.5218,pushup_down,251
95.73296,94.13101,pushup_down,251
94.080185,93.338844,pushup_down,251
97.882286,92.19588,pushup_down,251
99.32683,92.892494,pushup_down,251
107.64915,96.67565,pushup_down,251
163.47682,147.49702,pushup_up,251
165.22081,145.87141,pushup_up,251
167.15225,148.59145,pushup_up,251
166.74182,149.19608,pushup_up,251
166.7046,149.33498,pushup_up,251
165.15143,150.20966,pushup_up,251
164.7686,147.42578,pushup_up,251
164.76161,147.244,pushup_up,251
165.34637,148.85513,pushup_up,251
165.74477,148.98073,pushup_up,251
165.52979,149.06308,pushup_up,251
165.9204,148.85725,pushup_up,251
165.43553,147.33177,pushup_up,251
165.82834,148.75551,pushup_up,251
165.44003,149.34682,pushup_up,251
165.07532,150.60391,pushup_up,251
165.18008,150.85912,pushup_up,251
165.21422,150.84885,pushup_up,251
165.09512,151.11139,pushup_up,251
164.72643,150.40944,pushup_up,251
165.41269,150.28387,pushup_up,251
165.4999,150.92987,pushup_up,251
165.62946,149.78833,pushup_up,251
165.9125,149.91455,pushup_up,251
166.2919,151.93192,pushup_up,251
166.31631,151.17421,pushup_up,251
166.12871,151.20377,pushup_up,251
166.28024,151.54604,pushup_up,251
165.98764,151.05002,pushup_up,251
166.0841,151.23567,pushup_up,251
165.00793,151.24954,pushup_up,251
164.99704,150.98956,pushup_up,251
165.02531,151.13696,pushup_up,251
165.06943,151.12549,pushup_up,251
165.13547,151.26736,pushup_up,251
165.04909,151.28113,pushup_up,251
165.10759,151.31633,pushup_up,251
164.88422,150.79253,pushup_up,251
164.88445,150.80606,pushup_up,251
165.16148,151.24841,pushup_up,251
165.77219,150.94766,pushup_up,251
165.29703,151.21864,pushup_up,251
165.29703,151.21864,pushup_up,251
165.29703,151.21864,pushup_up,251
165.29703,151.21864,pushup_up,251
165.29703,151.21864,pushup_up,251
165.29703,151.21864,pushup_up,251
165.29703,151.21864,pushup_up,251
165.29703,151.21864,pushup_up,251
165.29703,151.21864,pushup_up,251
165.31062,151.2488,pushup_up,251
165.31062,151.2488,pushup_up,251
165.38252,151.25255,pushup_up,251
165.22458,151.26363,pushup_up,251
165.32138,151.24057,pushup_up,251
165.27365,151.22334,pushup_up,251
165.83717,151.51134,pushup_up,251
165.8596,151.47926,pushup_up,251
165.77081,151.38373,pushup_up,251
165.6801,150.98944,pushup_up,251
165.58647,150.97777,pushup_up,251
165.57005,151.0695,pushup_up,251
165.7603,151.29883,pushup_up,251
165.70934,151.33855,pushup_up,251
164.4718,148.98035,pushup_up,251
164.44977,148.98271,pushup_up,251
164.48528,148.93805,pushup_up,251
164.48528,148.93805,pushup_up,251
164.48528,148.93805,pushup_up,251
164.48528,148.93805,pushup_up,251
164.48528,148.93805,pushup_up,251
164.48528,148.93805,pushup_up,251
164.48528,148.93805,pushup_up,251
164.432,148.78941,pushup_up,251
163.06654,148.78026,pushup_up,251
163.0934,148.62709,pushup_up,251
163.0934,148.62709,pushup_up,251
163.0934,148.62709,pushup_up,251
163.0934,148.62709,pushup_up,251
163.0934,148.62709,pushup_up,251
163.0934,148.62709,pushup_up,251
163.0934,148.62709,pushup_up,251
163.0934,148.62709,pushup_up,251
163.0934,148.62709,pushup_up,251
163.0934,148.62709,pushup_up,251
163.0934,148.62709,pushup_up,251
163.0934,148.62709,pushup_up,251
163.0934,148.62709,pushup_up,251
163.0934,148.62709,pushup_up,251
163.0934,148.62709,pushup_up,251
163.0934,148.62709,pushup_up,251
164.33353,148.8306,pushup_up,251
165.89792,146.54703,pushup_up,251
165.57016,145.56398,pushup_up,251
165.44852,146.26747,pushup_up,251
165.75253,147.23605,pushup_up,251
105.36164,102.96483,pushup_down,251
100.45146,92.77157,pushup_down,251
97.42716,92.956436,pushup_down,251
98.15361,91.593,pushup_down,251
103.483604,92.80819,pushup_down,251
105.68649,96.3654,pushup_down,251
103.76296,95.38878,pushup_down,251
107.12934,96.52954,pushup_down,251
102.774155,87.441536,pushup_down,251
98.104256,83.86691,pushup_down,251
96.86848,87.43815,pushup_down,251
97.04168,86.47412,pushup_down,251
96.58225,89.08455,pushup_down,251
88.84999,78.72301,pushup_down,251
87.85684,76.4407,pushup_down,251
89.38025,81.808235,pushup_down,251
90.40569,77.07526,pushup_down,251
88.46727,71.40977,pushup_down,251
89.18079,70.5766,pushup_down,251
82.41941,58.67139,pushup_down,251
88.3695,67.013,pushup_down,251
86.35741,63.309982,pushup_down,251
100.63831,77.579704,pushup_down,251
97.60829,68.42089,pushup_down,251
90.674835,62.442993,pushup_down,251
87.08814,64.895676,pushup_down,251
96.37053,66.77517,pushup_down,251
96.861275,70.008965,pushup_down,251
99.44989,75.93549,pushup_down,251
91.74701,59.954002,pushup_down,251
91.704,60.19765,pushup_down,251
91.77478,64.04556,pushup_down,251
91.19255,64.65302,pushup_down,251
92.36282,65.7292,pushup_down,251
93.19695,67.0468,pushup_down,251
93.15731,63.293373,pushup_down,251
91.75433,62.622368,pushup_down,251
90.97002,63.156715,pushup_down,251
93.0536,64.19184,pushup_down,251
92.63998,64.2191,pushup_down,251
91.897545,62.514534,pushup_down,251
91.873566,62.580254,pushup_down,251
92.123665,64.01409,pushup_down,251
90.62753,64.12031,pushup_down,251
89.189606,61.932053,pushup_down,251
90.46367,62.53344,pushup_down,251
92.23828,62.519382,pushup_down,251
94.54244,65.91786,pushup_down,251
75.02159,60.356495,pushup_down,251
74.96483,60.532944,pushup_down,251
74.899376,60.47952,pushup_down,251
74.899376,60.47952,pushup_down,251
74.899376,60.47952,pushup_down,251
74.90602,60.47048,pushup_down,251
74.90602,60.47048,pushup_down,251
74.90602,60.47048,pushup_down,251
74.90602,60.47048,pushup_down,251
74.90602,60.47048,pushup_down,251
75.033195,60.591377,pushup_down,251
75.07206,60.420288,pushup_down,251
74.66177,59.840492,pushup_down,251
74.93779,59.525608,pushup_down,251
78.1876,62.03064,pushup_down,251
77.84399,61.8279,pushup_down,251
77.84399,61.8279,pushup_down,251
75.24421,59.67855,pushup_down,251
75.24421,59.67855,pushup_down,251
77.27894,61.362408,pushup_down,251
74.973724,61.84244,pushup_down,251
73.823616,60.99193,pushup_down,251
73.823616,60.99193,pushup_down,251
75.34863,62.396214,pushup_down,251
75.34863,62.396214,pushup_down,251
75.34863,62.396214,pushup_down,251
76.514595,63.54767,pushup_down,251
76.514595,63.54767,pushup_down,251
76.50075,63.527393,pushup_down,251
77.15816,62.960953,pushup_down,251
77.23782,62.982986,pushup_down,251
77.11271,63.014637,pushup_down,251
76.973694,62.57087,pushup_down,251
76.98452,62.662857,pushup_down,251
76.993095,62.85243,pushup_down,251
77.412506,63.354317,pushup_down,251
77.04628,63.000553,pushup_down,251
77.2165,62.11758,pushup_down,251
72.243095,58.59476,pushup_down,251
105.03539,88.064026,pushup_down,251
91.266335,80.4401,pushup_down,251
108.136856,93.509186,pushup_down,251
165.93611,148.4426,pushup_up,251
168.3362,149.61873,pushup_up,251
165.8555,153.99669,pushup_up,251
167.54582,151.5264,pushup_up,251
167.42805,153.59302,pushup_up,251
166.61299,153.1729,pushup_up,251
166.2616,152.81186,pushup_up,251
166.72914,153.05872,pushup_up,251
164.80504,145.23248,pushup_up,252
170.83972,152.87912,pushup_up,252
173.09348,140.1917,pushup_up,252
177.89465,153.55865,pushup_up,252
166.29782,144.88176,pushup_up,252
169.73863,145.76527,pushup_up,252
105.656555,101.79515,pushup_down,253
90.517685,107.176346,pushup_down,253
101.37777,67.754814,pushup_down,253
97.945435,87.72371,pushup_down,253
70.26494,104.51702,pushup_down,253
74.17469,99.841194,pushup_down,253
108.817955,95.50978,pushup_down,253
90.57083,102.38418,pushup_down,253
94.2117,97.3917,pushup_down,253
107.12198,101.351204,pushup_down,253
104.36585,105.61077,pushup_down,253
109.013374,100.59814,pushup_down,253
95.10804,102.35513,pushup_down,253
100.760765,98.049286,pushup_down,253
80.748,103.081726,pushup_down,253
85.425,89.71296,pushup_down,253
114.98952,93.23762,pushup_down,253
133.6399,71.85996,pushup_down,253
102.607544,80.933495,pushup_down,253
69.36387,100.83319,pushup_down,253
114.25256,94.38018,pushup_down,253
76.960175,107.80148,pushup_down,253
92.91767,102.80093,pushup_down,253
159.18451,152.04276,pushup_up,253
144.1457,168.65984,pushup_up,253
151.65724,173.79823,pushup_up,253
150.69899,163.27135,pushup_up,253
87.90292,111.163345,pushup_down,253
88.96467,96.225945,pushup_down,253
81.91739,120.46835,pushup_down,253
85.55051,116.619576,pushup_down,253
86.82755,118.233284,pushup_down,253
86.967026,97.03409,pushup_down,253
86.372246,102.96604,pushup_down,253
83.55105,118.243546,pushup_down,253
82.815704,115.967865,pushup_down,253
89.07752,118.30493,pushup_down,253
167.78644,162.73303,pushup_up,253
167.0387,162.26895,pushup_up,253
168.74521,143.31879,pushup_up,253
157.72997,165.2732,pushup_up,253
162.95372,166.64983,pushup_up,253
156.53288,161.05673,pushup_up,253
149.36685,165.27744,pushup_up,253
94.89473,105.89998,pushup_down,253
161.03838,154.35536,pushup_up,254
165.89551,151.84505,pushup_up,254
159.8942,155.46835,pushup_up,254
158.06273,152.8585,pushup_up,254
148.18985,163.54936,pushup_up,254
157.31676,161.41383,pushup_up,254
162.88264,150.80795,pushup_up,254
150.46729,161.6693,pushup_up,254
162.61145,157.58997,pushup_up,254
157.5937,171.69853,pushup_up,254
166.06277,164.12578,pushup_up,254
146.13124,169.85881,pushup_up,254
157.33951,162.6978,pushup_up,254
155.8071,161.36298,pushup_up,254
160.97374,160.78333,pushup_up,254
158.6555,154.64001,pushup_up,254
147.91974,175.77153,pushup_up,254
152.65262,171.55307,pushup_up,254
141.73062,170.86618,pushup_up,254
158.1602,155.6956,pushup_up,254
155.71822,158.00287,pushup_up,254
153.86792,158.765,pushup_up,254
94.7822,80.83484,pushup_down,254
162.73192,158.32397,pushup_up,254
109.301384,97.912445,pushup_down,254
108.39057,73.66035,pushup_down,254
158.29373,161.03645,pushup_up,254
158.30463,162.92719,pushup_up,254
154.76907,155.49536,pushup_up,254
159.99187,151.46988,pushup_up,254
161.81335,156.52492,pushup_up,254
158.65012,160.87291,pushup_up,254
160.73004,153.88956,pushup_up,254
153.41917,161.12216,pushup_up,254
145.83817,170.04059,pushup_up,255
146.27045,171.35474,pushup_up,255
68.02325,70.79638,pushup_down,255
171.96541,138.0944,pushup_up,255
155.13281,156.34103,pushup_up,255
25.086496,153.97345,pushup_down,255
73.65569,72.407104,pushup_down,255
71.43102,131.64746,pushup_down,257
47.35648,135.60062,pushup_down,257
41.10081,129.73038,pushup_down,257
54.272232,130.44861,pushup_down,257
57.783054,138.70769,pushup_down,257
166.11365,162.97252,pushup_up,257
168.03242,161.23131,pushup_up,257
162.35121,160.35358,pushup_up,257
158.66914,164.10431,pushup_up,257
158.00354,156.91684,pushup_up,257
168.94481,161.048,pushup_up,257
162.20842,157.0354,pushup_up,257
158.1057,153.75755,pushup_up,257
170.78018,141.06827,pushup_up,257
167.0422,158.57544,pushup_up,257
173.04706,156.1719,pushup_up,257
161.9352,155.4029,pushup_up,257
151.09189,161.21452,pushup_up,257
163.48177,151.1122,pushup_up,258
152.42342,174.29887,pushup_up,258
119.052925,90.16284,pushup_down,258
109.83148,95.705505,pushup_down,258
105.32091,86.11636,pushup_down,258
98.86264,97.51937,pushup_down,258
104.03716,87.55578,pushup_down,258
101.67008,87.734886,pushup_down,258
102.666245,87.904076,pushup_down,258
113.502525,82.21821,pushup_down,258
108.46401,84.422264,pushup_down,258
108.087975,85.48958,pushup_down,258
110.02142,81.55591,pushup_down,258
111.34672,86.81761,pushup_down,258
106.70828,81.2556,pushup_down,258
106.25806,75.99627,pushup_down,258
111.484146,84.301834,pushup_down,258
120.70843,84.8585,pushup_down,258
166.86687,164.05829,pushup_up,258
152.0266,157.97627,pushup_up,258
120.120674,88.54787,pushup_down,258
123.53656,82.10954,pushup_down,258
105.12151,94.60857,pushup_down,258
115.181175,85.295685,pushup_down,258
115.0169,81.95345,pushup_down,258
119.39789,85.89865,pushup_down,258
109.140465,89.73021,pushup_down,258
110.48419,95.78938,pushup_down,258
112.107605,88.738815,pushup_down,258
105.12517,85.78302,pushup_down,258
102.74045,87.611084,pushup_down,258
104.545074,81.852165,pushup_down,258
104.09187,83.670135,pushup_down,258
111.84037,89.735275,pushup_down,258
118.0673,85.178635,pushup_down,258
117.692215,91.91447,pushup_down,258
164.08145,162.43292,pushup_up,258
162.7062,155.36131,pushup_up,258
164.73628,150.67303,pushup_up,258
169.67555,156.10294,pushup_up,258
160.29774,152.64693,pushup_up,258
148.58888,172.78827,pushup_up,258
165.25438,164.06128,pushup_up,258
155.53964,173.8227,pushup_up,258
121.44376,82.80886,pushup_down,258
117.76146,87.39785,pushup_down,258
111.50905,89.0624,pushup_down,258
97.574425,80.90446,pushup_down,258
97.78292,82.536736,pushup_down,258
99.0762,90.53714,pushup_down,258
99.241516,82.2567,pushup_down,258
91.899864,77.69792,pushup_down,258
94.31139,83.44709,pushup_down,258
89.47643,79.820114,pushup_down,258
92.217285,83.16983,pushup_down,258
94.060005,80.77647,pushup_down,258
82.28679,82.34441,pushup_down,258
90.49854,86.635155,pushup_down,258
92.44563,80.059586,pushup_down,258
96.490555,88.41895,pushup_down,258
92.629234,80.54747,pushup_down,258
99.41452,84.03203,pushup_down,258
96.28583,85.05162,pushup_down,258
96.99871,86.8886,pushup_down,258
93.03297,87.61842,pushup_down,258
102.67782,86.61652,pushup_down,258
98.98726,91.31641,pushup_down,258
97.201096,81.18753,pushup_down,258
101.03752,79.45164,pushup_down,258
93.98455,76.13128,pushup_down,258
103.05754,73.860664,pushup_down,258
107.35496,77.45895,pushup_down,258
114.29204,81.22787,pushup_down,258
120.4406,78.557304,pushup_down,258
172.76486,159.97482,pushup_up,258
171.8261,145.4659,pushup_up,258
169.24689,170.9729,pushup_up,258
171.15813,140.21036,pushup_up,258
174.43347,147.35085,pushup_up,258
160.9766,156.88718,pushup_up,258
172.04546,148.13931,pushup_up,258
160.31895,172.48033,pushup_up,258
174.52847,163.49107,pushup_up,258
171.94649,154.43977,pushup_up,258
172.93239,156.8049,pushup_up,258
148.11852,173.77492,pushup_up,258
151.45735,175.29472,pushup_up,258
118.09215,88.162445,pushup_down,258
108.860306,85.17475,pushup_down,258
107.31394,84.91699,pushup_down,258
156.2448,156.63774,pushup_up,258
166.96205,24.012241,pushup_down,258
91.47493,83.193535,pushup_down,258
98.51184,76.57938,pushup_down,258
105.74132,82.909874,pushup_down,258
107.13366,80.88837,pushup_down,258
158.97429,176.52232,pushup_up,258
153.03076,176.49294,pushup_up,258
167.79274,162.34528,pushup_up,258
156.22734,168.09206,pushup_up,258
168.55568,163.13037,pushup_up,258
167.8147,153.22427,pushup_up,258
160.33363,173.70143,pushup_up,258
171.15196,172.53171,pushup_up,258
169.2457,175.01276,pushup_up,258
170.20494,168.10289,pushup_up,258
168.35902,156.50969,pushup_up,258
169.35786,144.99275,pushup_up,258
168.51361,148.96304,pushup_up,258
162.51599,147.81454,pushup_up,258
156.18846,167.20569,pushup_up,258
171.9505,151.56747,pushup_up,258
170.73149,175.25014,pushup_up,258
159.67659,175.5442,pushup_up,258
165.43083,174.84793,pushup_up,258
168.01984,173.81708,pushup_up,258
141.50029,175.30205,pushup_up,258
100.69149,75.03183,pushup_down,258
168.87341,165.71754,pushup_up,258
173.45985,168.49248,pushup_up,258
153.05965,175.16125,pushup_up,258
161.19566,162.37628,pushup_up,258
157.9047,174.7078,pushup_up,258
168.25885,157.76959,pushup_up,258
178.702,136.74133,pushup_up,258
170.55988,151.62637,pushup_up,258
165.77414,160.23988,pushup_up,258
169.41165,145.20894,pushup_up,258
178.28593,147.78712,pushup_up,258
174.23526,143.63129,pushup_up,258
166.83107,143.24693,pushup_up,258
168.4499,151.89413,pushup_up,258
165.1758,175.04433,pushup_up,258
171.20833,174.90964,pushup_up,258
153.97292,165.80167,pushup_up,258
167.3542,167.19536,pushup_up,258
161.4653,161.66048,pushup_up,258
166.67982,157.68698,pushup_up,258
172.53085,141.6931,pushup_up,258
175.13605,148.29697,pushup_up,258
97.66913,80.068146,pushup_down,258
158.20193,177.73566,pushup_up,258
167.15485,164.57437,pushup_up,258
168.89417,166.8046,pushup_up,258
170.12286,171.09335,pushup_up,258
153.97063,169.185,pushup_up,258
163.69334,175.9794,pushup_up,258
140.88902,169.51778,pushup_up,258
138.7503,172.22026,pushup_up,258
168.94728,158.93117,pushup_up,258
174.22607,138.54007,pushup_up,258
176.56497,161.67412,pushup_up,258
167.21089,163.0637,pushup_up,258
162.99808,167.19032,pushup_up,258
143.0938,174.92421,pushup_up,258
175.36113,172.49219,pushup_up,258
169.7529,166.76796,pushup_up,258
148.42874,176.72552,pushup_up,258
92.42411,110.77091,pushup_down,259
92.08028,110.67109,pushup_down,259
89.534325,107.32436,pushup_down,259
90.09077,104.29661,pushup_down,259
94.10659,109.739784,pushup_down,259
94.05391,108.171745,pushup_down,259
94.01133,114.60095,pushup_down,259
105.45523,103.9167,pushup_down,259
92.431885,101.40297,pushup_down,259
88.26401,87.16141,pushup_down,259
87.71303,72.86232,pushup_down,259
92.881294,91.177025,pushup_down,259
99.93729,72.351715,pushup_down,259
103.59928,105.51391,pushup_down,259
102.48988,100.454254,pushup_down,259
98.83706,105.02916,pushup_down,259
99.42453,92.46182,pushup_down,259
96.86455,90.78834,pushup_down,259
102.052704,106.55634,pushup_down,259
101.60609,96.50412,pushup_down,259
97.05908,82.16873,pushup_down,259
105.37456,100.1333,pushup_down,259
99.56756,91.556206,pushup_down,259
107.76415,100.38748,pushup_down,259
109.32134,97.970055,pushup_down,259
106.49383,93.987305,pushup_down,259
82.376755,62.19763,pushup_down,259
86.048454,100.90678,pushup_down,259
85.31082,107.197,pushup_down,259
90.888275,116.78396,pushup_down,259
94.82322,114.92981,pushup_down,259
91.82915,108.59276,pushup_down,259
89.69258,110.32661,pushup_down,259
88.31062,114.99183,pushup_down,259
90.39779,107.23035,pushup_down,259
88.89608,105.46678,pushup_down,259
88.59553,104.67563,pushup_down,259
91.87256,105.44081,pushup_down,259
89.0583,114.1959,pushup_down,259
94.70798,96.582954,pushup_down,259
97.160416,98.69014,pushup_down,259
85.43895,82.77294,pushup_down,259
89.37522,78.361885,pushup_down,259
73.94232,56.274403,pushup_down,259
92.370285,83.729355,pushup_down,259
83.63021,68.06293,pushup_down,259
98.77723,69.68019,pushup_down,259
102.0484,84.34323,pushup_down,259
115.783356,74.25767,pushup_down,259
109.95638,74.09931,pushup_down,259
97.542175,105.240135,pushup_down,259
119.94787,82.76957,pushup_down,259
102.16874,104.260925,pushup_down,259
96.915855,103.74911,pushup_down,259
118.66882,70.39597,pushup_down,259
116.57985,68.54126,pushup_down,259
99.16963,94.244965,pushup_down,259
125.357216,72.66246,pushup_down,259
117.122,73.63927,pushup_down,259
115.382256,75.55593,pushup_down,259
102.57189,82.02168,pushup_down,259
97.314156,76.71641,pushup_down,259
87.19452,75.71539,pushup_down,259
84.499214,74.855225,pushup_down,259
100.20865,107.644196,pushup_down,259
87.28517,118.14693,pushup_down,259
95.12824,113.52311,pushup_down,259
170.93756,139.69113,pushup_up,260
154.52887,156.28581,pushup_up,260
154.63177,158.71767,pushup_up,260
164.09903,151.38647,pushup_up,260
169.12062,146.29776,pushup_up,260
167.33519,144.02301,pushup_up,260
172.13632,140.37825,pushup_up,260
169.96825,144.30252,pushup_up,260
172.88495,144.58685,pushup_up,260
171.62276,142.02237,pushup_up,260
169.11156,141.27246,pushup_up,260
169.57327,141.73541,pushup_up,260
176.67773,134.25772,pushup_up,260
174.07936,136.20409,pushup_up,260
168.59305,143.69395,pushup_up,260
171.4885,141.33987,pushup_up,260
171.39232,143.77438,pushup_up,260
166.48149,145.73576,pushup_up,260
88.03566,113.23512,pushup_down,260
100.90347,103.382935,pushup_down,260
83.7812,106.545135,pushup_down,260
94.66634,103.57683,pushup_down,260
96.965324,99.86605,pushup_down,260
93.395325,103.23623,pushup_down,260
86.48885,97.17143,pushup_down,260
90.09169,101.10782,pushup_down,260
85.567314,98.84526,pushup_down,260
88.46305,100.598564,pushup_down,260
90.04903,107.56354,pushup_down,260
96.08873,107.60155,pushup_down,260
85.33958,99.68825,pushup_down,260
93.994225,108.15274,pushup_down,260
85.66806,112.54207,pushup_down,260
85.56613,111.002106,pushup_down,260
142.88889,64.648056,pushup_down,261
137.61806,59.50455,pushup_down,261
134.6245,69.91249,pushup_down,261
137.6053,60.688965,pushup_down,261
135.4127,60.89448,pushup_down,261
120.092804,84.37774,pushup_down,262
119.3146,82.72934,pushup_down,262
106.46838,76.65118,pushup_down,262
108.09651,76.996376,pushup_down,262
101.72909,88.25056,pushup_down,262
103.810265,87.32497,pushup_down,262
105.66268,84.32989,pushup_down,262
104.22635,87.651,pushup_down,262
106.64105,89.82533,pushup_down,262
106.64105,89.82533,pushup_down,262
116.34179,90.12127,pushup_down,262
116.34179,90.12127,pushup_down,262
94.83797,91.22196,pushup_down,262
95.46168,91.32254,pushup_down,262
100.58678,95.83502,pushup_down,262
99.300125,95.958694,pushup_down,262
106.611855,91.6116,pushup_down,262
106.611855,91.6116,pushup_down,262
105.06217,92.20676,pushup_down,262
111.03471,94.66035,pushup_down,262
73.95825,86.89588,pushup_down,262
74.19208,87.2634,pushup_down,262
104.0984,80.53867,pushup_down,262
103.49283,80.396614,pushup_down,262
112.575714,81.61249,pushup_down,262
105.12193,77.09218,pushup_down,262
101.17033,100.20158,pushup_down,262
96.312164,99.55723,pushup_down,262
94.00347,100.76019,pushup_down,262
93.855644,100.591034,pushup_down,262
93.855644,100.591034,pushup_down,262
104.52696,105.33338,pushup_down,262
105.172516,100.85976,pushup_down,262
105.919525,100.39877,pushup_down,262
155.03828,156.31136,pushup_up,262
155.03828,156.31136,pushup_up,262
106.785034,94.19492,pushup_down,262
105.812386,95.63662,pushup_down,262
74.05381,122.216736,pushup_down,262
75.1038,124.47437,pushup_down,262
75.286156,121.35221,pushup_down,262
76.770355,119.38757,pushup_down,262
74.711006,120.259834,pushup_down,262
71.938,118.747665,pushup_down,262
73.62486,118.99518,pushup_down,262
72.89669,117.567955,pushup_down,262
70.603516,117.22842,pushup_down,262
70.52308,117.910194,pushup_down,262
69.00089,117.83085,pushup_down,262
70.07438,118.42069,pushup_down,262
74.149284,120.22083,pushup_down,262
75.15999,123.163536,pushup_down,262
75.69562,117.58439,pushup_down,262
75.7171,117.609825,pushup_down,262
168.46106,167.95389,pushup_up,263
166.395,167.30756,pushup_up,263
165.2891,166.04636,pushup_up,263
159.31007,162.60153,pushup_up,263
155.4107,158.5149,pushup_up,263
163.50487,146.7417,pushup_up,263
80.45257,124.68806,pushup_down,263
159.92418,156.14392,pushup_up,263
165.13802,147.09465,pushup_up,263
156.39105,161.16199,pushup_up,263
166.86147,166.42227,pushup_up,263
169.00505,172.85239,pushup_up,263
173.13463,176.82127,pushup_up,263
172.3594,175.64804,pushup_up,263
168.2237,166.23195,pushup_up,263
159.39984,160.72726,pushup_up,263
174.80547,148.5329,pushup_up,263
153.56178,158.23715,pushup_up,263
162.70134,164.15329,pushup_up,263
165.081,171.40025,pushup_up,263
171.25409,175.66621,pushup_up,263
172.53079,175.95811,pushup_up,263
171.54659,174.58621,pushup_up,263
166.59595,167.17586,pushup_up,263
160.51607,162.44127,pushup_up,263
80.967705,106.184746,pushup_down,264
69.612175,126.529465,pushup_down,264
66.76108,122.1481,pushup_down,264
78.3504,128.64153,pushup_down,264
90.99037,103.6616,pushup_down,264
79.793846,93.15067,pushup_down,264
69.51092,87.87297,pushup_down,264
72.51809,82.65643,pushup_down,264
63.530933,69.90172,pushup_down,264
63.637955,63.406364,pushup_down,264
115.656364,55.000862,pushup_down,264
114.7434,54.883408,pushup_down,264
129.14839,59.654427,pushup_down,264
131.55203,75.060425,pushup_down,264
128.46523,68.976555,pushup_down,264
130.32843,70.27747,pushup_down,264
130.1395,73.13045,pushup_down,264
42.177998,120.82164,pushup_down,264
103.19445,92.033806,pushup_down,264
58.47953,128.15437,pushup_down,264
69.762726,136.27147,pushup_down,264
159.46373,169.28568,pushup_up,264
55.216553,56.719044,pushup_down,264
72.51916,85.65097,pushup_down,264
54.9485,67.86546,pushup_down,264
14.65609,104.678566,pushup_down,264
41.705585,136.10231,pushup_down,264
75.94753,34.495358,pushup_down,264
146.59943,165.28958,pushup_up,264
86.152695,90.4874,pushup_down,264
63.834007,108.53792,pushup_down,264
93.94248,96.29317,pushup_down,264
60.66239,102.11985,pushup_down,264
120.21895,84.16121,pushup_down,264
84.984505,107.48007,pushup_down,265
85.78168,108.87743,pushup_down,265
66.31523,103.11672,pushup_down,265
96.02565,113.35661,pushup_down,265
110.00404,66.381485,pushup_down,265
70.99291,100.400925,pushup_down,265
87.38106,117.78937,pushup_down,265
77.24304,120.48732,pushup_down,265
79.17814,108.6758,pushup_down,265
78.148125,115.41535,pushup_down,265
87.147804,109.18092,pushup_down,265
81.712105,124.72944,pushup_down,265
84.229805,114.534035,pushup_down,265
141.39803,65.10403,pushup_down,265
84.84776,101.03111,pushup_down,265
95.14794,84.36051,pushup_down,265
111.93807,70.87514,pushup_down,265
50.491104,130.07915,pushup_down,266
31.307703,95.877655,pushup_down,266
86.40898,77.90218,pushup_down,266
39.72515,56.458897,pushup_down,266
40.932873,93.523544,pushup_down,266
46.40597,91.69509,pushup_down,266
165.27199,147.67308,pushup_up,266
166.61432,150.14503,pushup_up,266
171.65364,154.2334,pushup_up,266
61.145706,92.562164,pushup_down,266
69.83613,102.92121,pushup_down,266
85.62425,112.10689,pushup_down,266
124.288155,81.58054,pushup_down,266
58.095413,143.3835,pushup_down,266
45.72224,61.506336,pushup_down,266
42.545414,116.965836,pushup_down,266
30.093615,58.271416,pushup_down,266
61.11989,85.47264,pushup_down,266
84.12314,117.25082,pushup_down,266
66.01492,63.27905,pushup_down,266
64.07203,107.07965,pushup_down,266
83.88132,90.00807,pushup_down,266
57.82609,65.21956,pushup_down,266
85.26878,114.92347,pushup_down,266
50.85809,81.15151,pushup_down,266
45.549755,67.41396,pushup_down,266
101.894745,97.14554,pushup_down,266
91.03118,77.174095,pushup_down,266
84.06062,109.33066,pushup_down,266
168.18962,163.01166,pushup_up,266
174.03065,161.84764,pushup_up,266
159.74852,154.27464,pushup_up,266
169.7507,165.95103,pushup_up,266
107.20178,102.12794,pushup_down,267
93.85322,84.33243,pushup_down,267
84.33033,66.02208,pushup_down,267
107.485886,99.58719,pushup_down,267
107.03997,91.43961,pushup_down,267
110.28224,34.635223,pushup_down,267
112.46758,42.445354,pushup_down,267
130.83202,33.508183,pushup_down,267
66.75689,55.532047,pushup_down,267
61.4717,58.841797,pushup_down,267
154.6222,158.4525,pushup_up,267
152.36195,160.66917,pushup_up,267
155.60933,160.92522,pushup_up,267
61.87996,110.78076,pushup_down,267
83.58064,79.49155,pushup_down,267
91.78295,84.73342,pushup_down,267
98.85229,78.07034,pushup_down,267
98.13581,88.27048,pushup_down,267
101.45399,87.21769,pushup_down,267
102.35901,89.8279,pushup_down,267
105.24042,84.574265,pushup_down,267
113.044075,80.68652,pushup_down,267
150.70563,161.68338,pushup_up,267
91.1199,74.916916,pushup_down,267
94.80846,68.69024,pushup_down,267
29.06102,128.00386,pushup_down,267
76.33445,118.495224,pushup_down,267
50.67538,115.88943,pushup_down,267
41.06637,117.72352,pushup_down,267
110.62254,92.52959,pushup_down,267
143.09398,44.953465,pushup_down,267
156.21242,163.36053,pushup_up,267
156.47665,162.17636,pushup_up,267
161.85904,166.7768,pushup_up,267
162.15155,167.2146,pushup_up,267
159.8291,166.62404,pushup_up,267
159.9942,167.36887,pushup_up,267
173.53697,140.63177,pushup_up,268
176.38728,136.13452,pushup_up,268
175.03525,141.54463,pushup_up,268
176.93797,138.446,pushup_up,268
175.18639,140.44904,pushup_up,268
176.07713,139.40599,pushup_up,268
174.10216,140.01625,pushup_up,268
173.71135,143.14337,pushup_up,268
173.57858,140.68277,pushup_up,268
172.03754,144.28175,pushup_up,268
171.15181,141.34605,pushup_up,268
173.37743,141.5387,pushup_up,268
171.33716,142.8216,pushup_up,268
163.68245,146.97092,pushup_up,268
87.81227,119.33244,pushup_down,268
88.42315,113.54596,pushup_down,268
88.22482,112.99725,pushup_down,268
86.31046,119.15405,pushup_down,268
91.97729,108.96662,pushup_down,268
94.81182,98.59239,pushup_down,268
98.409904,111.29754,pushup_down,268
170.69458,146.09769,pushup_up,268
170.86732,144.97795,pushup_up,268
169.29893,145.2454,pushup_up,268
172.26035,147.21794,pushup_up,268
170.352,149.19211,pushup_up,268
171.53719,147.08853,pushup_up,268
170.36955,147.6674,pushup_up,268
170.81685,147.12062,pushup_up,268
170.09688,147.78091,pushup_up,268
168.34279,147.26642,pushup_up,268
169.50945,149.5575,pushup_up,268
168.48517,151.66318,pushup_up,268
167.02441,150.66206,pushup_up,268
170.01169,153.47052,pushup_up,268
171.01027,151.506,pushup_up,268
169.99084,149.53828,pushup_up,268
167.8489,146.35378,pushup_up,268
166.8556,147.14052,pushup_up,268
167.26448,144.0282,pushup_up,268
77.475494,124.424416,pushup_down,268
85.19802,121.64941,pushup_down,268
81.93981,121.494385,pushup_down,268
92.507416,110.94968,pushup_down,268
91.34734,111.92804,pushup_down,268
87.55592,113.108986,pushup_down,268
94.165,112.12296,pushup_down,268
93.864006,113.3269,pushup_down,268
87.59873,112.125336,pushup_down,268
138.43913,65.94192,pushup_down,268
171.69876,142.10434,pushup_up,268
172.01695,146.1161,pushup_up,268
170.74217,146.98071,pushup_up,268
175.8537,146.97809,pushup_up,268
174.78957,143.77905,pushup_up,268
170.07628,145.93575,pushup_up,268
171.64893,142.46957,pushup_up,268
173.03246,145.57233,pushup_up,268
168.1903,148.17293,pushup_up,268
171.86522,141.91489,pushup_up,268
174.49515,145.15385,pushup_up,268
173.25473,142.83258,pushup_up,268
171.97919,143.10893,pushup_up,268
172.4072,145.40935,pushup_up,268
171.23264,141.4101,pushup_up,268
171.02322,147.26004,pushup_up,268
167.4596,145.94954,pushup_up,268
80.82693,118.16371,pushup_down,268
91.0915,117.75002,pushup_down,268
89.095406,120.68187,pushup_down,268
91.20898,108.016785,pushup_down,268
93.182625,103.29161,pushup_down,268
92.54232,110.739,pushup_down,268
89.30911,107.1517,pushup_down,268
86.31449,109.170166,pushup_down,268
89.848816,106.45735,pushup_down,268
83.82465,108.638824,pushup_down,268
93.60146,114.586784,pushup_down,268
86.82643,116.39565,pushup_down,268
166.72229,149.5243,pushup_up,268
170.43768,145.28178,pushup_up,268
170.65865,142.14944,pushup_up,268
171.5276,142.44023,pushup_up,268
173.11319,141.16452,pushup_up,268
171.45515,143.34756,pushup_up,268
172.92639,142.85223,pushup_up,268
172.95256,144.78513,pushup_up,268
172.10367,142.69673,pushup_up,268
171.01108,142.89352,pushup_up,268
171.42474,146.9217,pushup_up,268
169.4372,147.9908,pushup_up,268
168.45148,147.92467,pushup_up,268
168.95018,149.02255,pushup_up,268
169.08464,148.00325,pushup_up,268
167.57692,146.5698,pushup_up,268
164.65909,147.03183,pushup_up,268
163.64021,146.49004,pushup_up,268
85.54503,121.68938,pushup_down,268
87.52589,117.69851,pushup_down,268
92.23685,116.635826,pushup_down,268
92.67443,115.32894,pushup_down,268
95.83132,112.80672,pushup_down,268
96.87431,112.87722,pushup_down,268
86.45723,119.55461,pushup_down,268
169.1002,147.53554,pushup_up,268
170.5172,143.67793,pushup_up,268
168.73158,144.58362,pushup_up,268
165.70935,150.04417,pushup_up,268
163.3376,148.38037,pushup_up,268
168.68234,150.19075,pushup_up,268
164.31621,150.68475,pushup_up,268
170.77315,144.5004,pushup_up,268
166.88226,143.59483,pushup_up,268
173.07082,148.06133,pushup_up,268
172.39273,145.2982,pushup_up,268
172.92168,143.87929,pushup_up,268
171.52792,149.6047,pushup_up,268
173.30672,146.84233,pushup_up,268
172.70015,145.05334,pushup_up,268
172.1284,152.03548,pushup_up,268
171.25583,149.57947,pushup_up,268
171.47647,152.82417,pushup_up,268
169.89403,150.98018,pushup_up,268
169.649,153.01317,pushup_up,268
171.67657,148.97234,pushup_up,268
171.06175,155.20062,pushup_up,268
168.42027,152.56906,pushup_up,268
167.52144,149.15103,pushup_up,268
170.44368,149.35423,pushup_up,268
165.21072,150.43343,pushup_up,268
167.5575,146.35281,pushup_up,268
167.67938,146.40765,pushup_up,268
81.64876,121.03193,pushup_down,268
89.9363,119.10647,pushup_down,269
85.42472,119.27639,pushup_down,269
80.54216,110.36842,pushup_down,269
77.978516,98.092285,pushup_down,269
78.49269,103.87129,pushup_down,269
75.12514,96.03333,pushup_down,269
72.63183,94.92356,pushup_down,269
71.5674,91.25753,pushup_down,269
69.87618,98.02722,pushup_down,269
70.406044,98.87678,pushup_down,269
69.23135,98.56978,pushup_down,269
68.854836,87.62798,pushup_down,269
73.34032,90.12881,pushup_down,269
75.51592,90.445366,pushup_down,269
74.37508,92.73369,pushup_down,269
77.461296,93.24283,pushup_down,269
79.27482,109.50206,pushup_down,269
87.09692,108.502,pushup_down,269
88.53838,112.027435,pushup_down,269
87.403015,115.26879,pushup_down,269
85.09072,114.2397,pushup_down,269
82.68352,108.06827,pushup_down,269
80.64791,103.21493,pushup_down,269
76.52236,102.5748,pushup_down,269
79.807846,101.10791,pushup_down,269
73.22546,106.59511,pushup_down,269
74.83186,99.22157,pushup_down,269
72.37545,93.02521,pushup_down,269
69.811386,84.633644,pushup_down,269
67.06895,83.23947,pushup_down,269
67.56614,89.362206,pushup_down,269
67.33983,84.59493,pushup_down,269
70.40468,93.21301,pushup_down,269
73.90993,100.95995,pushup_down,269
74.76975,103.07463,pushup_down,269
76.00921,110.09067,pushup_down,269
82.63063,114.06296,pushup_down,269
57.845436,125.61176,pushup_down,270
74.419525,129.22807,pushup_down,270
67.25042,119.559204,pushup_down,270
66.17081,125.058365,pushup_down,270
65.17157,124.55962,pushup_down,270
79.9008,125.93777,pushup_down,270
87.04911,120.55769,pushup_down,270
90.89213,113.99568,pushup_down,270
87.545784,111.14259,pushup_down,270
69.77111,129.2279,pushup_down,270
78.23942,129.46983,pushup_down,270
65.95018,125.967575,pushup_down,270
67.71528,125.52066,pushup_down,270
75.04435,129.62288,pushup_down,270
66.87985,125.62116,pushup_down,270
60.027756,125.53338,pushup_down,270
58.452095,123.439255,pushup_down,270
60.775524,123.74925,pushup_down,270
68.30391,124.834175,pushup_down,270
94.482346,110.93945,pushup_down,270
82.97739,120.6246,pushup_down,270
82.03592,112.00679,pushup_down,270
65.979454,124.22056,pushup_down,270
71.46041,127.61413,pushup_down,270
78.21003,128.65346,pushup_down,270
74.001396,127.89292,pushup_down,270
62.204414,129.30782,pushup_down,270
62.966103,127.47016,pushup_down,270
79.7067,129.71033,pushup_down,270
81.358284,125.782326,pushup_down,270
70.454544,127.9266,pushup_down,270
74.76867,128.51393,pushup_down,270
69.00365,127.0636,pushup_down,270
71.90451,131.16429,pushup_down,270
81.07743,121.65178,pushup_down,270
83.854546,123.13273,pushup_down,270
72.0952,128.29042,pushup_down,270
92.92826,115.28904,pushup_down,271
155.81715,170.77226,pushup_up,271
150.11371,160.3042,pushup_up,271
173.94853,149.08537,pushup_up,271
150.43594,159.95493,pushup_up,271
166.99283,166.1711,pushup_up,271
170.51958,169.18185,pushup_up,271
152.7429,158.05661,pushup_up,271
153.78108,158.43878,pushup_up,271
41.619366,49.449863,pushup_down,271
76.778076,123.73242,pushup_down,271
146.9241,166.07805,pushup_up,271
147.6849,168.2282,pushup_up,271
145.41402,166.28351,pushup_up,271
144.5169,165.75658,pushup_up,271
143.45917,167.48636,pushup_up,271
145.01974,165.04848,pushup_up,271
145.99069,168.67519,pushup_up,271
148.32352,167.70297,pushup_up,271
144.69815,166.7974,pushup_up,271
73.57283,124.32386,pushup_down,272
69.524605,102.265915,pushup_down,272
56.968964,97.04694,pushup_down,272
66.09527,126.90943,pushup_down,272
71.16346,133.55273,pushup_down,272
82.873474,77.90547,pushup_down,273
74.66098,76.876045,pushup_down,273
80.32639,77.74566,pushup_down,273
82.63187,78.81028,pushup_down,273
94.460175,77.08477,pushup_down,273
87.6429,78.44144,pushup_down,273
78.96016,80.282036,pushup_down,273
82.52135,77.899796,pushup_down,273
82.27964,74.08686,pushup_down,273
105.27459,73.96158,pushup_down,273
102.47435,79.48933,pushup_down,273
115.95157,82.30462,pushup_down,273
111.86222,80.7213,pushup_down,273
103.664894,79.295975,pushup_down,273
84.90561,79.15621,pushup_down,273
81.712105,72.68031,pushup_down,273
87.03138,83.94784,pushup_down,273
72.86065,69.285255,pushup_down,273
83.543,78.91584,pushup_down,273
90.59739,77.173195,pushup_down,273
87.29393,74.94655,pushup_down,273
97.81556,76.314255,pushup_down,273
95.144295,76.14401,pushup_down,273
111.9889,79.95307,pushup_down,273
98.6143,68.39776,pushup_down,273
106.900734,78.0362,pushup_down,273
121.39144,83.19142,pushup_down,273
109.25026,82.84203,pushup_down,273
79.341644,81.13411,pushup_down,273
72.81709,73.04976,pushup_down,273
60.58583,66.86961,pushup_down,273
97.27223,77.50367,pushup_down,273
81.29543,77.18137,pushup_down,273
76.3343,72.810524,pushup_down,273
110.02351,75.966385,pushup_down,273
118.41064,75.62334,pushup_down,273
126.036736,81.13067,pushup_down,273
106.67489,76.18036,pushup_down,273
94.10034,74.68629,pushup_down,273
81.544685,77.95117,pushup_down,273
71.13265,65.772064,pushup_down,273
107.43331,77.150215,pushup_down,273
93.3051,80.0377,pushup_down,273
104.59025,89.701645,pushup_down,273
99.83223,82.10434,pushup_down,273
85.95349,73.5882,pushup_down,273
75.97463,68.55323,pushup_down,273
99.111115,59.238815,pushup_down,273
78.38172,58.08977,pushup_down,273
107.328766,65.51633,pushup_down,273
115.0717,67.72258,pushup_down,273
114.31336,58.58466,pushup_down,273
129.26527,62.46709,pushup_down,273
125.04005,61.453915,pushup_down,273
114.39392,77.826485,pushup_down,273
95.51786,81.22413,pushup_down,273
108.53401,78.401215,pushup_down,273
126.373535,76.606476,pushup_down,273
97.902565,104.26249,pushup_down,274
91.41128,117.56655,pushup_down,274
93.17143,103.39628,pushup_down,274
96.29037,99.09788,pushup_down,274
160.98311,153.95056,pushup_up,274
163.47432,149.94516,pushup_up,275
163.44968,149.13736,pushup_up,275
166.86612,151.25125,pushup_up,275
166.20903,156.88062,pushup_up,275
166.71329,158.83852,pushup_up,275
165.63844,149.92357,pushup_up,275
163.44304,155.92426,pushup_up,275
161.94363,151.11923,pushup_up,275
158.84982,155.06728,pushup_up,275
158.70665,152.58432,pushup_up,275
98.669426,81.66545,pushup_down,275
157.87906,155.33504,pushup_up,275
175.57852,135.9697,pushup_up,275
119.605705,73.55368,pushup_down,275
120.11359,84.03961,pushup_down,275
104.94535,85.07169,pushup_down,275
109.28011,75.33772,pushup_down,275
108.27394,78.08204,pushup_down,275
114.50368,88.17023,pushup_down,275
103.96267,82.35903,pushup_down,275
110.54927,94.821014,pushup_down,275
95.93363,97.907974,pushup_down,275
95.387474,98.97716,pushup_down,275
83.64609,91.47881,pushup_down,275
91.07406,94.64049,pushup_down,275
87.84001,91.52812,pushup_down,275
79.92261,82.46326,pushup_down,275
79.81801,92.82693,pushup_down,275
86.172195,91.67496,pushup_down,275
82.73091,98.52292,pushup_down,275
81.15611,93.97888,pushup_down,275
84.23559,101.0214,pushup_down,275
88.87038,118.078156,pushup_down,275
87.62172,120.35861,pushup_down,275
85.92508,114.428505,pushup_down,275
89.807465,113.38214,pushup_down,275
89.98693,111.619545,pushup_down,275
88.53309,107.87585,pushup_down,275
161.93471,165.5606,pushup_up,275
172.88081,140.8713,pushup_up,275
116.12296,85.24576,pushup_down,275
124.14517,85.51677,pushup_down,275
116.4776,79.85151,pushup_down,275
115.03534,74.97399,pushup_down,275
110.675316,74.4655,pushup_down,275
119.45727,74.07534,pushup_down,275
112.824974,73.96605,pushup_down,275
120.0003,80.199425,pushup_down,275
121.85453,77.736725,pushup_down,275
112.54377,77.125435,pushup_down,275
121.674675,77.722755,pushup_down,275
119.44447,79.573296,pushup_down,275
118.75644,82.21621,pushup_down,275
126.282486,79.70456,pushup_down,275
121.94913,83.37934,pushup_down,275
119.33792,86.1171,pushup_down,275
113.21038,87.52434,pushup_down,275
107.55578,87.499176,pushup_down,275
118.506424,89.88439,pushup_down,275
107.13867,87.95676,pushup_down,275
103.919174,84.19802,pushup_down,275
100.97612,76.254616,pushup_down,275
100.62233,75.25412,pushup_down,275
97.21878,78.47339,pushup_down,275
91.243576,72.08883,pushup_down,275
94.1083,77.03544,pushup_down,275
92.94332,74.2184,pushup_down,275
93.82659,74.83124,pushup_down,275
96.52446,75.20936,pushup_down,275
102.64961,75.74297,pushup_down,275
99.708176,76.03027,pushup_down,275
97.34435,71.28911,pushup_down,275
110.0592,77.95244,pushup_down,275
109.358246,76.59948,pushup_down,275
109.947464,76.94586,pushup_down,275
106.113945,77.47803,pushup_down,275
92.675316,76.059654,pushup_down,275
116.04463,83.074005,pushup_down,275
109.094185,78.476555,pushup_down,275
105.61831,80.11546,pushup_down,275
114.22867,91.879166,pushup_down,275
105.37306,89.14456,pushup_down,275
101.80173,87.14252,pushup_down,275
95.159775,86.557755,pushup_down,275
117.283264,90.424034,pushup_down,275
104.74939,83.43557,pushup_down,275
106.09726,84.67868,pushup_down,275
143.66849,173.03781,pushup_up,275
153.04204,164.25304,pushup_up,276
147.27368,172.59991,pushup_up,276
108.332054,73.80475,pushup_down,276
85.68394,70.13321,pushup_down,276
52.73794,15.155574,pushup_down,276
102.6201,95.744194,pushup_down,276
108.623535,30.194725,pushup_down,276
155.69275,163.39531,pushup_up,276
155.96269,168.40112,pushup_up,276
141.42114,171.07565,pushup_up,276
152.25067,178.43425,pushup_up,276
146.9471,172.09596,pushup_up,276
155.08598,176.5668,pushup_up,276
156.2533,172.00606,pushup_up,276
162.33447,172.1782,pushup_up,276
165.7004,171.84846,pushup_up,276
164.2128,172.72804,pushup_up,276
162.4298,172.26791,pushup_up,276
164.08687,169.9648,pushup_up,276
165.6901,172.17584,pushup_up,276
163.3934,174.48859,pushup_up,276
158.65791,171.19698,pushup_up,276
166.67087,172.78004,pushup_up,276
161.6446,169.64226,pushup_up,276
157.81377,171.07184,pushup_up,276
155.90094,171.61177,pushup_up,276
158.21712,173.53694,pushup_up,276
159.39304,172.05632,pushup_up,276
153.19612,168.9789,pushup_up,276
159.87982,172.42781,pushup_up,276
160.1642,167.60963,pushup_up,276
160.27011,170.67145,pushup_up,276
160.71085,170.25076,pushup_up,276
159.11781,169.62958,pushup_up,276
158.93352,171.87572,pushup_up,276
157.66054,166.87148,pushup_up,276
157.08289,166.18555,pushup_up,276
157.84602,167.66028,pushup_up,276
154.40572,163.766,pushup_up,276
159.1858,167.21999,pushup_up,276
159.2188,167.60242,pushup_up,276
158.46852,164.08115,pushup_up,276
157.3576,167.00774,pushup_up,276
158.28792,163.90459,pushup_up,276
161.32825,165.92892,pushup_up,276
158.53024,165.77116,pushup_up,276
156.77579,160.01785,pushup_up,276
155.65839,159.69461,pushup_up,276
160.62697,157.08363,pushup_up,276
148.26778,163.83438,pushup_up,276
100.907104,101.75651,pushup_down,276
69.24765,112.78375,pushup_down,276
85.13666,87.86617,pushup_down,276
53.4823,93.95847,pushup_down,276
126.49651,14.076855,pushup_down,276
149.73631,175.44055,pushup_up,276
139.62732,175.95924,pushup_up,276
155.96222,175.1534,pushup_up,276
149.3176,163.21834,pushup_up,276
148.97133,166.74226,pushup_up,276
160.32568,172.6075,pushup_up,276
158.7633,160.6401,pushup_up,276
160.99141,157.91235,pushup_up,276
154.61507,158.18457,pushup_up,276
147.5957,164.54514,pushup_up,276
148.44968,162.00609,pushup_up,276
151.23312,160.50195,pushup_up,276
154.2808,168.07619,pushup_up,276
155.6515,165.02554,pushup_up,276
155.79039,169.71434,pushup_up,276
158.65846,166.12717,pushup_up,276
155.26006,165.32896,pushup_up,276
155.05032,164.54276,pushup_up,276
153.48747,164.43292,pushup_up,276
154.05978,165.61903,pushup_up,276
156.30217,164.82516,pushup_up,276
155.81374,163.2043,pushup_up,276
159.18738,164.41396,pushup_up,276
155.21693,163.81639,pushup_up,276
73.9555,58.754726,pushup_down,277
74.05708,58.093494,pushup_down,277
72.69145,60.40396,pushup_down,277
63.421616,60.481255,pushup_down,277
74.682106,63.767067,pushup_down,277
77.8519,60.75065,pushup_down,277
78.249886,61.24334,pushup_down,277
80.290085,59.249737,pushup_down,277
78.51336,58.865116,pushup_down,277
54.676693,69.591354,pushup_down,277
54.42398,74.37034,pushup_down,277
62.710613,65.80787,pushup_down,277
73.72424,74.084045,pushup_down,277
75.38807,112.25951,pushup_down,277
66.80749,78.445694,pushup_down,277
79.02887,75.304535,pushup_down,277
78.774025,79.388725,pushup_down,277
87.18097,90.899284,pushup_down,277
102.43995,95.01629,pushup_down,277
104.558205,99.693924,pushup_down,277
162.58618,152.5974,pushup_up,277
161.35776,150.56133,pushup_up,277
163.0571,152.8261,pushup_up,277
163.69794,151.13405,pushup_up,277
163.11388,154.04933,pushup_up,277
164.28264,152.752,pushup_up,277
160.4186,152.72679,pushup_up,277
164.68456,152.65518,pushup_up,277
164.39536,153.12152,pushup_up,277
164.46635,154.82466,pushup_up,277
167.20097,156.37769,pushup_up,277
164.6361,152.48813,pushup_up,277
163.2188,150.81573,pushup_up,277
159.79837,150.35538,pushup_up,277
161.47882,149.932,pushup_up,277
102.52714,102.98858,pushup_down,277
95.22985,95.70614,pushup_down,277
94.00915,94.20526,pushup_down,277
83.35818,89.41002,pushup_down,277
77.16957,84.759415,pushup_down,277
67.58039,84.93573,pushup_down,277
62.82769,79.401474,pushup_down,277
59.140404,90.35416,pushup_down,277
54.50042,89.91884,pushup_down,277
51.598816,88.341385,pushup_down,277
51.92953,70.99227,pushup_down,277
54.22115,64.55689,pushup_down,277
68.771675,62.267483,pushup_down,277
72.02284,68.61237,pushup_down,277
66.1571,58.843853,pushup_down,277
73.52201,58.81262,pushup_down,277
62.326824,62.322296,pushup_down,277
57.423515,52.65479,pushup_down,277
54.72793,48.790077,pushup_down,277
64.312614,47.84016,pushup_down,277
51.819546,61.250996,pushup_down,277
59.965157,55.543274,pushup_down,277
57.750755,64.66555,pushup_down,277
67.536995,60.078423,pushup_down,277
77.30425,54.66011,pushup_down,277
75.31151,57.292248,pushup_down,277
72.62745,55.436234,pushup_down,277
73.79255,57.77208,pushup_down,277
73.08007,53.50653,pushup_down,277
76.89528,56.832115,pushup_down,277
51.604607,66.46118,pushup_down,277
69.870544,64.57975,pushup_down,277
61.02027,69.19472,pushup_down,277
61.838154,67.65555,pushup_down,277
68.66148,77.6425,pushup_down,277
65.40535,77.096985,pushup_down,277
76.01675,76.44982,pushup_down,277
78.63142,87.20553,pushup_down,277
97.2001,89.02966,pushup_down,277
99.729065,98.63278,pushup_down,277
106.7338,102.18746,pushup_down,277
98.88583,99.20286,pushup_down,277
98.98755,90.328285,pushup_down,277
93.19971,94.426445,pushup_down,277
94.06395,84.67304,pushup_down,277
75.76615,94.96749,pushup_down,277
66.69408,82.694855,pushup_down,277
72.607765,83.17646,pushup_down,277
66.21894,70.61311,pushup_down,277
74.32136,66.61916,pushup_down,277
63.322544,72.012924,pushup_down,277
71.70747,70.755104,pushup_down,277
68.76946,78.181465,pushup_down,277
68.98372,70.19399,pushup_down,277
61.694145,77.87647,pushup_down,277
60.76834,71.95302,pushup_down,277
72.39483,77.9733,pushup_down,277
63.547462,75.174774,pushup_down,277
66.184006,77.84197,pushup_down,277
68.99812,67.28882,pushup_down,277
66.90255,62.667625,pushup_down,277
62.85655,74.63899,pushup_down,277
66.07783,64.846756,pushup_down,277
64.11993,80.3151,pushup_down,277
61.24525,65.078896,pushup_down,277
61.927834,74.19866,pushup_down,277
61.251083,76.96227,pushup_down,277
63.797234,75.52289,pushup_down,277
68.28346,74.344,pushup_down,277
62.231094,75.61106,pushup_down,277
57.93765,76.459145,pushup_down,277
53.528767,84.855316,pushup_down,277
64.09095,85.88544,pushup_down,277
69.97787,87.25165,pushup_down,277
80.972176,83.131325,pushup_down,277
88.77572,83.322754,pushup_down,277
91.46085,87.36037,pushup_down,277
93.57671,97.11654,pushup_down,277
103.59325,103.44058,pushup_down,277
162.21143,150.36684,pushup_up,277
163.2877,149.2327,pushup_up,277
164.06523,150.88329,pushup_up,277
162.24573,150.24873,pushup_up,277
161.25093,150.82672,pushup_up,277
161.38419,151.93907,pushup_up,277
162.7943,152.74695,pushup_up,277
162.73114,153.17545,pushup_up,277
164.37358,154.93054,pushup_up,277
165.18701,153.6451,pushup_up,277
164.43387,153.37056,pushup_up,277
165.29759,152.02162,pushup_up,277
162.66145,153.28053,pushup_up,277
165.51332,153.39964,pushup_up,277
163.20491,153.75307,pushup_up,277
163.40758,154.66728,pushup_up,277
164.9663,151.61768,pushup_up,277
164.11188,153.28299,pushup_up,277
160.87,149.55913,pushup_up,277
161.23119,149.39363,pushup_up,277
102.99599,102.77293,pushup_down,277
95.46111,92.997154,pushup_down,277
90.97231,94.044556,pushup_down,277
91.20556,89.56524,pushup_down,277
83.75235,87.89295,pushup_down,277
71.74447,77.47664,pushup_down,277
76.90796,80.72167,pushup_down,277
69.422516,76.445946,pushup_down,277
77.58127,74.39615,pushup_down,277
80.27261,73.805954,pushup_down,277
77.470634,84.48572,pushup_down,277
76.54353,70.77631,pushup_down,277
78.37633,70.18055,pushup_down,277
78.360954,59.946976,pushup_down,277
77.78742,66.87333,pushup_down,277
75.60945,61.480305,pushup_down,277
81.47172,71.385216,pushup_down,277
82.64503,67.09949,pushup_down,277
89.24606,73.13129,pushup_down,277
81.601425,96.80445,pushup_down,277
84.98059,79.02825,pushup_down,277
84.73072,69.99751,pushup_down,277
78.76672,85.15441,pushup_down,277
88.815216,83.791435,pushup_down,277
89.59629,86.93419,pushup_down,277
76.908485,74.81594,pushup_down,277
80.265686,79.580986,pushup_down,277
89.553955,78.613655,pushup_down,277
88.634415,85.71921,pushup_down,277
76.01058,77.71036,pushup_down,277
74.7688,82.515656,pushup_down,277
79.311104,85.27475,pushup_down,277
161.65991,153.3299,pushup_up,278
161.9843,158.05946,pushup_up,278
163.53485,156.35512,pushup_up,278
163.84123,159.66368,pushup_up,278
162.96867,157.97853,pushup_up,278
161.41129,154.77837,pushup_up,278
161.70145,154.67694,pushup_up,278
165.37836,146.64017,pushup_up,278
163.63983,148.37979,pushup_up,278
163.00172,148.29393,pushup_up,278
160.60751,149.66512,pushup_up,278
162.19638,150.01561,pushup_up,278
162.34016,149.64015,pushup_up,278
161.41785,155.16203,pushup_up,278
161.23698,154.10237,pushup_up,278
161.84001,156.86606,pushup_up,278
161.9615,155.74567,pushup_up,278
171.07188,153.50642,pushup_up,278
168.94054,151.966,pushup_up,278
169.59642,156.85007,pushup_up,278
167.95836,156.97862,pushup_up,278
165.83234,156.2345,pushup_up,278
166.83386,155.37677,pushup_up,278
165.52258,155.72939,pushup_up,278
163.60475,153.02382,pushup_up,278
168.45334,160.77542,pushup_up,278
170.1575,158.28828,pushup_up,278
163.94867,150.42494,pushup_up,278
88.274124,112.3054,pushup_down,278
63.0364,105.520515,pushup_down,278
66.62319,115.06019,pushup_down,278
69.54213,103.99498,pushup_down,278
73.18139,103.87186,pushup_down,278
72.84902,101.27529,pushup_down,278
74.77083,105.045296,pushup_down,278
76.949295,115.334435,pushup_down,278
83.05801,118.003395,pushup_down,278
79.338585,116.83134,pushup_down,278
82.125046,124.40014,pushup_down,278
84.78098,119.607155,pushup_down,278
90.20553,114.785255,pushup_down,278
86.45371,116.73431,pushup_down,278
87.91869,117.158516,pushup_down,278
101.050064,107.31708,pushup_down,278
87.94611,117.86931,pushup_down,278
91.46524,111.724266,pushup_down,278
99.44989,109.57641,pushup_down,278
101.09788,108.792435,pushup_down,278
87.602806,121.90952,pushup_down,278
87.14428,120.3188,pushup_down,278
83.21928,113.37533,pushup_down,278
81.66735,119.968155,pushup_down,278
81.25131,105.91287,pushup_down,278
70.67528,93.0558,pushup_down,278
77.90312,95.409485,pushup_down,278
165.29036,156.63144,pushup_up,278
168.0009,156.60678,pushup_up,278
164.21312,156.28717,pushup_up,278
166.09056,157.79735,pushup_up,278
171.878,156.94084,pushup_up,278
170.1226,157.85072,pushup_up,278
165.87473,155.50671,pushup_up,278
159.543,154.19243,pushup_up,278
162.39615,150.17996,pushup_up,278
160.79407,149.24626,pushup_up,278
161.64008,152.99863,pushup_up,278
163.20097,148.45602,pushup_up,278
163.10295,147.32535,pushup_up,278
160.37347,149.76146,pushup_up,278
165.40929,148.84221,pushup_up,278
164.95363,151.23747,pushup_up,278
161.40022,151.60225,pushup_up,278
161.95197,151.21716,pushup_up,278
159.0964,152.11568,pushup_up,278
162.80865,151.04134,pushup_up,278
163.63779,153.30873,pushup_up,278
164.42046,155.14778,pushup_up,278
167.57835,159.05307,pushup_up,278
164.04681,155.12354,pushup_up,278
170.51003,160.54173,pushup_up,278
172.50545,164.04999,pushup_up,278
171.61224,157.67952,pushup_up,278
171.97455,163.44122,pushup_up,278
171.1069,164.80508,pushup_up,278
170.37355,167.73796,pushup_up,278
169.56953,158.37495,pushup_up,278
175.53365,172.83093,pushup_up,278
73.3175,100.94236,pushup_down,278
75.23767,109.86173,pushup_down,278
78.43567,113.81971,pushup_down,278
82.3291,107.50776,pushup_down,278
80.39113,106.71805,pushup_down,278
87.59389,112.17812,pushup_down,278
98.36392,106.05424,pushup_down,278
102.115486,107.00436,pushup_down,278
76.669624,119.843056,pushup_down,278
80.53436,117.063126,pushup_down,278
82.82326,125.856094,pushup_down,278
88.67385,111.665764,pushup_down,278
79.74336,103.350395,pushup_down,278
90.910385,112.09159,pushup_down,278
86.59004,119.59907,pushup_down,278
89.093796,117.83432,pushup_down,278
83.24464,115.56585,pushup_down,278
78.026115,116.93887,pushup_down,278
76.92078,129.07372,pushup_down,278
87.40327,120.41476,pushup_down,278
142.74783,172.8752,pushup_up,279
146.44304,172.4004,pushup_up,279
152.60994,171.94379,pushup_up,279
158.39496,172.04153,pushup_up,279
162.84271,171.18402,pushup_up,279
157.28502,171.91733,pushup_up,279
160.83084,171.45593,pushup_up,279
157.5066,171.45561,pushup_up,279
153.1029,171.60309,pushup_up,279
153.77025,171.64992,pushup_up,279
158.01126,172.50139,pushup_up,279
156.08932,174.22578,pushup_up,279
151.07458,172.22276,pushup_up,279
144.44498,171.08667,pushup_up,279
141.52567,170.71431,pushup_up,279
154.87505,156.69041,pushup_up,279
161.27216,150.47998,pushup_up,279
161.36472,155.34473,pushup_up,279
165.16771,154.06313,pushup_up,279
158.9207,154.9875,pushup_up,279
158.12463,158.39612,pushup_up,279
170.18335,159.05995,pushup_up,279
175.84772,153.136,pushup_up,279
166.37645,163.31613,pushup_up,279
162.29646,166.10175,pushup_up,279
159.44215,167.59126,pushup_up,279
167.6079,162.59648,pushup_up,279
166.33684,160.92151,pushup_up,279
162.36786,163.99757,pushup_up,279
164.9297,162.09706,pushup_up,279
165.63452,162.90485,pushup_up,279
167.36525,157.03156,pushup_up,279
158.2442,152.36552,pushup_up,279
163.69406,148.0198,pushup_up,279
166.35483,148.65405,pushup_up,279
160.91783,165.35284,pushup_up,279
161.96327,160.68224,pushup_up,279
157.24463,167.4881,pushup_up,279
164.79689,167.48624,pushup_up,279
153.66882,168.09003,pushup_up,279
166.79767,162.46022,pushup_up,279
158.37903,164.70526,pushup_up,279
155.34422,159.57448,pushup_up,279
161.79881,162.27133,pushup_up,279
162.73393,166.54237,pushup_up,279
170.39282,168.99643,pushup_up,279
171.69327,170.48045,pushup_up,279
170.52362,165.7697,pushup_up,279
159.65434,151.43144,pushup_up,279
167.09903,147.03024,pushup_up,279
163.74062,173.33734,pushup_up,279
162.78165,154.22108,pushup_up,279
167.07266,153.5621,pushup_up,279
175.80904,134.82864,pushup_up,279
163.9535,149.43295,pushup_up,279
164.56847,148.47026,pushup_up,279
170.98683,144.96683,pushup_up,279
155.98804,154.23149,pushup_up,279
140.34065,171.61247,pushup_up,280
146.29373,171.92407,pushup_up,280
158.36043,169.32492,pushup_up,280
150.4435,172.91655,pushup_up,280
146.88823,163.90361,pushup_up,280
170.92824,155.15886,pushup_up,280
121.736916,75.723976,pushup_down,280
110.20139,74.58309,pushup_down,280
120.92888,73.936455,pushup_down,280
120.77861,83.79082,pushup_down,280
123.14486,82.239784,pushup_down,280
115.52334,76.16031,pushup_down,280
119.15267,77.65943,pushup_down,280
119.275055,83.11758,pushup_down,280
116.77471,81.825745,pushup_down,280
109.72527,90.77512,pushup_down,280
115.94497,93.57956,pushup_down,280
110.44027,95.05739,pushup_down,280
108.923546,97.877815,pushup_down,280
113.11409,84.403564,pushup_down,280
107.914825,97.79194,pushup_down,280
106.30484,100.57733,pushup_down,280
104.18895,99.23257,pushup_down,280
109.99787,98.90337,pushup_down,280
113.0321,81.42028,pushup_down,280
119.78071,87.838394,pushup_down,280
116.3865,80.16016,pushup_down,280
149.19843,163.81776,pushup_up,281
151.04753,163.82733,pushup_up,281
149.91437,163.44627,pushup_up,281
148.8981,163.09744,pushup_up,281
148.6778,163.85223,pushup_up,281
102.49182,106.477356,pushup_down,281
98.651115,90.4278,pushup_down,281
94.4704,82.62285,pushup_down,281
95.76768,83.79814,pushup_down,281
100.34801,83.917725,pushup_down,281
100.50242,83.49887,pushup_down,281
102.21392,81.72484,pushup_down,281
113.92752,82.411064,pushup_down,281
96.07652,83.52022,pushup_down,281
99.632614,79.36059,pushup_down,281
95.27193,77.84334,pushup_down,281
106.18721,83.28279,pushup_down,281
102.76007,90.765305,pushup_down,281
170.13812,151.22453,pushup_up,281
174.0879,158.98578,pushup_up,281
170.55809,153.335,pushup_up,281
174.31558,143.68297,pushup_up,281
172.3455,147.21289,pushup_up,281
162.78421,149.87445,pushup_up,281
176.90395,147.89296,pushup_up,281
169.46692,150.11618,pushup_up,281
169.90814,151.18355,pushup_up,281
166.24133,149.59505,pushup_up,281
170.36736,165.48668,pushup_up,282
109.25067,95.344826,pushup_down,282
71.245125,100.09579,pushup_down,282
162.67067,169.35216,pushup_up,282
77.388565,66.85312,pushup_down,282
88.58886,96.951035,pushup_down,282
91.71743,83.046875,pushup_down,282
105.39911,101.699776,pushup_down,282
92.34472,78.10003,pushup_down,282
78.116684,70.40151,pushup_down,282
92.72922,114.54906,pushup_down,282
162.96,162.96881,pushup_up,282
113.69198,83.429344,pushup_down,282
172.79535,166.31572,pushup_up,282
101.95594,98.052895,pushup_down,282
56.215683,84.31461,pushup_down,282
104.61172,82.91019,pushup_down,282
87.56919,104.5076,pushup_down,282
166.62103,162.41495,pushup_up,282
109.149956,100.400536,pushup_down,282
98.54404,100.33509,pushup_down,282
169.40622,172.24953,pushup_up,282
75.511086,87.6119,pushup_down,282
93.124374,111.634476,pushup_down,282
93.509094,106.00008,pushup_down,282
76.076614,110.04056,pushup_down,282
165.99364,147.39583,pushup_up,283
169.74461,140.90343,pushup_up,283
167.74571,147.58098,pushup_up,283
165.81242,154.7824,pushup_up,283
165.34503,156.8969,pushup_up,283
166.77359,153.86716,pushup_up,283
164.93356,160.16434,pushup_up,283
169.2034,156.29828,pushup_up,283
163.49664,159.72093,pushup_up,283
162.14648,156.83746,pushup_up,283
176.75272,175.01248,pushup_up,283
172.83034,162.90672,pushup_up,283
172.74571,162.9088,pushup_up,283
173.2809,156.84302,pushup_up,283
157.46187,155.096,pushup_up,283
157.43033,173.8912,pushup_up,283
162.37755,161.29312,pushup_up,283
162.236,162.14291,pushup_up,283
164.01393,155.86511,pushup_up,283
166.61513,155.31499,pushup_up,283
167.89682,160.16685,pushup_up,283
157.9472,154.17415,pushup_up,283
156.2901,157.00021,pushup_up,283
160.792,155.1668,pushup_up,283
162.1865,155.51346,pushup_up,283
157.89403,154.39822,pushup_up,283
149.08603,161.88484,pushup_up,283
176.614,156.96696,pushup_up,283
144.23633,169.1874,pushup_up,283
162.14764,151.51344,pushup_up,283
163.37271,149.59154,pushup_up,283
162.82504,156.30096,pushup_up,283
170.1633,155.43341,pushup_up,283
163.29128,158.0775,pushup_up,283
164.94418,157.86972,pushup_up,283
165.05075,152.66739,pushup_up,283
163.41095,151.19502,pushup_up,283
161.70288,149.45677,pushup_up,283
168.59628,152.34085,pushup_up,283
163.90182,154.9406,pushup_up,283
170.91148,149.78937,pushup_up,283
160.01566,150.01982,pushup_up,283
161.77281,154.19133,pushup_up,283
161.71371,152.31941,pushup_up,283
169.29265,157.67706,pushup_up,283
164.49107,157.94995,pushup_up,283
165.37001,156.12292,pushup_up,283
154.0074,160.64352,pushup_up,283
168.50099,173.59865,pushup_up,283
174.0233,173.41568,pushup_up,283
172.46783,173.79982,pushup_up,283
92.96331,116.38352,pushup_down,284
88.624985,116.57825,pushup_down,284
84.784386,122.76048,pushup_down,284
84.620544,121.1973,pushup_down,284
79.24575,116.81705,pushup_down,284
86.31581,121.42654,pushup_down,284
77.69968,119.64622,pushup_down,284
72.36072,124.84612,pushup_down,284
69.647835,119.75598,pushup_down,284
63.330338,122.27969,pushup_down,284
62.350594,126.64994,pushup_down,284
63.200523,123.4931,pushup_down,284
59.816643,127.072464,pushup_down,284
59.705673,124.4076,pushup_down,284
60.37319,122.22631,pushup_down,284
61.929813,123.89308,pushup_down,284
60.043507,125.51046,pushup_down,284
72.48922,127.29068,pushup_down,284
84.70156,112.85031,pushup_down,284
85.50473,115.295746,pushup_down,284
93.337074,105.82977,pushup_down,284
95.21201,111.31614,pushup_down,284
93.123375,111.65581,pushup_down,284
80.50989,117.38649,pushup_down,284
81.515656,112.649086,pushup_down,284
86.48099,111.54761,pushup_down,284
84.233795,104.68017,pushup_down,284
85.74958,105.19354,pushup_down,284
77.36885,106.82982,pushup_down,284
77.320816,101.616684,pushup_down,284
75.93315,100.0472,pushup_down,284
70.72542,113.067375,pushup_down,284
70.68246,112.13987,pushup_down,284
65.44938,112.636055,pushup_down,284
68.42078,110.08285,pushup_down,284
71.28285,111.73321,pushup_down,284
69.98577,106.6223,pushup_down,284
69.379395,112.424965,pushup_down,284
77.61637,111.39706,pushup_down,284
77.854515,108.44375,pushup_down,284
91.42801,111.4433,pushup_down,284
94.61803,108.03481,pushup_down,284
98.61513,109.217735,pushup_down,284
74.45015,127.40302,pushup_down,284
78.95823,117.409645,pushup_down,284
74.89032,117.64241,pushup_down,284
66.80208,116.69658,pushup_down,284
70.31888,117.11043,pushup_down,284
63.954445,121.10375,pushup_down,284
60.901917,120.14283,pushup_down,284
65.1752,117.93406,pushup_down,284
66.39715,121.523186,pushup_down,284
64.35625,114.368416,pushup_down,284
77.78066,112.372696,pushup_down,284
76.38936,119.82741,pushup_down,284
85.73938,117.163216,pushup_down,284
86.229256,121.274,pushup_down,284
71.32638,127.465775,pushup_down,284
66.58485,129.28502,pushup_down,284
66.2079,124.306694,pushup_down,284
67.44984,123.96898,pushup_down,284
66.504524,119.19522,pushup_down,284
64.97938,127.33098,pushup_down,284
61.479527,125.883385,pushup_down,284
64.08587,123.30029,pushup_down,284
64.38914,122.48538,pushup_down,284
61.839684,127.63634,pushup_down,284
66.00074,126.23742,pushup_down,284
67.95215,128.43529,pushup_down,284
81.9144,118.9061,pushup_down,284
95.04126,113.19242,pushup_down,284
79.42568,123.71355,pushup_down,284
76.54867,128.04366,pushup_down,284
74.10124,128.32155,pushup_down,284
75.69207,129.91402,pushup_down,284
75.28732,131.47728,pushup_down,284
72.14495,131.01234,pushup_down,284
70.109924,129.49751,pushup_down,284
62.795815,135.54501,pushup_down,284
82.00504,127.11674,pushup_down,284
150.44527,163.83733,pushup_up,285
172.47891,158.72026,pushup_up,285
166.49124,169.55125,pushup_up,285
172.64714,157.52422,pushup_up,285
97.26736,74.07944,pushup_down,285
159.95393,155.65889,pushup_up,285
57.71576,25.345417,pushup_down,285
101.229164,104.03435,pushup_down,285
102.585495,88.00672,pushup_down,285
74.84043,98.25747,pushup_down,285
65.49532,82.19975,pushup_down,285
68.60727,74.179535,pushup_down,285
110.32001,95.69268,pushup_down,285
78.90267,108.22564,pushup_down,285
153.09328,157.04742,pushup_up,285
140.08945,171.69583,pushup_up,285
151.67227,162.8631,pushup_up,285
161.39227,172.76103,pushup_up,285
132.58965,76.0952,pushup_down,285
77.51851,120.79629,pushup_down,285
88.37952,98.68721,pushup_down,285
79.00842,94.727325,pushup_down,285
163.04192,168.55464,pushup_up,285
144.44914,167.48027,pushup_up,286
146.0655,165.78275,pushup_up,286
148.87555,165.79608,pushup_up,286
146.07619,165.66118,pushup_up,286
145.554,165.07782,pushup_up,286
148.56552,165.04845,pushup_up,286
147.58076,165.90182,pushup_up,286
146.24916,165.61185,pushup_up,286
143.34416,166.83852,pushup_up,286
160.9515,165.17325,pushup_up,287
151.13066,167.84451,pushup_up,287
146.2432,55.92003,pushup_down,287
143.77823,59.700672,pushup_down,287
153.93758,49.859325,pushup_down,287
151.33243,50.62479,pushup_down,287
148.221,46.101547,pushup_down,287
147.97508,60.19209,pushup_down,287
150.09358,57.889553,pushup_down,287
146.42174,54.51212,pushup_down,287
148.36221,53.754543,pushup_down,287
147.26898,52.50901,pushup_down,287
147.60786,49.604588,pushup_down,287
146.55298,54.915466,pushup_down,287
149.15616,55.045853,pushup_down,287
148.37303,60.156574,pushup_down,287
112.3364,97.3953,pushup_down,288
109.61681,94.10663,pushup_down,288
107.07062,100.78137,pushup_down,288
103.930725,93.31956,pushup_down,288
105.1882,96.70999,pushup_down,288
113.36787,85.46484,pushup_down,288
117.49798,88.77971,pushup_down,288
115.178894,87.08722,pushup_down,288
115.62405,89.407585,pushup_down,288
113.53965,88.912315,pushup_down,288
106.87225,94.86474,pushup_down,288
110.707985,98.613495,pushup_down,288
108.08138,101.75465,pushup_down,288
109.17016,100.44512,pushup_down,288
109.57979,99.90335,pushup_down,288
105.62298,88.2985,pushup_down,288
105.77748,86.885086,pushup_down,288
105.25857,91.17519,pushup_down,288
105.344086,90.687965,pushup_down,288
106.39104,90.900566,pushup_down,288
107.73403,90.06612,pushup_down,288
104.14068,88.3245,pushup_down,288
109.11248,91.68774,pushup_down,288
113.82859,91.74231,pushup_down,288
109.76614,94.59504,pushup_down,288
110.72999,95.01968,pushup_down,288
112.41527,94.38292,pushup_down,288
112.80408,92.71292,pushup_down,288
111.65274,97.13755,pushup_down,288
115.443726,84.76958,pushup_down,288
100.766785,87.231995,pushup_down,288
113.51781,85.61203,pushup_down,288
108.68417,89.15204,pushup_down,288
100.65687,85.23831,pushup_down,288
111.21089,93.79303,pushup_down,288
116.42949,92.035225,pushup_down,288
108.27484,95.82249,pushup_down,288
109.243744,94.9277,pushup_down,288
111.93652,94.73449,pushup_down,288
112.55688,96.33591,pushup_down,288
111.69596,97.474365,pushup_down,288
110.21359,93.13016,pushup_down,288
111.12019,93.095345,pushup_down,288
108.5241,95.46757,pushup_down,288
108.220406,99.60734,pushup_down,288
114.53057,93.591034,pushup_down,288
109.27181,96.333595,pushup_down,288
108.71561,95.8243,pushup_down,288
108.477,87.668465,pushup_down,288
109.04076,92.07788,pushup_down,288
109.77615,91.81952,pushup_down,288
108.57416,92.78218,pushup_down,288
109.858315,96.98916,pushup_down,288
106.55577,94.22826,pushup_down,288
111.76217,97.60492,pushup_down,288
103.69341,101.85568,pushup_down,289
102.938416,101.27252,pushup_down,289
101.31636,92.47495,pushup_down,289
154.70178,169.50455,pushup_up,289
75.241806,122.16512,pushup_down,289
102.31156,93.15873,pushup_down,289
104.00236,103.508064,pushup_down,289
94.69511,71.90351,pushup_down,289
108.73819,91.34808,pushup_down,289
97.60336,98.228516,pushup_down,289
80.48879,84.747795,pushup_down,289
91.54239,93.16051,pushup_down,289
100.31001,86.840195,pushup_down,289
92.38896,92.85148,pushup_down,289
79.2039,90.74659,pushup_down,289
105.02866,92.89437,pushup_down,289
100.95018,95.520195,pushup_down,289
103.19874,93.82514,pushup_down,289
109.10765,88.63258,pushup_down,289
171.05048,169.9071,pushup_up,289
148.16978,165.00296,pushup_up,289
160.60805,161.56007,pushup_up,289
73.132774,119.513756,pushup_down,290
82.4539,124.78804,pushup_down,290
83.53056,122.91348,pushup_down,290
152.55275,168.9842,pushup_up,290
170.29652,141.3891,pushup_up,290
171.8941,138.8763,pushup_up,290
170.82205,140.71935,pushup_up,290
172.48709,142.08904,pushup_up,290
170.25069,140.78398,pushup_up,290
171.47905,140.41652,pushup_up,290
171.49313,144.31435,pushup_up,290
172.12387,144.09074,pushup_up,290
171.23999,141.20258,pushup_up,290
170.74783,140.7,pushup_up,290
172.65707,140.91425,pushup_up,290
173.11313,142.06609,pushup_up,290
170.80374,141.28018,pushup_up,290
169.78697,143.29721,pushup_up,290
170.83742,141.07425,pushup_up,290
170.9573,140.86313,pushup_up,290
170.95137,140.19151,pushup_up,290
169.89934,144.50108,pushup_up,290
167.20003,142.88605,pushup_up,290
75.39117,122.909615,pushup_down,290
77.85937,121.640816,pushup_down,290
70.514984,123.6568,pushup_down,290
72.69709,125.00543,pushup_down,290
78.500885,123.98635,pushup_down,290
80.463745,125.15366,pushup_down,290
176.79605,147.93694,pushup_up,290
176.62924,153.919,pushup_up,290
167.17741,143.19243,pushup_up,290
168.87144,142.46405,pushup_up,290
169.46768,141.9922,pushup_up,290
170.1585,140.97716,pushup_up,290
170.05356,142.47133,pushup_up,290
170.6544,143.20132,pushup_up,290
169.34137,142.9684,pushup_up,290
169.13574,141.02385,pushup_up,290
169.40846,144.11569,pushup_up,290
171.01547,144.74252,pushup_up,290
169.7541,144.15521,pushup_up,290
171.01627,144.27805,pushup_up,290
169.58624,145.4819,pushup_up,290
166.35916,143.77153,pushup_up,290
80.48273,125.97961,pushup_down,290
72.360954,118.25341,pushup_down,290
71.96702,119.71031,pushup_down,290
61.907955,123.1987,pushup_down,290
64.90809,123.82778,pushup_down,290
68.06861,125.65886,pushup_down,290
71.15425,132.8371,pushup_down,290
77.83047,132.06544,pushup_down,290
168.01659,145.30525,pushup_up,290
169.59322,141.23676,pushup_up,290
170.8888,142.59766,pushup_up,290
170.90662,142.97739,pushup_up,290
172.35332,143.4535,pushup_up,290
172.68608,142.83006,pushup_up,290
171.8423,141.39717,pushup_up,290
170.6938,141.86789,pushup_up,290
170.64296,141.91968,pushup_up,290
170.01544,141.78796,pushup_up,290
170.64764,143.04753,pushup_up,290
170.94482,143.11687,pushup_up,290
169.82785,141.02637,pushup_up,290
171.5966,143.37202,pushup_up,290
170.87798,141.46062,pushup_up,290
170.40816,141.12221,pushup_up,290
171.2831,143.34175,pushup_up,290
170.71803,142.09767,pushup_up,290
169.03908,141.92816,pushup_up,290
170.18546,140.07065,pushup_up,290
77.092186,127.58655,pushup_down,290
76.579735,128.45932,pushup_down,290
76.16224,117.18767,pushup_down,290
69.16816,117.4135,pushup_down,290
67.88115,122.80518,pushup_down,290
73.593475,126.71743,pushup_down,290
70.14518,123.23359,pushup_down,290
65.49157,122.43657,pushup_down,290
164.86409,152.17502,pushup_up,290
168.28697,144.18452,pushup_up,290
170.72353,143.00542,pushup_up,290
173.00842,145.37166,pushup_up,290
169.46733,140.94437,pushup_up,290
169.00592,141.79262,pushup_up,290
168.89815,141.17804,pushup_up,290
169.40631,140.61447,pushup_up,290
173.55095,144.715,pushup_up,290
173.87656,143.41138,pushup_up,290
173.64058,144.37051,pushup_up,290
172.69969,144.82233,pushup_up,290
171.75089,143.52612,pushup_up,290
171.57661,141.85368,pushup_up,290
174.33188,146.10858,pushup_up,290
173.35446,144.95482,pushup_up,290
169.97105,148.10414,pushup_up,290
167.6573,149.94008,pushup_up,290
169.84863,142.7992,pushup_up,290
170.17332,143.61205,pushup_up,290
162.7967,153.451,pushup_up,290
72.87327,131.68317,pushup_down,290
73.41341,118.98603,pushup_down,290
71.64075,117.746376,pushup_down,290
68.65819,124.77673,pushup_down,290
79.20606,130.44513,pushup_down,290
83.43324,120.43481,pushup_down,290
168.1555,147.57889,pushup_up,290
172.28224,146.98463,pushup_up,290
172.42657,143.72829,pushup_up,290
170.8682,144.80731,pushup_up,290
172.34206,147.39766,pushup_up,290
172.3023,146.5992,pushup_up,290
173.08076,144.32726,pushup_up,290
172.69737,144.2435,pushup_up,290
171.84634,152.18393,pushup_up,290
169.63937,144.91245,pushup_up,290
169.14467,143.38289,pushup_up,290
169.92462,142.29773,pushup_up,290
169.92766,142.3087,pushup_up,290
171.34657,149.67038,pushup_up,290
150.56213,167.14638,pushup_up,291
147.61961,163.57542,pushup_up,291
167.50012,157.85092,pushup_up,291
169.38583,154.77162,pushup_up,291
171.13235,172.1055,pushup_up,291
171.08778,173.48009,pushup_up,291
173.84367,170.82062,pushup_up,291
177.31532,170.62453,pushup_up,291
178.3161,173.67311,pushup_up,291
175.10655,171.72926,pushup_up,291
173.63951,172.63725,pushup_up,291
173.12088,170.56616,pushup_up,291
176.22394,169.29749,pushup_up,291
170.57617,171.07237,pushup_up,291
169.73112,171.47993,pushup_up,291
174.29475,171.80223,pushup_up,291
172.77522,169.53175,pushup_up,291
172.4235,170.68431,pushup_up,291
176.27383,173.68843,pushup_up,291
175.8257,173.1248,pushup_up,291
175.72693,173.17879,pushup_up,291
175.48134,173.51921,pushup_up,291
171.39537,172.38084,pushup_up,291
176.63179,174.08618,pushup_up,291
173.81679,171.76509,pushup_up,291
173.87186,170.22011,pushup_up,291
174.48584,166.62488,pushup_up,291
174.57018,160.73021,pushup_up,291
177.23317,158.71523,pushup_up,291
172.12614,156.53265,pushup_up,291
170.18935,154.27776,pushup_up,291
161.15695,149.77776,pushup_up,291
121.66997,84.91792,pushup_down,292
176.64613,136.4358,pushup_up,292
94.635826,63.58433,pushup_down,292
69.64582,92.603226,pushup_down,292
165.153,148.91286,pushup_up,292
159.26534,151.89299,pushup_up,292
152.75659,165.46075,pushup_up,292
169.19159,143.3243,pushup_up,292
120.81328,81.03495,pushup_down,292
171.18307,142.6293,pushup_up,292
165.78918,159.55379,pushup_up,292
81.43969,85.440125,pushup_down,292
118.12918,77.4762,pushup_down,292
94.41884,99.1818,pushup_down,292
101.73571,105.24127,pushup_down,293
96.584946,99.22763,pushup_down,293
94.85588,91.98078,pushup_down,293
88.86304,96.934746,pushup_down,293
87.26096,93.20293,pushup_down,293
78.188934,88.948685,pushup_down,293
72.10308,82.72593,pushup_down,293
66.9517,81.81818,pushup_down,293
63.539066,75.98624,pushup_down,293
56.23671,77.36712,pushup_down,293
50.669136,75.32631,pushup_down,293
43.353825,67.794365,pushup_down,293
41.45655,59.7059,pushup_down,293
35.826347,46.353706,pushup_down,293
34.27586,48.76817,pushup_down,293
34.40142,44.859966,pushup_down,293
33.707882,46.03098,pushup_down,293
30.069008,49.797836,pushup_down,293
29.603146,41.523396,pushup_down,293
29.097113,43.86416,pushup_down,293
29.950354,43.73556,pushup_down,293
29.140045,43.144665,pushup_down,293
31.310114,46.618374,pushup_down,293
30.86523,44.60073,pushup_down,293
32.344624,46.742325,pushup_down,293
34.4996,44.51504,pushup_down,293
35.615448,47.020695,pushup_down,293
36.337494,48.515755,pushup_down,293
37.363594,46.290062,pushup_down,293
34.278965,46.29633,pushup_down,293
33.449352,46.92047,pushup_down,293
35.263355,46.31525,pushup_down,293
36.804012,47.018734,pushup_down,293
37.526917,50.700333,pushup_down,293
35.653652,46.40758,pushup_down,293
37.262733,47.245792,pushup_down,293
124.72999,61.073036,pushup_down,293
126.71098,49.24997,pushup_down,293
98.18379,34.001186,pushup_down,293
104.01922,33.10439,pushup_down,293
72.20892,36.631077,pushup_down,293
67.0798,36.145638,pushup_down,293
68.19619,35.45088,pushup_down,293
70.8473,36.848476,pushup_down,293
69.13658,44.670044,pushup_down,293
66.738884,37.116764,pushup_down,293
65.26024,53.276974,pushup_down,293
69.94453,41.012096,pushup_down,293
83.482765,35.692944,pushup_down,293
81.08045,35.687115,pushup_down,293
79.02094,49.46368,pushup_down,293
119.136154,38.073322,pushup_down,293
111.1705,67.69963,pushup_down,293
115.61988,48.253086,pushup_down,293
113.59699,63.957138,pushup_down,293
118.7064,82.01446,pushup_down,293
173.59776,154.99883,pushup_up,293
161.01585,159.94391,pushup_up,293
173.82516,176.20924,pushup_up,293
173.97032,178.7404,pushup_up,293
167.16986,172.84735,pushup_up,293
170.97176,171.65366,pushup_up,293
172.42256,173.01276,pushup_up,293
170.14148,170.01761,pushup_up,293
155.09222,173.05135,pushup_up,293
131.34386,68.910324,pushup_down,293
128.05864,81.66562,pushup_down,293
121.916466,79.50486,pushup_down,293
127.11698,74.21443,pushup_down,293
128.10144,63.43193,pushup_down,293
129.84012,72.57999,pushup_down,293
113.08556,42.31529,pushup_down,293
130.63342,41.070713,pushup_down,293
135.21436,70.30765,pushup_down,293
132.01318,50.50949,pushup_down,293
133.90668,46.976276,pushup_down,293
129.67699,46.961845,pushup_down,293
122.301346,59.968708,pushup_down,293
141.76161,33.621292,pushup_down,293
134.27794,42.25808,pushup_down,293
123.3525,38.763626,pushup_down,293
134.49101,33.799194,pushup_down,293
135.1379,35.750523,pushup_down,293
141.19397,36.584476,pushup_down,293
132.00545,35.094307,pushup_down,293
122.91367,38.35026,pushup_down,293
135.8362,35.905785,pushup_down,293
135.84135,51.744255,pushup_down,293
124.82649,75.139565,pushup_down,293
157.08905,171.50165,pushup_up,293
165.67284,165.52158,pushup_up,293
169.5938,157.46747,pushup_up,293
166.29712,164.85548,pushup_up,293
172.50308,168.6468,pushup_up,293
147.16737,179.61336,pushup_up,293
163.5248,174.11516,pushup_up,293
168.88435,177.6958,pushup_up,293
175.25963,168.13095,pushup_up,293
148.08102,176.81653,pushup_up,293
165.33273,168.33212,pushup_up,293
115.63654,90.79747,pushup_down,294
154.57951,159.35202,pushup_up,296
84.31538,101.94408,pushup_down,296
87.106384,105.690186,pushup_down,296
87.041145,106.85422,pushup_down,296
75.025665,92.28105,pushup_down,296
83.72773,114.748375,pushup_down,296
53.29311,104.53829,pushup_down,296
75.93519,84.14009,pushup_down,296
78.15442,78.2465,pushup_down,296
74.97725,77.89473,pushup_down,296
78.78178,86.313705,pushup_down,296
86.91577,103.485825,pushup_down,296
76.335526,110.042435,pushup_down,296
96.95036,89.04866,pushup_down,296
92.28164,94.61086,pushup_down,296
98.543526,108.422714,pushup_down,296
106.088066,102.95139,pushup_down,296
163.41122,155.66034,pushup_up,296
151.313,162.19278,pushup_up,296
85.76478,111.63654,pushup_down,296
94.03489,113.65825,pushup_down,296
84.5772,103.928566,pushup_down,296
83.33341,91.396866,pushup_down,296
61.323936,101.570984,pushup_down,296
69.30916,94.344955,pushup_down,296
69.45906,106.007904,pushup_down,296
79.62455,82.2924,pushup_down,296
77.524666,114.74005,pushup_down,296
71.2512,117.84571,pushup_down,296
169.83095,166.28197,pushup_up,296
165.65332,166.50578,pushup_up,296
167.63359,166.85777,pushup_up,296
87.395226,112.650826,pushup_down,296
50.461315,104.61821,pushup_down,296
83.609085,93.2573,pushup_down,296
92.219826,102.55625,pushup_down,296
162.76564,167.23492,pushup_up,296
159.69246,152.47191,pushup_up,297
156.56621,154.70692,pushup_up,297
156.57607,156.00302,pushup_up,297
155.61311,154.91759,pushup_up,297
156.66273,158.49422,pushup_up,297
156.26854,157.26265,pushup_up,297
159.6172,158.93633,pushup_up,297
157.86794,157.78409,pushup_up,297
154.59976,155.9343,pushup_up,297
156.14021,154.84673,pushup_up,297
156.38113,154.7358,pushup_up,297
152.69452,157.63057,pushup_up,297
152.63283,159.29117,pushup_up,297
158.98286,161.88316,pushup_up,297
158.789,162.03284,pushup_up,297
154.5703,164.68272,pushup_up,297
161.09587,168.41458,pushup_up,298
160.67653,163.63109,pushup_up,298
156.91241,157.84734,pushup_up,298
156.8659,159.4202,pushup_up,298
157.1123,157.56056,pushup_up,298
160.41385,165.71107,pushup_up,298
162.25555,169.31148,pushup_up,298
159.65794,165.41554,pushup_up,298
158.24706,163.01898,pushup_up,298
160.60352,167.71735,pushup_up,298
163.02367,168.64142,pushup_up,298
162.37805,168.59164,pushup_up,298
158.9197,163.3157,pushup_up,298
160.74506,163.80133,pushup_up,298
158.92107,162.77994,pushup_up,298
160.8162,165.70401,pushup_up,298
165.1886,168.2962,pushup_up,298
164.75238,167.03387,pushup_up,298
163.92104,165.87207,pushup_up,298
158.14586,161.47888,pushup_up,298
160.81674,166.14388,pushup_up,298
159.83661,168.45705,pushup_up,298
160.17805,166.31166,pushup_up,298
151.62276,159.8523,pushup_up,298
156.73318,163.49463,pushup_up,298
160.20511,159.3907,pushup_up,298
171.63351,156.33061,pushup_up,298
101.62053,94.30472,pushup_down,298
119.16475,89.31727,pushup_down,298
85.336235,91.252754,pushup_down,298
96.05972,93.18569,pushup_down,298
93.85741,96.53221,pushup_down,298
107.36636,94.79869,pushup_down,298
109.23529,94.18864,pushup_down,298
93.894135,97.10189,pushup_down,298
89.25358,79.0068,pushup_down,298
165.10199,146.5278,pushup_up,298
169.11812,166.38234,pushup_up,298
160.61444,162.52419,pushup_up,298
154.82756,156.32677,pushup_up,298
159.20348,157.47716,pushup_up,298
153.5644,158.03923,pushup_up,298
151.44034,162.68414,pushup_up,298
177.77173,148.72743,pushup_up,298
158.32191,152.37064,pushup_up,298
167.36664,156.67653,pushup_up,298
85.63651,114.04112,pushup_down,298
172.85725,165.6309,pushup_up,298
166.6653,168.2959,pushup_up,298
172.16345,162.57515,pushup_up,298
171.19537,168.96202,pushup_up,298
170.4472,157.76901,pushup_up,298
162.10966,159.57681,pushup_up,298
157.72035,161.72409,pushup_up,298
155.97609,177.11241,pushup_up,298
85.96805,90.25689,pushup_down,298
86.93152,82.00402,pushup_down,298
85.925095,92.023224,pushup_down,298
88.61722,84.554756,pushup_down,298
76.569,82.57551,pushup_down,298
80.72101,89.38979,pushup_down,298
66.58956,76.22059,pushup_down,298
83.25212,93.181175,pushup_down,298
80.22094,72.54079,pushup_down,298
84.44444,79.51518,pushup_down,298
154.91995,157.52603,pushup_up,298
156.63925,156.47305,pushup_up,298
168.37366,155.99374,pushup_up,298
147.7493,175.12392,pushup_up,298
153.61789,156.76797,pushup_up,298
158.7573,154.83969,pushup_up,298
167.39703,169.19806,pushup_up,298
155.05635,166.78775,pushup_up,298
172.25018,164.01433,pushup_up,298
169.00545,172.34282,pushup_up,298
168.78871,165.4169,pushup_up,298
172.14078,169.59889,pushup_up,298
171.66272,167.47928,pushup_up,298
155.59138,165.1195,pushup_up,298
155.66939,160.88274,pushup_up,298
161.67903,157.52464,pushup_up,298
153.80388,167.84116,pushup_up,298
108.10155,97.47163,pushup_down,298
82.38501,79.70237,pushup_down,298
71.36072,80.01641,pushup_down,298
84.109474,87.526054,pushup_down,298
74.35888,87.47599,pushup_down,298
84.53398,88.74617,pushup_down,298
84.87625,97.66904,pushup_down,298
164.22978,146.80434,pushup_up,300
78.62644,124.766045,pushup_down,301
81.40769,123.359985,pushup_down,301
162.92616,169.96065,pushup_up,301
150.67212,161.8487,pushup_up,301
86.07129,118.325615,pushup_down,301
80.45492,121.72746,pushup_down,301
86.71243,114.54314,pushup_down,301
81.41716,126.92817,pushup_down,301
87.09369,121.454865,pushup_down,301
82.332726,121.02712,pushup_down,301
80.41491,119.47714,pushup_down,301
78.266335,118.01677,pushup_down,301
83.46391,118.212456,pushup_down,301
84.20873,113.2583,pushup_down,301
151.16774,168.03207,pushup_up,302
149.90508,167.18015,pushup_up,302
144.07674,167.8786,pushup_up,302
142.82375,169.14603,pushup_up,302
144.10435,168.05244,pushup_up,302
147.98285,166.37227,pushup_up,302
149.554,165.05598,pushup_up,302
151.4915,159.81595,pushup_up,302
153.31851,162.26595,pushup_up,302
156.14069,165.12569,pushup_up,302
150.66945,165.27083,pushup_up,302
147.3587,168.33556,pushup_up,302
150.41597,168.88333,pushup_up,302
142.7891,168.38635,pushup_up,302
150.91829,167.80951,pushup_up,302
147.42496,167.92012,pushup_up,302
140.47714,172.72018,pushup_up,302
142.42552,173.95583,pushup_up,302
136.29527,174.9808,pushup_up,302
140.75981,66.52475,pushup_down,302
152.91882,164.02583,pushup_up,302
177.29672,159.36844,pushup_up,303
89.46691,115.12356,pushup_down,303
151.9601,162.36676,pushup_up,303
120.81571,88.83435,pushup_down,303
163.62495,150.80807,pushup_up,305
168.38164,168.00644,pushup_up,305
170.80765,155.79152,pushup_up,305
158.2619,154.59816,pushup_up,305
159.06071,158.13113,pushup_up,305
156.4593,155.39131,pushup_up,305
81.73903,114.2372,pushup_down,305
63.57646,124.47208,pushup_down,305
65.57338,104.14056,pushup_down,305
76.38947,118.32298,pushup_down,305
58.34786,119.845345,pushup_down,305
55.214195,135.2303,pushup_down,305
47.57969,132.32446,pushup_down,305
56.506924,132.20241,pushup_down,305
74.39326,134.53314,pushup_down,305
65.7473,138.98582,pushup_down,305
55.028225,132.10527,pushup_down,305
57.198605,115.753586,pushup_down,305
79.17518,129.2231,pushup_down,305
92.8457,110.1099,pushup_down,305
87.08746,108.39164,pushup_down,305
86.1345,114.52752,pushup_down,305
87.32866,104.95976,pushup_down,305
80.62642,104.65311,pushup_down,305
75.39738,106.41848,pushup_down,305
65.634735,103.32412,pushup_down,305
64.07578,102.06589,pushup_down,305
66.717224,98.26463,pushup_down,305
58.2678,101.402176,pushup_down,305
70.66676,100.28658,pushup_down,305
70.39608,128.78156,pushup_down,305
69.62988,118.80045,pushup_down,305
69.465576,127.84761,pushup_down,305
78.393654,98.59598,pushup_down,305
170.05432,142.12085,pushup_up,305
68.151924,141.84038,pushup_down,305
66.106186,143.74983,pushup_down,305
73.42108,135.41057,pushup_down,305
51.4197,148.14345,pushup_down,305
58.65241,141.57123,pushup_down,305
56.984447,149.97012,pushup_down,305
68.36901,140.58788,pushup_down,305
163.27707,162.96054,pushup_up,306
156.66774,157.76295,pushup_up,306
160.0588,160.1256,pushup_up,306
160.39272,163.40717,pushup_up,306
158.95221,161.59297,pushup_up,306
160.85867,163.61055,pushup_up,306
156.34651,155.00362,pushup_up,306
159.61037,161.9907,pushup_up,306
161.76443,155.89558,pushup_up,306
166.49757,164.92442,pushup_up,306
102.95347,68.65013,pushup_down,306
32.119507,31.977732,pushup_down,306
166.00928,160.07504,pushup_up,306
168.42766,159.77798,pushup_up,306
155.40082,163.90074,pushup_up,306
163.74622,161.90247,pushup_up,306
161.42627,160.46875,pushup_up,306
155.42085,166.82805,pushup_up,306
160.66576,157.42143,pushup_up,306
168.32559,152.2291,pushup_up,306
156.33032,160.78831,pushup_up,306
145.89207,167.63464,pushup_up,306
147.82178,177.48572,pushup_up,306
165.53618,154.2226,pushup_up,306
154.79842,159.33694,pushup_up,306
157.6497,161.07239,pushup_up,306
158.81451,156.78598,pushup_up,306
164.50851,165.63136,pushup_up,306
164.12662,164.79596,pushup_up,306
167.54048,166.31813,pushup_up,306
163.58725,163.86758,pushup_up,306
168.49126,166.75348,pushup_up,306
167.6525,165.98216,pushup_up,306
166.32986,148.50346,pushup_up,306
165.75633,149.38004,pushup_up,306
167.82542,143.01025,pushup_up,306
165.5745,151.32774,pushup_up,306
165.03046,164.99535,pushup_up,306
162.26596,157.21335,pushup_up,306
163.20316,163.28577,pushup_up,306
163.92914,165.82652,pushup_up,306
165.18825,161.88397,pushup_up,306
160.45044,160.69012,pushup_up,306
159.99365,163.53313,pushup_up,306
159.34491,161.00784,pushup_up,306
155.2114,157.89943,pushup_up,306
155.5153,155.16289,pushup_up,306
158.24823,154.59654,pushup_up,306
143.90486,171.28214,pushup_up,306
