left_torso_angle,right_torso_angle,label,source
176.26411276850237,177.55854640007624,situp_down,307
176.4860324014731,177.77424551739549,situp_down,307
178.56584404203727,176.78206252651188,situp_down,307
171.4842410268623,171.94732192126995,situp_down,307
165.3061936354919,162.5769424237191,situp_down,307
164.8733610661984,161.34201979896395,situp_down,307
157.9906655303029,160.38803689061632,situp_down,307
147.22347825795205,153.96541868928887,situp_down,307
58.43248528874971,63.336279918638105,situp_up,307
35.73071093756158,33.7671265706747,situp_up,307
33.29499516582324,39.191391556914894,situp_up,307
18.59611740384129,6.573325656284193,situp_up,307
31.2221338395968,32.06172053797169,situp_up,307
32.59158910274425,32.33071515942282,situp_up,307
31.61755363157957,37.586574487920615,situp_up,307
26.5699602261557,29.26046230921011,situp_up,307
28.47465265197283,28.52362693375284,situp_up,307
30.586188887703624,33.722787441778415,situp_up,307
22.703319475202164,26.116427838050992,situp_up,307
26.05906154452405,27.53326935996813,situp_up,307
24.092364893677352,27.64223240673593,situp_up,307
31.60447750878038,35.08318101279873,situp_up,307
30.909261741156744,29.68010894894964,situp_up,307
31.93418945481727,30.578508359814595,situp_up,307
40.13263568791549,43.17199622936038,situp_up,307
44.41552593251989,46.12388805209607,situp_up,307
53.43604919112091,57.63215078335859,situp_up,307
61.32953645070545,65.65958330459006,situp_up,307
151.54693659446224,155.46311523272385,situp_down,307
156.88043674550696,156.8359992025812,situp_down,307
163.53613329482337,161.0688041225588,situp_down,307
170.59202849970373,162.52005182742494,situp_down,307
173.2678886667407,165.20694748209152,situp_down,307
175.0473840481872,168.91203837245092,situp_down,307
177.69452064644906,169.11844595695894,situp_down,307
176.9187190627938,169.13668657713103,situp_down,307
177.96802663736415,168.76705245788216,situp_down,307
179.29093479481932,167.91256365917113,situp_down,307
179.75552681018928,169.97387226990506,situp_down,307
174.9064274042744,170.47156425971897,situp_down,307
174.58556535768437,171.07853558070883,situp_down,307
172.4074925413213,167.88685977989763,situp_down,307
162.79212886383763,154.94978035892342,situp_down,307
161.97326704378474,151.57222665432636,situp_down,307
63.767468853222304,67.98266255926552,situp_up,307
58.2419069777981,66.84073923502345,situp_up,307
51.01130080876279,56.92921555066449,situp_up,307
13.311710029899585,15.742064663463063,situp_up,307
35.545972355373365,38.77223254703303,situp_up,307
33.32196850298523,37.49434115281483,situp_up,307
30.897248779977694,33.61288840501324,situp_up,307
31.250613814243582,34.101636805886585,situp_up,307
29.82262196399879,35.12357152442673,situp_up,307
22.12267423458498,32.894410903707815,situp_up,307
22.74504676293843,34.10552969919223,situp_up,307
27.636472729485003,34.210328994593425,situp_up,307
22.732329262912888,27.953378458971027,situp_up,307
23.953835715426276,26.572435994705742,situp_up,307
27.74313952433552,29.01880863048947,situp_up,307
26.96492970721013,32.18793435404811,situp_up,307
24.59009279579059,28.624892313966896,situp_up,307
24.472716184983422,32.07758435296047,situp_up,307
25.629935820556103,33.51442107568104,situp_up,307
30.42857757210629,34.00041990241132,situp_up,307
29.895416464471896,34.63554548817713,situp_up,307
35.792164564171124,40.92778273745373,situp_up,307
39.80979263457393,45.50170343273614,situp_up,307
45.24075547739762,51.72873779298295,situp_up,307
51.56717441836073,58.79920751352205,situp_up,307
55.977998266359016,60.92513263365583,situp_up,307
152.93261230467408,154.51391518583924,situp_down,307
160.18081415860593,154.7223481447977,situp_down,307
162.8880732193853,155.08649482093475,situp_down,307
169.29709143610012,167.15202819528977,situp_down,307
171.02878523305353,168.1286387096158,situp_down,307
173.94861475697206,169.3720012980862,situp_down,307
174.27659994676105,167.99804790480675,situp_down,307
178.53308574048845,172.13749481443853,situp_down,307
178.3904421494827,173.70785901082354,situp_down,307
179.39018360212927,173.86451164709675,situp_down,307
176.50181033183804,168.85273661378267,situp_down,307
177.94332853164096,171.91499047747268,situp_down,307
175.6365596690586,170.50433337074017,situp_down,307
167.48787381800406,165.7073497527971,situp_down,307
162.44337206028484,162.20318879695677,situp_down,307
161.26700956344905,162.17298719341122,situp_down,307
156.67405751669992,154.55877641608282,situp_down,307
61.125881787018734,69.8674407794431,situp_up,307
51.28172182375083,57.404373543880354,situp_up,307
38.39918274415074,43.80244823133392,situp_up,307
38.88697281265345,45.92417624402779,situp_up,307
36.29727401548709,37.62566087853615,situp_up,307
31.33140476736704,33.28234403981689,situp_up,307
27.50910837994035,31.71306004736868,situp_up,307
27.917947980649068,31.06420908555067,situp_up,307
17.98706075061563,38.11445221525819,situp_up,307
24.54540843737531,94.1446029464674,situp_up,307
19.28071778784065,54.51798177867256,situp_up,307
24.05241854301641,28.771776072316555,situp_up,307
24.50004992570771,53.8209568902189,situp_up,307
25.547874156487744,28.257691394893143,situp_up,307
25.59824565633712,27.45394892825726,situp_up,307
29.593391102782185,29.237675764827124,situp_up,307
33.56085913632771,34.580271695576855,situp_up,307
44.471836282207725,39.1573901704576,situp_up,307
38.94687613950249,44.89350215134763,situp_up,307
44.97705762587508,54.21070674444508,situp_up,307
54.68188086442159,61.349272438075424,situp_up,307
152.98453861989796,149.285625635794,situp_down,307
158.7179569110167,148.20496562152422,situp_down,307
157.52482294281458,152.11006816258944,situp_down,307
163.664864600737,160.35464610882025,situp_down,307
165.97067423242953,160.81721088668053,situp_down,307
169.89650314829674,164.79238269228023,situp_down,307
173.96616128595633,171.0197844551504,situp_down,307
176.58217509276068,168.35803417080436,situp_down,307
177.1967737676554,169.8062879382499,situp_down,307
176.43267565457015,169.9431416921913,situp_down,307
178.95393451492123,170.48500871500127,situp_down,307
174.97255073398225,172.23508636644146,situp_down,307
165.68438773501134,165.7322618527908,situp_down,307
157.6386950451273,156.50513344418357,situp_down,307
66.38787219459749,68.9255612050158,situp_up,307
58.580026821325305,62.50276871411254,situp_up,307
51.33285246800943,53.76021164155749,situp_up,307
43.59570832415142,46.48042060425138,situp_up,307
38.589171470059554,42.742053657346695,situp_up,307
39.03066969045199,38.27106525986158,situp_up,307
34.95519084813408,39.56874107395571,situp_up,307
25.270936233950245,31.11519869275703,situp_up,307
29.239190884053016,35.727383159874385,situp_up,307
21.873211139097855,42.013054205770665,situp_up,307
27.76409799399767,34.460977170647915,situp_up,307
31.6217274153008,59.04298204053765,situp_up,307
26.19915930404845,30.726000432548627,situp_up,307
21.53125494778259,24.781673574401484,situp_up,307
18.7289513996073,21.086054551978656,situp_up,307
24.524184633502216,28.67316084092143,situp_up,307
26.608413889354622,27.378433670179856,situp_up,307
26.01237467436312,28.181355791978596,situp_up,307
32.33134802048959,36.17219349740089,situp_up,307
43.09695341972454,42.81622497359833,situp_up,307
44.62478774134423,46.41947364799811,situp_up,307
52.63634539156826,56.97226503762778,situp_up,307
60.06102709798045,64.06633744812002,situp_up,307
64.14545504189111,68.42675973313611,situp_up,307
152.41655211931194,150.73644075436428,situp_down,307
160.6183626422854,159.8458743181842,situp_down,307
166.9361290430903,162.45980805064923,situp_down,307
167.85974403777016,163.37107060417077,situp_down,307
163.9079908201318,164.74156313040598,situp_down,307
171.20412807448662,167.57474005418595,situp_down,307
177.80420881148314,173.2592813026519,situp_down,307
175.68968750782645,176.9799554937674,situp_down,307
178.47067961566154,175.84392095222188,situp_down,307
178.0479904524732,174.24483135339614,situp_down,307
175.14819612767425,177.5432609098267,situp_down,307
179.82276819996008,172.3810703547219,situp_down,307
179.80054260069264,171.83515030570211,situp_down,307
179.12244374558855,171.83520251528566,situp_down,307
178.48587339696493,175.0321496966514,situp_down,307
175.6046913528902,173.7372150416411,situp_down,307
72.33780377651529,67.30121389663482,situp_up,308
69.54728578425961,67.74255029489497,situp_up,308
65.66641784925659,62.7934686473179,situp_up,308
58.566939671070685,56.775006136081856,situp_up,308
56.07558840716169,53.710275639774615,situp_up,308
53.93301347558073,51.58293967004448,situp_up,308
52.24836508089591,49.55709534612202,situp_up,308
48.80325932751304,44.14437364515688,situp_up,308
46.01391457816818,37.73230641092682,situp_up,308
43.85948370334996,34.63343382284247,situp_up,308
41.54866962961853,33.699273852934645,situp_up,308
39.4265692993289,32.91203146000311,situp_up,308
37.56003561605876,29.437582664778784,situp_up,308
31.621887918348243,26.73638610544282,situp_up,308
29.02666827931642,26.87910916350151,situp_up,308
31.8791343319522,24.56725901561897,situp_up,308
32.1265353041416,25.65867854096698,situp_up,308
31.049061677724136,25.91852830976193,situp_up,308
32.44284146120701,27.29634927274985,situp_up,308
33.00407358754258,25.76183984786426,situp_up,308
33.5236703069194,26.598656383485395,situp_up,308
36.72628330277843,28.69472691611765,situp_up,308
39.26709637344827,33.55188194575967,situp_up,308
44.25338664276256,38.84657838540792,situp_up,308
47.925314983844,41.14177191068969,situp_up,308
49.41552576078156,43.31777292607323,situp_up,308
53.11262204545831,50.25829681305468,situp_up,308
55.166473821104944,52.43659420562103,situp_up,308
63.77850873351593,61.58601815925565,situp_up,308
64.78895872941163,65.40827008861847,situp_up,308
67.57374938793629,66.97943465317245,situp_up,308
69.36707091815256,69.56196424198895,situp_up,308
68.64939741741728,65.43282518609291,situp_up,308
64.68806528055009,64.04411680307372,situp_up,308
62.134973125148,61.24379706731489,situp_up,308
58.1738010305928,54.73203903913145,situp_up,308
52.07583584382544,45.756283802878045,situp_up,308
48.705630420356414,41.38398741967862,situp_up,308
46.66711289309088,38.39252576078601,situp_up,308
43.67588278443116,36.42957788132423,situp_up,308
39.59346222338412,33.57442690056824,situp_up,308
27.146180609294717,27.78338017589929,situp_up,308
26.81859146957624,29.03584504963656,situp_up,308
29.885882449094577,28.07325809800433,situp_up,308
28.64107922112718,25.11275222923567,situp_up,308
28.325933509162287,26.472122480809823,situp_up,308
26.997835381658373,26.49419961346968,situp_up,308
26.35704944244241,26.85284890290333,situp_up,308
27.345762318711884,27.360884807424316,situp_up,308
29.377728202796455,27.20200197337708,situp_up,308
30.271206192671524,27.16732691285881,situp_up,308
36.08822428246074,31.697536290274485,situp_up,308
40.20352941539395,35.96870837129044,situp_up,308
43.7923360607268,39.11196028004332,situp_up,308
45.74214591999953,43.94200970192885,situp_up,308
49.838218602631,44.70606983507012,situp_up,308
55.04421767567772,55.14573884687623,situp_up,308
59.10322321664306,58.81681243090008,situp_up,308
62.486214624377325,62.09008476662109,situp_up,308
64.48858098802131,66.6711128153358,situp_up,308
67.24943223908609,70.24413946085193,situp_up,308
68.6661894842328,65.14118276520828,situp_up,308
66.66425908192481,63.47603270081736,situp_up,308
64.46809242937351,60.64605978045045,situp_up,308
58.05692282163309,53.29305804479427,situp_up,308
52.83199547849418,47.29146896212136,situp_up,308
50.035342145485295,45.44056809139225,situp_up,308
48.12788058333286,42.967917806747984,situp_up,308
45.4075623349357,38.5593994373106,situp_up,308
40.22580126087827,33.81901409799881,situp_up,308
36.4069698147819,32.575819888749955,situp_up,308
34.04262138746899,29.16202803285655,situp_up,308
32.45649509120711,30.682787028118447,situp_up,308
31.3286159392692,29.98193125772351,situp_up,308
30.309951129067933,29.735830036104225,situp_up,308
31.43077834477368,31.8007645505242,situp_up,308
33.09824549430112,33.21926776319769,situp_up,308
35.53770932367967,33.69402722042204,situp_up,308
36.86353363882214,34.41581713855526,situp_up,308
42.97113619180082,39.66965728158011,situp_up,308
45.06026041415626,42.249234152776246,situp_up,308
48.96645814849058,43.64142772924306,situp_up,308
50.80312180563941,45.5994260600205,situp_up,308
53.64725924323458,52.27819357488819,situp_up,308
60.85948350353904,56.87951223086298,situp_up,308
63.07952886696621,63.08172527517242,situp_up,308
66.25916493140747,66.82611986251324,situp_up,308
66.57125405009886,65.48254874318287,situp_up,308
63.972490157706325,61.84719247166756,situp_up,308
60.90092099939124,58.08428663592915,situp_up,308
56.47449500336143,56.08444667058989,situp_up,308
52.25183073199423,46.74774133664855,situp_up,308
49.02373929134061,43.66649096399542,situp_up,308
47.11810979215591,40.66692118470405,situp_up,308
44.13242131474264,37.394643052307245,situp_up,308
41.4382166846852,33.33037676294342,situp_up,308
35.54847838322487,30.13465639466861,situp_up,308
31.328482444115785,30.86479628610822,situp_up,308
30.976833976442325,31.869437186997544,situp_up,308
29.706891503601184,31.555292379005525,situp_up,308
28.923343524649844,30.91217434843051,situp_up,308
28.61767364555985,30.578499292718256,situp_up,308
28.966234623156478,31.258398488863,situp_up,308
28.42054970419781,30.539823317410345,situp_up,308
27.55887182264033,30.556183400878652,situp_up,308
29.363243800738005,30.674516811265605,situp_up,308
31.149409754181256,34.54161133161129,situp_up,308
33.6440957528798,35.13678503194145,situp_up,308
38.56761972570065,34.31296005934264,situp_up,308
39.796695732903146,36.92544035304911,situp_up,308
43.5850414606402,37.67890438454308,situp_up,308
48.90455494004447,42.67103514246479,situp_up,308
52.1822848611826,47.62986080045596,situp_up,308
55.28960740045339,51.300689155032295,situp_up,308
57.251699701971816,55.3966690062141,situp_up,308
60.59491603063288,59.2164855660945,situp_up,308
66.34579866624361,67.9467724678851,situp_up,308
69.10588069392453,70.12265464204611,situp_up,308
71.03474226500816,68.79148117072097,situp_up,308
67.89382728310805,65.9568481935762,situp_up,308
64.71378020423678,60.99905376722277,situp_up,308
60.898186749652346,60.374149279429325,situp_up,308
57.28533262308681,56.35448299413218,situp_up,308
50.84208221379317,48.19994233572407,situp_up,308
49.671718591302,42.06065672323112,situp_up,308
48.07368303650758,40.58280434002519,situp_up,308
43.72117648016765,36.88664646257751,situp_up,308
40.37099178242839,34.82998641378664,situp_up,308
35.38472568355647,28.078791789474582,situp_up,308
32.06332460616797,29.397881345769957,situp_up,308
32.68814907607692,34.751563450880084,situp_up,309
30.321963582620956,33.16744998517305,situp_up,309
30.703553021610787,32.717145067271375,situp_up,309
32.47531148658211,33.95200842445919,situp_up,309
31.41694160337625,34.62484807873974,situp_up,309
32.53902487617176,35.244338280794885,situp_up,309
30.077363234639893,33.898758287646785,situp_up,309
32.13576801119704,34.08028233559516,situp_up,309
33.08801356727471,35.37770873205268,situp_up,309
33.46646521905702,36.737261143064345,situp_up,309
36.01647301359641,39.36034736149252,situp_up,309
33.13087874768203,34.79099091730326,situp_up,309
34.6583783032097,36.512800763831805,situp_up,309
38.48420344533013,38.95904496290259,situp_up,309
37.48456984940631,39.32302036596871,situp_up,309
39.02745727928794,41.06200230093556,situp_up,309
40.30511083060726,42.13941637954797,situp_up,309
41.52669149881846,43.993679611568126,situp_up,309
44.74584377928094,48.49135292136609,situp_up,309
49.609273545980685,49.78019161008241,situp_up,309
47.63922181187569,50.30785607738456,situp_up,309
50.56230413121101,54.44128017124749,situp_up,309
51.12153428755349,57.68942698788814,situp_up,309
51.28887322004464,57.29131722195377,situp_up,309
52.06414742283717,57.39369783298769,situp_up,309
56.15852398263616,61.46974643900767,situp_up,309
55.23416079136351,60.3303504638133,situp_up,309
56.14810599032708,64.06232830992928,situp_up,309
59.8409466371016,68.85864962429865,situp_up,309
60.466203474053344,70.86036076568794,situp_up,309
62.273456696170975,71.16192309169286,situp_up,309
64.18380257657692,72.90115277222169,situp_up,309
63.22892070649801,72.04059811342479,situp_up,309
66.02006474092944,71.54582152361553,situp_up,309
65.82985178816423,74.13241298890044,situp_up,309
63.43252016438319,71.65527749968444,situp_up,309
61.46126761115282,68.86582741096767,situp_up,309
56.84088469597353,61.832272860635285,situp_up,309
50.82997368462469,61.43274390278378,situp_up,309
49.78593177043425,55.19378891523988,situp_up,309
47.9311324598101,54.25798193217189,situp_up,309
43.4519230960021,51.9419012149944,situp_up,309
39.54382806033685,44.889159576886215,situp_up,309
44.558741038276665,47.55329811765149,situp_up,309
43.12439153836974,43.08639266354418,situp_up,309
45.09880998926079,43.7920780818254,situp_up,309
39.15585421643303,39.32497562742249,situp_up,309
36.46334815160221,36.84782081251117,situp_up,309
36.02913828966405,36.338042349265,situp_up,309
33.60392330245784,37.49861460124802,situp_up,309
34.29154488265816,35.54036908742336,situp_up,309
33.10069508942935,32.73585865787263,situp_up,309
33.61887681727965,32.19860584687358,situp_up,309
34.343225683777035,34.20175637933527,situp_up,309
30.510522484380235,32.417088920830295,situp_up,309
31.33639082706633,33.300668434561615,situp_up,309
29.740598740850974,32.82241017494309,situp_up,309
29.301271189466416,33.22876254996573,situp_up,309
29.623504902852293,32.62981121343255,situp_up,309
29.88430671391288,33.4635802691099,situp_up,309
30.445452229101598,33.82700283611209,situp_up,309
30.35377664919477,34.145748636750184,situp_up,309
32.45364286019139,35.68645678739172,situp_up,309
33.7018373842405,36.66811053835144,situp_up,309
32.80529079461106,35.07504676696244,situp_up,309
33.73844299291775,36.77951108818544,situp_up,309
34.46901216036478,35.343465014043986,situp_up,309
39.86166974062692,40.44207804100707,situp_up,309
39.188815605084265,41.24903555823178,situp_up,309
40.64272958789273,42.73669856281508,situp_up,309
41.74149274244616,42.278334745578526,situp_up,309
41.805857629463496,43.58587771985162,situp_up,309
46.1854968552665,46.961686524162445,situp_up,309
47.37938899189385,49.8739661623435,situp_up,309
47.112212817078415,53.19727064852967,situp_up,309
49.16613345683706,52.94210280314534,situp_up,309
46.86006878292398,55.95228615541287,situp_up,309
45.51570677061114,53.87124173774063,situp_up,309
49.620387051574745,56.3182127531386,situp_up,309
52.33159843419633,59.40383508446756,situp_up,309
54.91752200571003,59.96755405146171,situp_up,309
52.82412778791166,57.820976384099566,situp_up,309
55.21835030926474,60.06869496917999,situp_up,309
58.0540503185546,64.60591208040627,situp_up,309
57.56821307137961,66.17647910870132,situp_up,309
56.1575095181404,66.37149844041868,situp_up,309
54.66205514693696,61.17705643471468,situp_up,309
55.44354431424103,63.30089658378898,situp_up,309
55.39056290456652,61.79813292422858,situp_up,309
55.96593153220064,62.11659190569098,situp_up,309
55.64225147881896,62.22990469134528,situp_up,309
55.90896117666613,62.76062838858864,situp_up,309
56.53951106405383,61.85858530203927,situp_up,309
58.45617304580843,67.92840378355969,situp_up,309
59.92206558609839,70.79848725749659,situp_up,309
57.43250832448896,70.06894074518965,situp_up,309
58.02205970696305,69.06813728680446,situp_up,309
56.22065623560325,66.82044779523284,situp_up,309
52.333420922874375,61.90764792277498,situp_up,309
51.30437829733132,57.70418441502245,situp_up,309
50.14524504380005,57.30433674403421,situp_up,309
46.38818567836082,53.118166227437726,situp_up,309
43.87427577051261,50.55576936900042,situp_up,309
43.399683265122256,50.39823018054461,situp_up,309
40.98138919597949,43.46248806794142,situp_up,309
41.50345600911031,43.47018220796277,situp_up,309
41.90301373933514,38.61625213569756,situp_up,309
39.67234003524474,37.53235707953621,situp_up,309
36.08878527997695,34.88858399796801,situp_up,309
33.94230941910794,33.90697414052448,situp_up,309
33.95380180104166,34.19536810451697,situp_up,309
31.451396232652463,33.79220425380985,situp_up,309
32.253830407745774,31.875145002840085,situp_up,309
31.10733801543486,31.09238759204216,situp_up,309
32.19539317540615,34.08590534717754,situp_up,309
30.471174441664356,33.997483101993744,situp_up,309
30.65597646787156,33.16974692703627,situp_up,309
33.719086795636265,33.808056699149446,situp_up,309
34.2478680804295,35.54866191187376,situp_up,309
32.7753828720508,33.857682792402215,situp_up,309
31.23121665599757,34.886249950681886,situp_up,309
32.09002396156252,35.122825969841024,situp_up,309
32.066611338819094,34.018379330473216,situp_up,309
32.99443268312895,34.2879617485577,situp_up,309
34.29035057137909,33.44238070738969,situp_up,309
32.02835645548164,33.350137109783745,situp_up,309
32.36649065235111,34.367897725595704,situp_up,309
32.95383851603945,34.467996272388326,situp_up,309
35.901796071100634,35.95603223764137,situp_up,309
38.32341984194415,35.94734711251443,situp_up,309
39.149697026509926,38.85350758539713,situp_up,309
39.85498721381344,41.38535357562197,situp_up,309
39.08953698348635,40.19464270973918,situp_up,309
43.79573241512762,46.00815190381469,situp_up,309
43.23078399728357,43.7260810476476,situp_up,309
44.92864204375047,46.94605718431169,situp_up,309
46.58834170166141,49.3194987009799,situp_up,309
49.97365665911607,53.38954877442265,situp_up,309
51.94208123300085,58.678084609669575,situp_up,309
54.88654312994264,59.56190795661173,situp_up,309
55.56753582937153,61.09806273771777,situp_up,309
54.20048226312987,60.79071031528046,situp_up,309
55.434395997926536,62.684762241816166,situp_up,309
58.158525139274765,66.08354346487927,situp_up,309
59.52672977665132,68.5023035856695,situp_up,309
62.107234261487726,69.89929400649572,situp_up,309
65.3096326367306,71.73981312216976,situp_up,309
65.77198667514261,74.2016514901275,situp_up,309
63.93011607180715,73.48058233211562,situp_up,309
63.09673879011264,70.4058542279926,situp_up,309
64.03805053799886,71.19490636818625,situp_up,309
64.4543003654762,72.26665179755867,situp_up,309
66.00387948295452,69.89873121946103,situp_up,309
66.16324951386626,71.08006471679579,situp_up,309
65.26903549073937,73.15040543025935,situp_up,309
65.53388670581903,72.41440516709233,situp_up,309
65.8738945830945,72.35143019328775,situp_up,309
66.54549938863606,71.98887933203613,situp_up,309
64.84774152588288,71.10611912587447,situp_up,309
65.76307492178056,72.54612914898603,situp_up,309
65.53920397088004,72.83831624388358,situp_up,309
63.47425850276336,70.83917458595586,situp_up,309
61.55524690607236,69.5478314644804,situp_up,309
58.87897474929379,65.15071066616078,situp_up,309
57.35624222671266,61.76168238063716,situp_up,309
54.6798024029818,59.57784224624492,situp_up,309
48.99704950788638,56.1293893993081,situp_up,309
49.409019016717465,54.49127963672238,situp_up,309
46.24955775281238,51.044306323031726,situp_up,309
44.03851151509138,49.4702908521,situp_up,309
45.29113340100448,47.91208687674585,situp_up,309
41.181050956446185,45.30911626833333,situp_up,309
42.05122382597256,45.72580070798406,situp_up,309
39.88513262030852,38.34175837498199,situp_up,309
35.92407499691037,34.296420343916886,situp_up,309
35.51749379631459,34.59811147948682,situp_up,309
33.06743941054757,33.905715781169256,situp_up,309
31.4473208341079,31.170991567163213,situp_up,309
30.36665299952517,30.446313629973485,situp_up,309
30.823446927110485,30.81920468678649,situp_up,309
20.708822291132478,24.082134715243296,situp_up,310
57.53140632399804,46.38351262075062,situp_up,310
42.9986834747125,41.360823363359074,situp_up,310
40.08083377776384,42.01606358941493,situp_up,310
38.64767103563738,40.78125054701763,situp_up,310
38.8397790325948,41.01692583124963,situp_up,310
40.44189266613704,41.754837692498896,situp_up,310
38.39442754377532,37.41231541312411,situp_up,310
58.981678127693456,34.426613972630605,situp_up,310
51.76835677755067,41.231143272314746,situp_up,310
34.93582285638559,37.96499814141967,situp_up,310
33.40867678254782,34.67925813859792,situp_up,310
31.571976209386456,34.72657695764088,situp_up,310
32.61658219015597,35.96823066553893,situp_up,310
36.535504620791606,39.45059200649206,situp_up,310
32.51094183105813,37.15409038597617,situp_up,310
31.6648905987469,37.75568399966362,situp_up,310
36.23617491923835,34.47443954771266,situp_up,310
34.113994353682,42.43072736312927,situp_up,310
32.68572182327081,36.49568528203869,situp_up,310
31.42398266476113,37.55187321469247,situp_up,310
33.63553269429882,37.94883020525578,situp_up,310
31.116026237398085,37.44649949341676,situp_up,310
33.77486492851422,40.17945122742602,situp_up,310
33.54521141173002,35.01127695016591,situp_up,310
32.20878419527607,33.051154987786724,situp_up,310
32.98376602076317,36.95940187864309,situp_up,310
31.134434528299085,33.717081771312614,situp_up,310
32.42822043967856,35.09288144834334,situp_up,310
31.974340756876057,31.861859283325977,situp_up,310
33.44260507492879,31.264931264425883,situp_up,310
35.056265481634966,32.12371807398908,situp_up,310
35.26192283587912,36.93257497668714,situp_up,310
38.85180850923487,38.93685500366355,situp_up,310
40.86399612508514,40.725617151941655,situp_up,310
44.08956348224851,41.37182859118149,situp_up,310
174.47059352033943,171.74876825961002,situp_down,310
164.16095427244534,159.35209293900036,situp_down,310
13.862090439124184,63.94502914062634,situp_up,310
36.317958876982125,8.806208233360381,situp_up,310
23.80144397714187,8.959977041776767,situp_up,310
7.6846560534260675,30.840886849475964,situp_up,310
18.03563426796869,0.379818916813685,situp_up,310
24.55774363751925,10.602782066425103,situp_up,310
18.55782998639233,20.519157850895013,situp_up,310
7.795370847524339,24.120598878291197,situp_up,310
18.19243027725066,24.861785724390508,situp_up,310
46.79796629176769,10.548164480258258,situp_up,310
22.581002765073816,26.474606814700405,situp_up,310
66.45508855922719,64.58318159551168,situp_up,310
62.903528207285554,61.07989324108127,situp_up,310
53.41557986761714,41.76942408762056,situp_up,310
39.296731157214296,43.87139715382446,situp_up,310
52.04109298676289,39.3092389883902,situp_up,310
52.87356880604006,42.09306831288949,situp_up,310
39.43900808207025,27.351851472822744,situp_up,310
52.860835128893605,33.78196891428534,situp_up,310
50.0653227385469,35.295755630823166,situp_up,310
40.577234584291226,25.19754718080903,situp_up,310
36.94507328178039,34.63989361274463,situp_up,310
37.698913905503865,34.46897941045236,situp_up,310
46.78668526270094,35.413325447320176,situp_up,310
39.50259925577761,32.576817872150095,situp_up,310
28.92874627270628,27.538283620263588,situp_up,310
37.76907136954942,30.11022334240339,situp_up,310
34.494732783750564,28.00481193087138,situp_up,310
39.0355609900301,29.047755639163498,situp_up,310
37.39631340776823,31.508444535790087,situp_up,310
31.476905174904445,31.2443285414572,situp_up,310
46.80776414360337,36.30958520468534,situp_up,310
38.00298244475424,27.610772145819347,situp_up,310
38.993225934781314,32.66992790837837,situp_up,310
38.51114581027666,31.75960034629791,situp_up,310
38.07586873401964,29.99382909956495,situp_up,310
41.63338625815144,27.53983115282905,situp_up,310
38.42541573713211,28.85683958064949,situp_up,310
36.02887768690419,27.89124754049601,situp_up,310
34.68190753239509,34.71994556100182,situp_up,310
37.3597586806902,34.991669891788405,situp_up,310
41.76358165734982,39.818911166123485,situp_up,310
30.8093086478078,49.21766956878611,situp_up,310
82.01903151580329,50.39583714398464,situp_up,310
67.16562284856391,65.24830938310886,situp_up,310
57.66948014087517,42.61927179642964,situp_up,310
68.19605376870896,34.158554846883824,situp_up,310
60.64555684736998,52.85985466720189,situp_up,310
64.99013790038649,57.25677531042911,situp_up,310
72.69047920318864,42.39817910034864,situp_up,310
44.600908958656646,40.58683257260781,situp_up,310
35.35247229579136,36.98385704821855,situp_up,310
33.85809343354812,30.167002190232203,situp_up,310
36.891632019129176,32.60161585684116,situp_up,310
32.03563805277312,30.093933819443038,situp_up,310
35.81677523220285,34.356564894636485,situp_up,310
29.2208158645832,33.1060263487165,situp_up,310
49.34860945559029,53.99434268111816,situp_up,310
45.40507765403055,56.45182007150069,situp_up,310
43.3373884026365,49.33665178566237,situp_up,310
37.16592054775234,33.41123282144558,situp_up,310
33.9262369316229,36.347466616397,situp_up,310
35.82458855305608,31.843196001166955,situp_up,310
37.3476613704316,35.91720660725041,situp_up,310
38.31326873083149,39.15491422330353,situp_up,310
39.08323479565927,39.69476720225556,situp_up,310
42.70181464464152,41.67149074589128,situp_up,310
43.886504149790696,42.44821241451334,situp_up,310
45.95986109337317,44.2696116793592,situp_up,310
43.957353817446325,35.84334138080839,situp_up,310
42.83214743364995,40.72403287117504,situp_up,310
66.96266895691612,63.44750468700965,situp_up,310
173.62737884006896,156.88362582773263,situp_down,310
64.88922236756154,68.92451517428549,situp_up,310
147.2569825014942,156.1673079933484,situp_down,310
150.4293414241608,159.13528956814767,situp_down,310
146.81489137709406,159.0639580662347,situp_down,310
149.33655343641942,163.45203061115626,situp_down,310
153.79199119921583,158.3364452241886,situp_down,310
159.2512909694926,166.1984973019654,situp_down,310
158.18416654148237,163.5062796637137,situp_down,310
161.5545828835223,162.42569542507144,situp_down,310
159.64238098430488,158.73444138307283,situp_down,310
156.52468110403004,154.7553978231151,situp_down,310
158.70902974351833,159.96279360172824,situp_down,310
159.99875610333632,158.70420293147677,situp_down,310
37.24361895089789,40.2631532012791,situp_up,310
33.2271654779546,12.609270261977656,situp_up,310
46.89417005072954,82.47670363055471,situp_up,310
39.91034361797024,29.22457465243802,situp_up,310
41.46017552233034,33.7120593542604,situp_up,310
35.64985298801819,28.06036831364091,situp_up,310
40.5741450575398,32.648544950768894,situp_up,310
37.26976481630942,33.58524023406538,situp_up,310
35.192457388737665,33.28233753048281,situp_up,310
33.968901228528814,34.601109000443145,situp_up,310
40.56424175507177,31.785913642000345,situp_up,310
48.15653999841646,36.03735390753478,situp_up,310
45.63573935591764,35.48716911837972,situp_up,310
38.624193530326814,31.13520439989744,situp_up,310
40.86930308858501,30.31472564163896,situp_up,310
42.09215602046278,32.92211333688191,situp_up,310
34.692278316855614,30.061267934212083,situp_up,310
37.29735846602692,29.296189863845093,situp_up,310
46.953356379072645,33.08392460537279,situp_up,310
32.7966734915214,29.970600738861595,situp_up,310
35.10753969215468,33.98531066369105,situp_up,310
34.99621822985056,27.85386397160838,situp_up,310
38.75999864112829,33.60958281162889,situp_up,310
48.03214274861464,28.63942368348393,situp_up,310
40.50023174989554,29.360425936819908,situp_up,310
45.910180173474735,29.823730118016574,situp_up,310
47.63456019700197,35.217073838405575,situp_up,310
50.06021906608087,37.67878522337912,situp_up,310
64.20515756257788,63.93164846512701,situp_up,310
49.90147332904895,16.919030191212602,situp_up,310
57.102185448473215,81.5080697178102,situp_up,312
58.01538035939121,74.7647985776102,situp_up,312
50.18313936469006,74.61520370178968,situp_up,312
43.70870607237445,68.16437796062203,situp_up,312
38.71514535261715,61.35125970353009,situp_up,312
40.78523509667502,56.34229807078722,situp_up,312
44.21369880660264,55.64954080827568,situp_up,312
36.214294571213735,63.48100780962428,situp_up,312
45.9134799117876,47.85474680675815,situp_up,312
58.59321679386578,54.27685840713854,situp_up,312
46.37903170951805,49.325868573625,situp_up,312
45.9932401085234,49.38953506042764,situp_up,312
46.792121493655216,47.1969635773431,situp_up,312
50.696072735983,49.683808002057326,situp_up,312
41.302205039335966,54.2842000038319,situp_up,312
47.87858879468483,54.907587379166536,situp_up,312
47.259125251272906,49.97273779552405,situp_up,312
35.814493187444306,46.12244362337818,situp_up,312
42.79578620930487,58.36290738388601,situp_up,312
43.13581757957144,54.21466827890876,situp_up,312
50.45911146427019,60.61893221005644,situp_up,312
64.1614381288418,65.32561117283471,situp_up,312
66.49545263115212,71.87809032513616,situp_up,312
55.675015728356776,72.85826158401919,situp_up,312
52.16880589591404,73.1148329918195,situp_up,312
45.491233362608064,63.89618007738692,situp_up,312
39.69019605593624,58.04592694869404,situp_up,312
45.62218859685727,52.07383868657919,situp_up,312
45.60893756033824,54.76886250942449,situp_up,312
50.058215943965706,50.67658270362884,situp_up,312
55.29117596173846,54.082535685355445,situp_up,312
53.401069550253936,50.2962333969661,situp_up,312
51.398379269056285,50.77728418804005,situp_up,312
59.60929481084936,51.59766755604661,situp_up,312
47.442647768858414,50.200247564267904,situp_up,312
36.89900659366358,44.53641166676225,situp_up,312
47.04404511112012,51.5042068463155,situp_up,312
38.90537512815936,46.70292442848461,situp_up,312
42.72778040729276,48.287430679603766,situp_up,312
47.8345623646584,60.90068012301143,situp_up,312
57.888267682345976,63.37631123045562,situp_up,312
63.71088500660433,70.63391549893544,situp_up,312
57.83311861822912,73.61562649348654,situp_up,312
56.22624413453075,68.37519165615488,situp_up,312
52.11302094000003,62.457922828241,situp_up,312
43.34479096400934,60.00610005577826,situp_up,312
45.52134358328411,55.94936636150325,situp_up,312
41.65723707865248,51.30711957682202,situp_up,312
43.78439752872351,50.13408753291032,situp_up,312
42.17966657285477,51.227591565518345,situp_up,312
47.15058806197068,54.351462961925584,situp_up,312
50.93172850280074,57.38484156579343,situp_up,312
49.73341661621048,58.21491992341564,situp_up,312
45.44903124598455,49.409862989066944,situp_up,312
48.51847966516248,54.18143433527947,situp_up,312
50.8518650826256,54.40845943799594,situp_up,312
47.41491822140496,53.86759853056752,situp_up,312
44.609069095696576,59.76050428102761,situp_up,312
47.51181510256176,64.77284377415269,situp_up,312
61.407793242478704,70.59688147536588,situp_up,312
59.113341998551086,75.02280539337256,situp_up,312
52.07137323711924,73.17067129696348,situp_up,312
52.40909032655237,66.22321357467825,situp_up,312
44.96900021279869,65.45352919976392,situp_up,312
41.79086686980116,60.92298565469934,situp_up,312
41.64037905505619,53.12680211503928,situp_up,312
47.27497067398573,50.961587242564,situp_up,312
40.83997866617455,51.441328869021945,situp_up,312
45.22543663471209,46.87269208002044,situp_up,312
43.98329702015192,53.12141697747917,situp_up,312
43.259571153197605,48.21801671129823,situp_up,312
49.06567960756642,52.0344997401808,situp_up,312
53.3440173783682,56.17568431818096,situp_up,312
51.938840831655774,55.75756915527195,situp_up,312
46.27808848866391,62.24782837502136,situp_up,312
50.64771842325155,69.43035280248405,situp_up,312
55.91597991893899,70.77337916229638,situp_up,312
62.48468473436193,74.84747169031967,situp_up,312
62.33526738167566,69.89729294584768,situp_up,312
58.85453595395023,69.20931446867458,situp_up,312
46.180080859420194,67.39940768063867,situp_up,312
43.35827399716887,59.81874339753617,situp_up,312
42.46599289862091,52.684452545684266,situp_up,312
38.022536037163206,48.38799915248271,situp_up,312
43.849915899236656,42.21061553798509,situp_up,312
45.990885015925535,43.6553030406449,situp_up,312
45.68749472810726,41.95547295433082,situp_up,312
46.18591561184336,39.471320902615545,situp_up,312
50.170782078927125,36.387873695081296,situp_up,312
47.661367154907786,39.802122566277845,situp_up,312
47.53426440715861,37.20952065540696,situp_up,312
44.18053828922143,34.98774370641037,situp_up,312
42.99204307957705,33.62333995562235,situp_up,312
43.8827982165962,34.753752245696475,situp_up,312
49.16115355726335,35.309776060817406,situp_up,312
40.28951170762866,37.73137049979852,situp_up,312
45.99073562105593,35.10339419517335,situp_up,312
44.80557282846925,31.463752805403917,situp_up,312
48.46691340117081,32.02616180000808,situp_up,312
49.27133317024807,31.56032116877016,situp_up,312
47.31836604652016,31.447153229122485,situp_up,312
50.14603111617218,40.9966916088918,situp_up,312
44.12092936995357,40.44849895969111,situp_up,312
43.73539813741987,38.123162084859125,situp_up,312
85.93081343355263,52.60470645845593,situp_up,313
90.99343876430513,43.60803273145657,situp_up,313
86.8266329988049,39.12278357641153,situp_up,313
71.41426186666558,43.76755860321423,situp_up,313
82.41951596570934,43.41045825559903,situp_up,313
105.54499557993115,32.66561412343112,situp_up,313
83.40498454678658,22.493565391511943,situp_up,313
116.99710632594623,22.814043257308708,situp_up,313
111.43496654866276,25.77812826386542,situp_up,313
89.67993241153516,31.004251307717173,situp_up,313
94.14127025160847,33.534590544053835,situp_up,313
85.75989666797153,43.02295908608411,situp_up,313
75.85403116731054,47.86227069625547,situp_up,313
65.54167292427285,51.2975899833988,situp_up,313
68.44987290083372,53.68092580683577,situp_up,313
77.09678268576133,60.10591781387031,situp_up,313
75.27723436496346,58.53035027880013,situp_up,313
74.09236131046474,52.23392581924325,situp_up,313
72.34890294242808,50.591879100281766,situp_up,313
73.69471848548878,51.43428810718739,situp_up,313
71.55562841216273,48.247420818439934,situp_up,313
70.17741983179643,48.60291410625883,situp_up,313
69.01488486937413,50.18435107981098,situp_up,313
67.21720962611509,49.60552892167955,situp_up,313
67.82421534169299,48.78671333628379,situp_up,313
68.45588288107359,53.40339290832406,situp_up,313
70.22987939447391,53.84602084260681,situp_up,313
67.87521242118859,53.41083359739504,situp_up,313
67.50888317416408,53.40668789022258,situp_up,313
67.53774456508266,52.89942216453654,situp_up,313
67.0462613019447,51.42286055465674,situp_up,313
66.79061365543923,51.2992442606656,situp_up,313
65.55656208494621,50.69982714332908,situp_up,313
67.29600494171639,52.96630246308724,situp_up,313
62.77922281190582,52.06833775345692,situp_up,313
64.7920091974035,51.29193061205232,situp_up,313
69.06655377514522,52.34211363615496,situp_up,313
62.23820382242657,52.179565899736005,situp_up,313
65.92673282228711,54.70931718560532,situp_up,313
64.23113544850455,54.32914158495042,situp_up,313
67.20064083540296,56.20067242620753,situp_up,313
66.92533148607792,54.37453581918005,situp_up,313
71.28396239614713,56.242681072116966,situp_up,313
73.31317858137434,59.35739126218391,situp_up,313
75.31977767121529,60.73724492198032,situp_up,313
75.7379205243677,59.155063044789934,situp_up,313
76.74153691703123,62.02829560534978,situp_up,313
170.11858450275832,165.7406304771224,situp_down,313
72.55740507801382,59.83902737235729,situp_up,313
72.8004701494932,58.95618424242373,situp_up,313
67.84954106310823,55.69307006146747,situp_up,313
66.88361280600736,55.1600236542472,situp_up,313
68.42404742676192,54.57563813661795,situp_up,313
66.41005488110655,52.73812789551307,situp_up,313
67.22347734335679,54.54692610838487,situp_up,313
68.62641286205435,53.96806086249028,situp_up,313
68.51032286536017,52.00823172521376,situp_up,313
68.27792935790909,55.76620937009814,situp_up,313
70.22508006682297,56.05858422431866,situp_up,313
70.73092842532762,55.81267658280159,situp_up,313
70.83860025232148,61.08274567047925,situp_up,313
70.35898497343018,66.17039964286914,situp_up,313
71.49241322814412,66.3837506438089,situp_up,313
74.11986095892505,34.5477353540565,situp_up,313
57.53480593767375,36.4038853497426,situp_up,313
73.69182725540342,36.66440431069649,situp_up,313
83.17710447858157,39.839388607071534,situp_up,313
61.336165801372296,42.189737981653536,situp_up,313
70.4195623979074,59.641829303037255,situp_up,313
58.98477167884257,51.40411600726252,situp_up,313
77.28586059234935,61.05946380836513,situp_up,313
81.77846419323757,52.64862736723661,situp_up,313
80.26967190714139,57.141927088755175,situp_up,313
64.44855859236353,55.94203729284743,situp_up,313
62.29069478332265,54.26167815213031,situp_up,313
76.44336890429904,40.64052292726871,situp_up,313
53.70786290850351,52.6346568882556,situp_up,313
79.6491148282835,53.91625348132431,situp_up,313
58.63825397325542,50.18943284130955,situp_up,313
64.25814187358297,52.85114269975778,situp_up,313
57.29425133551256,50.10777602409567,situp_up,313
49.18111592475938,46.1371552633943,situp_up,313
63.00210108680236,44.85715362275997,situp_up,313
61.05905755708624,43.69150511371247,situp_up,313
69.67245644090846,43.34856948727473,situp_up,313
57.21089909991965,35.114371033409064,situp_up,313
79.10066850897847,33.127144667051176,situp_up,313
65.27551285540247,37.83800639605613,situp_up,313
67.84474138634064,36.11012878346684,situp_up,313
61.41523633013073,36.13806561017635,situp_up,313
64.9146553539046,36.80021773807569,situp_up,313
57.87917715326883,37.32223835951161,situp_up,313
60.70278642757047,41.1138593012442,situp_up,313
63.68713712260478,39.8561591561522,situp_up,313
82.23462611105116,42.61965615561743,situp_up,313
71.90225450557773,43.94226849124906,situp_up,313
67.78343892138676,44.38065608130734,situp_up,313
57.46219283800137,44.96487858022898,situp_up,313
79.58383879203176,56.243684899537385,situp_up,313
76.80010088351113,59.239425372724455,situp_up,313
83.48745696735729,46.38278909911598,situp_up,313
71.01643992294488,56.2049775720768,situp_up,313
50.99934978956533,50.80512912583841,situp_up,313
51.28544484881025,53.453258805820056,situp_up,313
175.6469940753775,169.88481657911603,situp_down,314
70.00079521865271,68.28036638306332,situp_up,314
67.23293701493839,67.71970791135365,situp_up,314
52.05637907548352,57.92557759814405,situp_up,314
60.58854689072637,69.44472959592191,situp_up,314
139.78175500580406,164.20098060244229,situp_down,314
170.59057420118995,144.7514650172171,situp_down,314
173.68582384239002,164.56874133063783,situp_down,314
171.60936421221422,172.80112829920134,situp_down,314
173.8649602531063,169.3882766848364,situp_down,314
159.64583533325995,147.47820917525763,situp_down,314
157.00574602000728,147.22626856330058,situp_down,314
172.24612288469845,164.0631093793989,situp_down,314
153.72234018141117,158.47778821963314,situp_down,314
147.11614433773929,177.48308017600831,situp_down,314
138.23841122458862,177.89104402943855,situp_down,314
158.53277388742342,179.68124817011335,situp_down,314
142.63848097305268,166.02444568527437,situp_down,314
166.91556390338914,161.58386530726543,situp_down,315
66.40915624068737,66.06948424234514,situp_up,315
65.23330595327924,58.67424078791526,situp_up,315
53.80568100132492,48.21909653185332,situp_up,315
33.59909697423509,43.75208028596852,situp_up,315
34.21723077894856,44.62014899859261,situp_up,315
59.441856407472486,40.128793321334015,situp_up,315
51.26370001255349,31.285339321059368,situp_up,315
41.33341999855872,21.49074377700056,situp_up,315
47.01937162914123,16.458631659690443,situp_up,315
43.9839061646997,15.871023369156871,situp_up,315
44.64880316997035,25.6565788822506,situp_up,315
42.29816514812451,30.82417387243537,situp_up,315
32.34261744559006,32.20119941176803,situp_up,315
168.69286197049212,171.25079928817777,situp_down,315
153.10576891075226,149.36258154556637,situp_down,315
157.95236551165016,154.4249853028661,situp_down,315
156.50690975179413,152.5633609849501,situp_down,315
156.68991005703603,154.83473695230393,situp_down,315
165.22348170347414,158.44031166209965,situp_down,315
168.11615643801824,164.5521400052017,situp_down,315
168.48427915807625,165.57798823894245,situp_down,315
156.6130099109925,154.90738272465163,situp_down,315
157.49404443475603,155.5431588772353,situp_down,315
152.56700068251067,153.36013201627003,situp_down,315
65.94496458495938,67.03098092707687,situp_up,315
60.69415236105867,46.94429634874264,situp_up,315
60.16311715480271,49.70295050530705,situp_up,315
53.35269967886845,49.516554893149184,situp_up,315
45.6843275991346,41.90729407398504,situp_up,315
39.39723198799884,34.154270875435564,situp_up,315
52.38375514961256,43.22840693548971,situp_up,315
75.55803167058197,40.92653610468739,situp_up,315
79.96249808353981,34.57723894938759,situp_up,315
45.05337149179702,23.96088941557349,situp_up,315
40.92265537779963,29.67093691096909,situp_up,315
43.90474294641808,35.8814279883016,situp_up,315
44.67863907975766,34.72120989302623,situp_up,315
44.20743332415622,37.26059472168038,situp_up,315
58.860736735042565,48.33666892594039,situp_up,315
52.11783737981232,57.484656155399534,situp_up,315
155.0374857239193,153.72431054397504,situp_down,315
150.39613072174606,156.7096167153339,situp_down,315
154.10510217324827,156.72248602946752,situp_down,315
155.22126201586252,160.19685479127097,situp_down,315
163.93066816161243,158.196589751435,situp_down,315
152.30641970335012,160.9476512611741,situp_down,315
154.56868853008754,156.69764274674952,situp_down,315
157.1223719587202,160.16636423431186,situp_down,315
43.20656737097618,59.60351719974382,situp_up,315
41.16662857494001,11.80679092303454,situp_up,315
160.06965378287714,164.45377858120287,situp_down,315
179.8817556376484,178.15617043864748,situp_down,315
174.66364876328092,178.4823156958697,situp_down,315
174.00609901494298,177.3788871345992,situp_down,315
168.6722245407179,165.13815436146726,situp_down,315
166.2534101239566,161.7915843578705,situp_down,315
162.58942873372115,159.06814464016952,situp_down,315
159.7011032881551,157.87865609298305,situp_down,315
159.90079273847394,157.40449120711432,situp_down,315
159.69217687194134,155.70145584178923,situp_down,315
156.59139503242028,155.76341681899652,situp_down,315
63.69366482947747,65.70010709100355,situp_up,315
60.888063738729294,65.19453964154648,situp_up,315
64.92010358155459,64.5154862869023,situp_up,315
49.47026826454396,67.73488614515021,situp_up,315
39.67366890276679,50.00316972492498,situp_up,315
26.682345683455228,37.44143042990344,situp_up,315
30.25849379838578,35.79772466856295,situp_up,315
36.10396977929293,59.186588958703325,situp_up,315
22.378877005090526,39.29975945458336,situp_up,315
29.016254280583087,36.69770288260589,situp_up,315
34.31181006854674,41.20999493317623,situp_up,315
30.48593502153131,39.63218595833145,situp_up,315
33.73995727438554,32.52916532236619,situp_up,315
32.7735646348246,40.69720383268647,situp_up,315
46.1799232902826,44.23860558104029,situp_up,315
29.15973185919125,44.0069641223964,situp_up,315
29.99236086365654,45.02645142215862,situp_up,315
31.462331354119016,47.46070010239304,situp_up,315
38.21184961213185,51.955349498644345,situp_up,315
31.83968899891869,48.37793491238727,situp_up,315
48.73675579928016,25.324811600389022,situp_up,315
46.28505049957883,32.72357259490236,situp_up,315
51.358204445958464,25.0426714530181,situp_up,315
53.11132627826993,25.35244918807246,situp_up,315
59.43341428160057,13.69155715868375,situp_up,315
156.0299746108947,152.13287413040538,situp_down,315
153.67834434356698,149.50099932466318,situp_down,315
154.05199152243486,149.3181431926962,situp_down,315
157.1473125927634,152.59026057643922,situp_down,315
162.7916876041299,152.72261590968984,situp_down,315
160.2261551163084,154.26122103992267,situp_down,315
160.00906218798198,155.6360426792929,situp_down,315
160.5018944046985,155.7624560973559,situp_down,315
167.9905179739423,162.58742017614452,situp_down,315
163.34379537476832,162.34525549079137,situp_down,315
164.43684048282586,158.8062212307268,situp_down,315
148.99709136477242,152.14237531264448,situp_down,315
59.57483883146644,66.84427041167542,situp_up,315
60.338940020262825,67.91942253600779,situp_up,315
53.39075136882869,70.02867284764768,situp_up,315
50.31838267278221,65.78373339998173,situp_up,315
46.88026380266385,70.97809134378637,situp_up,315
49.51931838804643,64.85545095879253,situp_up,315
50.85769366746357,63.45610127853296,situp_up,315
35.53208779113979,56.0358570332024,situp_up,315
25.7869971990138,58.27344235695704,situp_up,315
9.75877013237975,44.77255858026455,situp_up,315
7.90813000141781,38.20143394398968,situp_up,315
3.2072964410234017,36.79966116429964,situp_up,315
16.06995774156619,43.05361984409935,situp_up,315
4.879303192106667,35.018445853613834,situp_up,315
16.762163174250865,55.81360660390631,situp_up,315
31.57073787159594,53.39773055949672,situp_up,315
36.36722817367907,52.1578373236612,situp_up,315
23.30529701230547,29.54393942208577,situp_up,315
29.216408413629225,48.57245214183551,situp_up,315
49.18425735025132,72.45964021406724,situp_up,315
49.31569960423767,74.66313493816472,situp_up,315
148.49086721279158,153.29349607445775,situp_down,315
150.43935231111573,153.1000467257511,situp_down,315
160.6906748559919,155.90427370114796,situp_down,315
159.2359972844825,157.40694766045803,situp_down,315
160.48667518795125,157.36363035233006,situp_down,315
20.16161986978033,23.95671068359516,situp_up,316
20.85532089022056,23.96281598484799,situp_up,316
18.887126550726823,22.381253982240167,situp_up,316
24.351999833382894,21.54318850469666,situp_up,316
24.613950700036558,21.76403087949641,situp_up,316
25.938763431181844,21.480860565239787,situp_up,316
25.02649803235772,22.589588391220243,situp_up,316
27.33646254918935,25.3243017253142,situp_up,316
25.150731794064928,26.828542537401702,situp_up,316
28.77454234502897,30.07418747670527,situp_up,316
30.23291676749318,30.565708211293,situp_up,316
29.379845007035733,30.91682422156717,situp_up,316
31.8113162430147,31.77511340503238,situp_up,316
28.91233242045762,32.12526082098928,situp_up,316
29.682250243513348,33.122563885897144,situp_up,316
31.536917233648136,36.70573824651907,situp_up,316
31.281614193608707,34.83109787388505,situp_up,316
32.959508992037534,39.06850309502367,situp_up,316
33.00427144432256,41.1135076055818,situp_up,316
35.996823606261536,43.91623313037129,situp_up,316
35.325508123898665,41.18442769266966,situp_up,316
35.36602500736654,41.23424074474983,situp_up,316
32.13977844796344,44.22700603267086,situp_up,316
34.330361682853976,45.067434675470594,situp_up,316
37.584802185371146,47.64733340731587,situp_up,316
48.719782376117294,51.06020976764657,situp_up,316
46.78333644704002,49.7542542188667,situp_up,316
58.47873018413686,65.14061751883682,situp_up,316
58.33230563148304,62.846306101210985,situp_up,316
70.13984139876776,68.97349703203417,situp_up,316
70.18212823527367,64.03656243106543,situp_up,316
73.66198074208224,65.48838596497245,situp_up,316
70.43029602778203,67.8146902320769,situp_up,316
64.55967880288097,68.76484032480492,situp_up,316
58.721195169270494,62.56466576096969,situp_up,316
46.58711387931744,53.064491768759424,situp_up,316
37.60703925061963,44.70532516481433,situp_up,316
36.19071908532883,42.76136104909198,situp_up,316
35.62093676276025,44.82938391937074,situp_up,316
37.79254835531778,41.90769881405225,situp_up,316
31.02934207633413,37.58511822117176,situp_up,316
31.475976202060554,35.46108475922235,situp_up,316
30.450175844081333,34.73793543451664,situp_up,316
30.545759348452748,35.30323587794759,situp_up,316
28.50685698003912,33.794827187421895,situp_up,316
27.344380113869207,31.99974106031297,situp_up,316
29.07726333737959,31.60904399249185,situp_up,316
27.43100750102666,30.075903789802968,situp_up,316
27.594085218928807,31.58815128310461,situp_up,316
25.18836407875522,30.838890362759297,situp_up,316
23.73915979786743,29.750934252361976,situp_up,316
23.949437085631256,32.411340868721815,situp_up,316
25.753235158271952,30.09628150007798,situp_up,316
26.70092183198299,29.73457073155128,situp_up,316
24.36929955545052,30.804264272702763,situp_up,316
24.785765999059716,28.19369781399104,situp_up,316
25.19287508008362,28.025262437640347,situp_up,316
22.294794296526497,27.03422997703012,situp_up,316
23.53303221225393,27.720850727590875,situp_up,316
25.560785528348887,27.40774429603109,situp_up,316
29.514492434858653,25.902907216269547,situp_up,316
28.76557478690823,27.034866549127003,situp_up,316
30.050158885704548,29.61514839547736,situp_up,316
28.43050022658986,29.315961826188666,situp_up,316
28.253890319570427,27.394273860002805,situp_up,316
28.23328484569062,27.34683975594725,situp_up,316
26.90065626421656,28.092669121871708,situp_up,316
26.11634447475232,27.865806237407547,situp_up,316
26.36746085245618,28.84074553723069,situp_up,316
25.92157857755602,29.248871192159218,situp_up,316
27.599625791628373,28.978337067742487,situp_up,316
29.204286341489023,29.76201680363337,situp_up,316
30.229029865479607,29.911169274801008,situp_up,316
30.69276887568678,30.6759409321789,situp_up,316
28.97472496302918,29.46646259882796,situp_up,316
31.29746386415592,31.553180275940104,situp_up,316
30.716335722980062,28.56885015399129,situp_up,316
28.96497142038102,28.87436731561559,situp_up,316
28.75498189901645,29.07662117917741,situp_up,316
27.751255651150576,26.62414903506498,situp_up,316
20.675932721777677,23.770085262778583,situp_up,316
15.019240984341272,25.50868182631091,situp_up,316
20.12726686471418,32.99736888533482,situp_up,316
18.45007241180788,30.219447841120815,situp_up,316
20.349583203151745,27.487587504096656,situp_up,316
21.82321314900184,37.04695672738815,situp_up,316
21.059626745957296,34.10817721414848,situp_up,316
18.19988997342892,38.09149370370051,situp_up,316
16.19182283673997,39.50405862112731,situp_up,316
19.585695432127363,44.105854433488304,situp_up,316
21.72823042517942,38.92360862443226,situp_up,316
16.06212218226335,43.80756965821243,situp_up,316
18.184965498392376,35.116479169842165,situp_up,316
17.961379124660958,34.80649978853595,situp_up,316
19.785612018212777,34.83910876372421,situp_up,316
23.76073154232058,34.737159208124346,situp_up,316
21.3002263722095,26.84711629328539,situp_up,316
24.49941888321421,28.398397547316517,situp_up,316
23.56198223792395,28.85962872184876,situp_up,316
18.788182233994277,22.417003527065138,situp_up,316
17.837454451013564,18.852212314691933,situp_up,316
22.49727124217453,21.402411395488382,situp_up,316
25.87934095877197,23.115202956815384,situp_up,316
26.482647879359213,23.75277242851172,situp_up,316
21.492847534142825,23.1478310022294,situp_up,316
27.764363865804683,25.85174791787969,situp_up,316
27.846133007456707,27.95144707897272,situp_up,316
28.83043667503583,28.910697511190264,situp_up,316
26.632291322971582,29.97972717472425,situp_up,316
31.385009644119528,32.43267481476709,situp_up,316
27.097828364935463,32.09958144031251,situp_up,316
29.31031236559435,35.55599342465589,situp_up,316
32.20206788458606,34.26019698026029,situp_up,316
31.76143313532664,35.11407964666988,situp_up,316
32.04009450744215,35.54181442410761,situp_up,316
32.67284572703102,41.979839495322665,situp_up,316
33.55451977496122,41.843075928917024,situp_up,316
32.75973264498739,42.62100930862537,situp_up,316
32.26293835136888,41.40184130526364,situp_up,316
33.59984442309747,42.42165237043857,situp_up,316
40.51504391699083,47.270491743925696,situp_up,316
39.849623268739,42.736789774315525,situp_up,316
45.91521305431663,47.90165370052103,situp_up,316
47.16583369058899,51.25456767366765,situp_up,316
54.69118200553872,55.478536649008426,situp_up,316
66.09209005907093,65.85789364746319,situp_up,316
67.5841491918101,68.57497678802231,situp_up,316
63.63033307764007,62.347282020935225,situp_up,316
51.38505928855418,55.771288387460935,situp_up,316
45.75288426781911,45.74658309499951,situp_up,316
46.73293394936388,46.90300696133527,situp_up,316
45.1002308730846,46.9927460786763,situp_up,316
38.89902801581382,43.54129085287407,situp_up,316
33.69533730099259,42.809508056097705,situp_up,316
31.541650303027943,37.36667626425599,situp_up,316
31.65013029917427,36.21422756757593,situp_up,316
32.0894226767759,35.87692454367064,situp_up,316
32.92261989547854,36.72631201721824,situp_up,316
31.99726039984047,33.89747611771859,situp_up,316
25.804523786711645,34.46768973240766,situp_up,316
28.0627986425169,31.78537873405248,situp_up,316
27.81958297195853,31.563310754525105,situp_up,316
29.171746537070334,31.247669462834445,situp_up,316
25.32172766216978,30.92497633604581,situp_up,316
24.43015101792109,26.720383103848494,situp_up,316
23.704157530249155,28.59852029057273,situp_up,316
24.228428816033016,28.754351779345026,situp_up,316
25.213234866104017,28.85256051332872,situp_up,316
23.739263359006177,31.85462748974236,situp_up,316
23.598484763780533,28.176083650836965,situp_up,316
22.6345344911119,26.86676490933612,situp_up,316
23.13059113347603,27.49408740276988,situp_up,316
21.55059848474724,26.447963945655907,situp_up,316
24.63858317710476,25.148102841387814,situp_up,316
29.17326790677133,22.81844429271759,situp_up,316
23.983866959722707,26.769986336375027,situp_up,316
23.609504112293777,27.10125827946476,situp_up,316
25.025590973932736,28.663568299222764,situp_up,316
27.4009035478741,29.162157824670626,situp_up,316
26.402589041368834,28.43258299667637,situp_up,316
25.293193137534928,23.67856649354095,situp_up,316
25.471988124516187,27.086135699320828,situp_up,316
23.825265734478787,28.323674552550788,situp_up,316
24.81289745155477,26.1874499594138,situp_up,316
22.97021120825938,30.125351202302905,situp_up,316
22.490952259714916,30.10592920818713,situp_up,316
22.23841585728626,31.551632401899088,situp_up,316
28.387214414044383,29.138311939332265,situp_up,316
27.331146422185373,30.53371517780071,situp_up,316
28.24869757904035,30.39597646440976,situp_up,316
28.194875684967297,30.684316061398604,situp_up,316
28.76893530542452,30.410569168912076,situp_up,316
28.42103963834314,33.65522896749391,situp_up,316
23.84354202801467,27.48033357500818,situp_up,316
25.980059360118435,25.966987626156264,situp_up,316
20.01983834643254,26.358142751260296,situp_up,316
12.95423808215664,26.371867175830918,situp_up,316
17.278269698226808,28.97846992910169,situp_up,316
14.79036186710452,27.281350303328868,situp_up,316
17.294772991455847,29.0840761600492,situp_up,316
17.476443334889765,30.31351506989432,situp_up,316
18.752134220397583,31.650944365162644,situp_up,316
16.62974782507385,40.58285383486197,situp_up,316
15.296439249621033,43.03522645364597,situp_up,316
13.365830506069972,41.96367040966122,situp_up,316
13.165023295215036,40.92690587505542,situp_up,316
12.222096039506226,43.00313708541209,situp_up,316
13.301615961275528,44.92723184610532,situp_up,316
12.598880932838194,45.096282269858655,situp_up,316
13.956965223764293,41.60241000371912,situp_up,316
18.380925963704577,40.24044101187579,situp_up,316
16.92515157660808,38.85087187178496,situp_up,316
19.2596757211566,32.20308291647563,situp_up,316
17.51828327832773,22.888884571476964,situp_up,316
17.11222088330912,28.452064152873696,situp_up,316
12.591369287220129,21.826310209260782,situp_up,316
12.43723502309687,21.46678142340652,situp_up,316
16.65924189183754,19.56974033230804,situp_up,316
17.159090530103065,23.158395075101023,situp_up,316
22.553551236473787,23.644822215267524,situp_up,316
20.308988133528977,22.391433721488003,situp_up,316
20.879906502224287,23.36516894482706,situp_up,316
20.791700880929,20.885211254798417,situp_up,316
21.438126575155515,22.968442757324823,situp_up,316
23.21013017468384,26.63351942612313,situp_up,316
23.689023271620105,25.00306029454828,situp_up,316
23.66868521488062,25.26065302720554,situp_up,316
26.800984154586377,29.807456385476545,situp_up,316
23.91118165153649,28.902995215701424,situp_up,316
24.990507934213312,30.64657195862817,situp_up,316
30.61449651838313,31.93850778583486,situp_up,316
29.949897246853745,33.36539069525021,situp_up,316
32.24576760773167,34.407936434535564,situp_up,316
29.24751406302645,32.95934981298726,situp_up,316
32.28979058941867,35.88724438892384,situp_up,316
33.22209101020077,36.77896932874386,situp_up,316
35.81913615600831,37.433959244957,situp_up,316
39.82842577670226,41.272732202129816,situp_up,316
43.5083899171468,41.850700575624494,situp_up,316
46.8538106159608,45.61690425653333,situp_up,316
48.44582382871496,48.58579993786073,situp_up,316
47.96433421891508,45.9611459875662,situp_up,316
54.20948044639082,49.277164512248696,situp_up,316
59.99257409315271,63.279513332769554,situp_up,316
59.35936657158159,61.31235100092096,situp_up,316
51.69607217899141,50.94067099291317,situp_up,316
51.40362984939982,50.44061742062047,situp_up,316
40.05235201655968,44.54257377556443,situp_up,316
33.54409641181977,43.1517703547306,situp_up,316
37.26251392594683,39.13275289546227,situp_up,316
35.49285824986195,36.57721492828739,situp_up,316
35.15849200113251,35.54419698701556,situp_up,316
31.52670984754153,37.13128150357699,situp_up,316
29.93782759812117,35.02628127612074,situp_up,316
30.34415240067984,34.531251223482094,situp_up,316
28.61204455665678,35.18730033688468,situp_up,316
28.389338314037698,33.58578710294671,situp_up,316
25.118973011188555,31.304161453623472,situp_up,316
26.081147689167523,26.478353931575025,situp_up,316
24.400286618194755,24.280022278497245,situp_up,316
23.655372500133225,26.21957793424826,situp_up,316
24.37941123430104,24.720930253112478,situp_up,316
26.748215974570584,27.726690324123883,situp_up,316
23.83002081960652,30.085589294651484,situp_up,316
23.654260260501808,24.0046571380219,situp_up,316
23.53605491323925,28.739864047096805,situp_up,316
25.25264239089566,29.41789177944177,situp_up,316
27.368165802068614,28.194243868168503,situp_up,316
28.83209893747851,28.976975281980103,situp_up,316
31.74941376163986,28.73623609472184,situp_up,316
27.814071877076596,24.1770389317952,situp_up,317
23.909265715579178,22.926312482191005,situp_up,317
22.37717227753718,21.167976514362824,situp_up,317
21.49700268335136,20.56152907428429,situp_up,317
17.520621847425176,18.126898748215023,situp_up,317
17.428891938363044,16.3620654926718,situp_up,317
16.860873977135682,16.274310426037335,situp_up,317
15.417469464795245,22.94920701333193,situp_up,317
15.032163013862904,12.554993804694284,situp_up,317
13.569502566438418,10.643105683098046,situp_up,317
13.038697845682904,10.230430037386103,situp_up,317
13.713405107737476,17.253963976174717,situp_up,317
13.848631548385448,10.413461712210374,situp_up,317
13.831117068630537,10.851987948881982,situp_up,317
13.80858332926938,12.245390636286,situp_up,317
13.750832516120443,12.039223655722116,situp_up,317
14.31820720271728,14.081486333230314,situp_up,317
16.36167805150872,16.51343878442437,situp_up,317
17.075297379147397,17.53488096083824,situp_up,317
19.463307669197697,19.37788049563053,situp_up,317
22.377070896394404,21.365184738701835,situp_up,317
23.102343790434688,22.166696418072306,situp_up,317
25.596417752603426,24.090900464448705,situp_up,317
24.87056755533029,25.612462045177413,situp_up,317
29.037048962468948,28.6815515373396,situp_up,317
36.55658586603551,32.12145614068399,situp_up,317
38.60212424209262,34.1821450369014,situp_up,317
37.912820279578135,36.71031391407722,situp_up,317
40.52315652189126,38.70650509705751,situp_up,317
40.521771211044666,39.504351096880285,situp_up,317
43.93637929960301,41.73652028739851,situp_up,317
46.874686610492105,43.74468526513039,situp_up,317
48.93660613798429,45.33887985846561,situp_up,317
54.99530764004752,49.05120828050754,situp_up,317
57.65287004558086,54.030090970034685,situp_up,317
65.24980092315847,58.0471256343314,situp_up,317
69.64094771077119,61.63400946432109,situp_up,317
73.55348117472263,63.59227213612035,situp_up,317
61.88070048978439,59.56696977608063,situp_up,317
60.88401839790631,55.049167615769306,situp_up,317
54.017840051795936,50.56384669792655,situp_up,317
50.88801281161543,48.14998659628567,situp_up,317
48.41867070446759,45.43878076400831,situp_up,317
44.88338284730634,42.6232243140208,situp_up,317
44.07131611225762,40.98666610471585,situp_up,317
41.33148769821394,39.15167039425015,situp_up,317
40.01662663068025,37.63386909325872,situp_up,317
36.29452940316124,36.11643981391058,situp_up,317
38.98546063908171,33.11137862287243,situp_up,317
30.580630149640125,30.64015213384277,situp_up,317
28.99196676602233,27.747083523818524,situp_up,317
25.33522743548481,25.403837996041528,situp_up,317
28.18991099442624,23.9546826231015,situp_up,317
24.251224043163663,22.839425189121183,situp_up,317
21.34584176713325,19.92827575770909,situp_up,317
18.41944498229372,18.41298823080393,situp_up,317
17.193949609535295,16.943568108900298,situp_up,317
15.201090183349226,14.74291813455321,situp_up,317
14.819116022855477,14.761120990280418,situp_up,317
11.778214019221735,15.807434818957503,situp_up,317
10.49735175343631,14.466324856727296,situp_up,317
10.048057520895853,13.785057475871923,situp_up,317
9.21978728331531,12.4600147800673,situp_up,317
8.93330174159555,11.769510057140907,situp_up,317
9.748394693289692,14.114826386445625,situp_up,317
11.536023111220976,15.541586690598251,situp_up,317
12.315637106098515,10.004847732616122,situp_up,317
12.891452502540568,11.750995515158689,situp_up,317
15.086769735925662,14.639396026027404,situp_up,317
16.725485103619445,17.25065489402112,situp_up,317
18.662787419710703,18.24871558054437,situp_up,317
20.966684384941427,19.52085490981615,situp_up,317
23.143477777435034,23.24238946702027,situp_up,317
24.842979949633172,25.095661209635228,situp_up,317
25.95521883462205,26.39064537274286,situp_up,317
28.143181929622028,29.443374411652865,situp_up,317
30.831572101790613,30.95014759049601,situp_up,317
39.20630195831672,33.99147825786567,situp_up,317
37.00881006478333,34.50852374220032,situp_up,317
39.05113764717683,37.36338754074353,situp_up,317
42.96100811182405,39.13417608042109,situp_up,317
42.61096068279159,40.427940021162826,situp_up,317
45.802803909101925,42.55507741111217,situp_up,317
49.07646485051336,44.77021645136823,situp_up,317
50.479294240182256,48.682545824535495,situp_up,317
54.80791124380032,52.34433680017248,situp_up,317
61.05159038839565,56.94230164000752,situp_up,317
67.43598881391604,58.69645790733013,situp_up,317
73.14042929108214,64.60200350454369,situp_up,317
64.17873593416897,61.18347970025617,situp_up,317
62.53917127179116,55.34419747943349,situp_up,317
55.79897245358217,54.06375527349047,situp_up,317
53.90776298877804,49.78558919261702,situp_up,317
51.80451472279286,48.1779231228178,situp_up,317
50.43188018967663,44.95996816199195,situp_up,317
47.35601739868013,43.347925979952215,situp_up,317
47.283870431663374,41.75157187426807,situp_up,317
42.49098228618662,40.588234460454416,situp_up,317
38.08297169447035,38.23543127620058,situp_up,317
40.71907692030819,37.94524893470087,situp_up,317
36.89004278676371,34.22286459499262,situp_up,317
38.19835977787854,33.36256396705439,situp_up,317
35.99885783170356,31.21944907720725,situp_up,317
27.818581696682312,27.78328782870436,situp_up,317
25.049781328747024,25.057658315335612,situp_up,317
24.061814543964672,23.516680838406213,situp_up,317
22.10378716063211,21.076022096829327,situp_up,317
18.777710007441986,18.42717661774994,situp_up,317
16.270607292273244,16.576560165610438,situp_up,317
15.597300879254895,15.498603394623736,situp_up,317
14.366424484920069,12.543316021804513,situp_up,317
12.29411292741575,11.064715410809544,situp_up,317
13.18056691710048,22.50901999430227,situp_up,317
12.543990169734636,19.50003502963805,situp_up,317
11.756115930003604,18.204776044578164,situp_up,317
11.527820601147852,16.703083075760222,situp_up,317
11.23601120934022,17.221604504699986,situp_up,317
11.405484129094845,18.09933643269204,situp_up,317
11.939436994274526,16.507960723326505,situp_up,317
12.354297476263955,16.74853645335012,situp_up,317
12.200218679090892,10.995291719901845,situp_up,317
13.615052056531924,11.862153597000589,situp_up,317
14.7825622797164,14.484128488719788,situp_up,317
16.25353437615785,17.270282174105628,situp_up,317
16.5356409111277,17.580164652141136,situp_up,317
18.748329386691687,18.130718618047528,situp_up,317
21.145303464084744,20.24031958277124,situp_up,317
25.36569694009047,22.43134457077096,situp_up,317
26.42802358778696,20.91600162187704,situp_up,317
28.90217183137872,23.44283767212441,situp_up,317
24.604629166934497,26.186172601191487,situp_up,317
23.060013363622605,28.41132911751773,situp_up,317
22.861707179832948,30.00191473343902,situp_up,317
25.952035259366404,32.87576467107883,situp_up,317
26.11682870915654,32.61692642514536,situp_up,317
27.450464849826098,30.566416235423823,situp_up,317
25.665859671436763,35.26080527885814,situp_up,317
26.278492553437136,35.387127767397224,situp_up,317
30.208309866464017,37.942296785774175,situp_up,317
78.58203672847337,59.88818300527329,situp_up,318
78.69600843584082,57.849861654242055,situp_up,318
63.366066828863765,49.73830400513664,situp_up,318
52.30484634155239,40.22067467331307,situp_up,318
50.10459226047608,46.66504984470672,situp_up,318
47.44014621326389,39.17639209745871,situp_up,318
48.17470805929304,41.61825496505462,situp_up,318
53.33899457647853,38.7045145561294,situp_up,318
55.37989198605255,48.51267175205091,situp_up,318
59.52665606616445,53.08807345940366,situp_up,318
71.27889734140598,64.78144452501977,situp_up,318
69.86975158809973,69.62378527182884,situp_up,318
158.34837084500043,146.47571566283816,situp_down,318
171.14072072058676,154.7860155090322,situp_down,318
175.8420658944865,158.29142746204752,situp_down,318
175.03804250930992,162.24481487438032,situp_down,318
179.23083526260663,164.03645967399854,situp_down,318
178.61515242377908,166.12738637467152,situp_down,318
179.1252248622238,165.14280360697407,situp_down,318
173.7664107773345,161.44973423035964,situp_down,318
175.16206095818524,158.6391961488601,situp_down,318
165.35123555204004,152.13949614931292,situp_down,318
79.15754539388149,58.33423727246954,situp_up,318
63.35179593219608,52.16094225794463,situp_up,318
64.54289709107663,56.183756517140026,situp_up,318
52.19074457846602,45.60116623452498,situp_up,318
53.617629732611526,47.43008903264989,situp_up,318
52.89144826135354,48.43401602526921,situp_up,318
55.76566986943116,51.76245625987391,situp_up,318
55.63457220872874,57.922343887998615,situp_up,318
66.05950440864662,63.04563363764626,situp_up,318
155.8961140438562,144.78926250065655,situp_down,318
163.5766195357125,149.6690368025448,situp_down,318
172.5214320301835,156.95349457085723,situp_down,318
172.79154696014072,161.22121274870662,situp_down,318
179.0964254241702,166.90131985477933,situp_down,318
176.72189141163418,168.7404811782776,situp_down,318
176.43305724579295,168.53584654815384,situp_down,318
176.4408671137064,169.52382176928353,situp_down,318
178.5113979300254,167.09284220158688,situp_down,318
179.2736603540399,168.0195449578747,situp_down,318
174.27867604887885,161.61503956366187,situp_down,318
168.27442431017388,151.64250690376772,situp_down,318
73.60724721543704,60.34265864669148,situp_up,318
57.70591006803182,53.16863797696465,situp_up,318
52.11790879928173,51.00676006961473,situp_up,318
52.85968155002328,43.45487684288309,situp_up,318
51.4690076289312,45.65627463011296,situp_up,318
55.810000085687086,47.30973576219835,situp_up,318
53.48082902574835,55.11039005518288,situp_up,318
57.271888733605714,62.47685888020642,situp_up,318
69.0456703132174,64.3579222746145,situp_up,318
159.41787272563673,145.1531393430205,situp_down,318
166.49079844749593,150.82261854839078,situp_down,318
170.85268594563416,156.35785178596078,situp_down,318
171.12046073242644,158.3247548225238,situp_down,318
172.35007474960705,160.18210818973722,situp_down,318
176.8339803001585,163.21948976618756,situp_down,318
176.6939695442196,163.7574869370376,situp_down,318
174.85305906701967,164.03954388344386,situp_down,318
175.1806117008673,162.6450329430341,situp_down,318
171.0161235927201,155.0919812843561,situp_down,318
154.816509776741,145.9181351932632,situp_down,318
72.04367258914782,57.47878498017734,situp_up,318
65.33190064880465,55.3524502243136,situp_up,318
60.1417354258528,52.27381068685969,situp_up,318
50.31187173037073,47.951188283246736,situp_up,318
49.7792225774063,48.1383098986302,situp_up,318
51.27181275936559,52.491450364558496,situp_up,318
58.91096187077077,58.438040973738026,situp_up,318
56.99221163903414,62.05554773682288,situp_up,318
66.31220191483294,64.03144547920114,situp_up,318
161.42042208920742,145.7414035449752,situp_down,318
165.06635871160884,152.91389070929765,situp_down,318
172.0119549217808,155.8569637035279,situp_down,318
174.61329160911356,157.23121399923932,situp_down,318
32.84205752187876,14.330116382939128,situp_up,319
35.94716270885213,26.74655726518479,situp_up,319
64.11579447314043,33.28004725484408,situp_up,319
25.470712322614663,8.850494437229049,situp_up,319
173.26042962149262,150.30143411091942,situp_down,319
22.956002959890323,43.496615749412165,situp_up,319
137.42514806632872,163.45308378637924,situp_down,320
137.35387649466136,166.76852122922267,situp_down,320
137.31648545580552,168.2417014824847,situp_down,320
137.21169607894078,169.9679659192115,situp_down,320
142.09569477035086,176.20680609292276,situp_down,320
138.03776541359215,175.7604164269044,situp_down,320
140.95773410922473,179.97084536245606,situp_down,320
141.0778931254182,178.88297846215207,situp_down,320
148.16495915405554,177.2976382473534,situp_down,320
152.8805919482434,178.96554934365244,situp_down,320
158.02068249419523,175.50299688065232,situp_down,320
160.70992834750243,175.52474129734952,situp_down,320
161.85585849313043,175.4820075956902,situp_down,320
164.89959416900527,175.11597807945105,situp_down,320
165.29679786036925,176.77629187447116,situp_down,320
166.46172673346388,175.33040203194167,situp_down,320
165.0247386395133,178.5886551968306,situp_down,320
164.40908696785326,177.9925223951331,situp_down,320
168.14370980450934,176.46765559072404,situp_down,320
165.6496633008825,173.6356707420833,situp_down,320
166.5959988260021,172.34050830407213,situp_down,320
168.63596027904038,172.0311493864547,situp_down,320
169.1632889745843,169.05646708092348,situp_down,320
167.9150838657748,170.1348435789136,situp_down,320
168.26110616713476,169.7720003877369,situp_down,320
165.86163632957368,170.17858038019008,situp_down,320
165.15141101044685,166.367171533794,situp_down,320
164.21691600387317,170.21076375365294,situp_down,320
161.51831989206943,170.6247015572144,situp_down,320
160.98069237353232,169.82996156906503,situp_down,320
162.01967118303116,171.28602539087285,situp_down,320
162.98041769346295,169.81614314557407,situp_down,320
161.54330710822396,172.11303569821186,situp_down,320
161.0808920159846,171.93946558887794,situp_down,320
161.2850342390433,172.922896073471,situp_down,320
163.21211767843198,172.26946770754614,situp_down,320
165.2270734296536,171.21133347606187,situp_down,320
163.36569047537162,170.97990088826865,situp_down,320
162.70069595906725,173.24666870369427,situp_down,320
163.20755678610232,172.4861312840561,situp_down,320
164.05056142139637,171.32073736283863,situp_down,320
162.17751210710756,171.19204180230227,situp_down,320
161.8273773745691,170.19271151962135,situp_down,320
162.84234617814218,170.57015006124686,situp_down,320
163.1398388990083,169.51875769968072,situp_down,320
162.26288579134783,169.56799490471178,situp_down,320
161.20363424555185,170.70471037995912,situp_down,320
162.86683760177792,170.9687877043146,situp_down,320
163.52871960211192,169.6976000032839,situp_down,320
163.22066283909476,169.2951051631112,situp_down,320
163.90476449231514,168.49341972071787,situp_down,320
163.4279707015893,169.67462686375282,situp_down,320
163.64177209135124,169.317435093171,situp_down,320
164.23639035148028,173.5107098796635,situp_down,320
162.67993491891875,171.03199503799172,situp_down,320
160.004051383926,172.03468990888234,situp_down,320
158.72992587333954,171.03889635435695,situp_down,320
161.12616456403376,170.5386196836799,situp_down,320
162.21817553408678,169.04925719186247,situp_down,320
161.17742193429703,170.2247045380702,situp_down,320
158.99713211823655,170.85292619341675,situp_down,320
159.46878067793867,170.1537228631079,situp_down,320
158.83599712952596,169.37729920754416,situp_down,320
158.54289672469346,171.4184877055923,situp_down,320
159.17013636225988,169.68738166176573,situp_down,320
159.57600652007127,169.51232910570542,situp_down,320
160.39112551919158,169.1245728578547,situp_down,320
160.30764264841588,168.3192850515357,situp_down,320
160.4348165976902,169.62001791144615,situp_down,320
160.3904859275176,168.43987708108088,situp_down,320
159.52341560787772,167.89214837742082,situp_down,320
160.70687690500267,168.46390817947665,situp_down,320
160.1620348803522,171.42309061728656,situp_down,320
157.5136401100881,172.43972741766848,situp_down,320
156.95548423271515,175.72649198976475,situp_down,320
157.87317906140655,178.9495660946646,situp_down,320
156.1787190325027,179.042367163609,situp_down,320
148.14899156642326,176.91883973793583,situp_down,320
142.61460777114794,170.86350340009432,situp_down,320
133.86272442873104,175.39343426095672,situp_down,320
142.11716186337844,163.81062557354335,situp_down,320
48.82033059423429,88.6644286135847,situp_up,320
45.19179350504504,85.60170608876295,situp_up,320
49.88300381822432,85.82087697672434,situp_up,320
47.85644060840426,82.8191214112913,situp_up,320
47.52466607905546,82.199832176351,situp_up,320
53.40451326361652,82.41091096158594,situp_up,320
52.340463178689646,82.78737198273814,situp_up,320
47.23441043338314,81.8191977172097,situp_up,320
50.18380336017944,83.24804921465226,situp_up,320
39.497310070095416,82.49176217355603,situp_up,320
32.17962774949372,83.05832682123152,situp_up,320
49.99474978283558,81.76135259305116,situp_up,320
52.40416955307147,82.39946464900649,situp_up,320
40.23498056362466,82.06696083624381,situp_up,320
42.84752186852332,82.29638693978372,situp_up,320
39.02719943959775,81.2487785893659,situp_up,320
40.34887803701912,83.17998807767628,situp_up,320
42.54928289024275,83.20766952540258,situp_up,320
44.85406818145431,83.72162384736916,situp_up,320
45.2066315858424,83.464316183395,situp_up,320
43.70276556017881,82.93816158592819,situp_up,320
49.03550933283064,85.81928690870983,situp_up,320
46.08096183931684,85.11584356918235,situp_up,320
45.60573162637142,83.68977859310013,situp_up,320
137.12694722282123,164.82143462851636,situp_down,320
141.514865469415,167.16319061869405,situp_down,320
140.86033511315836,170.1739209189384,situp_down,320
140.96702155279755,175.35919973724378,situp_down,320
144.01461334765344,173.63473682517022,situp_down,320
143.92538225181053,179.94049232820294,situp_down,320
144.46039744363688,179.26726930819396,situp_down,320
149.38959815422922,179.18544877626454,situp_down,320
150.13131868061126,178.60999389806216,situp_down,320
152.3069793340516,178.7518756417063,situp_down,320
151.41088739467756,176.5755552315802,situp_down,320
156.84271138694055,175.57437536523935,situp_down,320
158.98257332868712,174.06204933255404,situp_down,320
159.0559429096505,173.2181689847785,situp_down,320
158.2910947780007,174.17569082901096,situp_down,320
162.05375917857862,174.4148345835366,situp_down,320
161.03301017438258,175.76267741531936,situp_down,320
163.38267751747128,174.74517191908953,situp_down,320
163.62155904054202,173.38525578078782,situp_down,320
160.64585553423635,175.54860107488906,situp_down,320
163.29035789857022,174.7866871002028,situp_down,320
163.6093027862917,173.20351137387448,situp_down,320
165.60324954764795,172.51539405899132,situp_down,320
165.16156298741737,171.41922930248296,situp_down,320
163.5621725233975,173.21241703129755,situp_down,320
166.72112981975252,171.331264326586,situp_down,320
55.461111880816496,69.7066742234672,situp_up,321
57.250403254758375,69.03285080913301,situp_up,321
54.51480060705594,69.66074487541553,situp_up,321
56.836391226671104,62.03206493952783,situp_up,321
50.12730459193073,59.74598110801846,situp_up,321
46.87907604541768,57.19174116626045,situp_up,321
44.11858120695864,55.31254185538277,situp_up,321
42.01926940235438,54.28023617307159,situp_up,321
39.1936894892875,52.418734877609324,situp_up,321
39.6189169104126,52.60078518844929,situp_up,321
36.70769913805725,51.48001971246369,situp_up,321
33.82675082942476,49.61466095543479,situp_up,321
35.007356477456966,47.65647069488484,situp_up,321
34.042250968484815,48.82668840349588,situp_up,321
35.16527889297571,49.18732886186461,situp_up,321
37.94140836686359,51.31975458084915,situp_up,321
39.84681991962706,50.75879747106151,situp_up,321
41.389326212075474,51.24376199714289,situp_up,321
47.755605915577206,52.66113088897946,situp_up,321
48.07056752994217,52.28959501296072,situp_up,321
46.06068657121558,53.94316416078455,situp_up,321
49.988281318987205,56.36277342801994,situp_up,321
55.050372534089554,57.43294531683553,situp_up,321
54.43946042818693,57.36275695256269,situp_up,321
54.78439526600854,62.542751801556165,situp_up,321
65.55352054785637,65.02459447208057,situp_up,321
56.44888078442252,68.75083505465959,situp_up,321
57.66139972907153,69.93970592801824,situp_up,321
62.12053324643426,75.3769086749084,situp_up,321
54.29465681762127,64.72809656045568,situp_up,321
56.11339927598364,60.769077611114966,situp_up,321
58.66146254077176,62.59855764422037,situp_up,321
51.79579860643982,62.4920465914743,situp_up,321
50.60937550871086,50.17542840502472,situp_up,321
53.40645144778115,47.48954181500627,situp_up,321
47.13477902407588,46.94423277461271,situp_up,321
47.34591879566518,46.636113126322456,situp_up,321
48.27013541082864,42.76820353383844,situp_up,321
44.40583805100967,40.20412340278584,situp_up,321
45.1497920966961,40.36403433141987,situp_up,321
41.14641713356528,33.228132081207924,situp_up,321
39.41482316310912,33.67633830344852,situp_up,321
37.21817288825956,33.94324610283107,situp_up,321
36.15620143266338,35.9082133555592,situp_up,321
42.5780626311176,35.91569159369351,situp_up,321
44.09511262646761,37.06312962138726,situp_up,321
44.56394610790053,40.35427380326721,situp_up,321
47.73283541025168,44.73309326527249,situp_up,321
48.01445355857011,44.17325929872086,situp_up,321
52.52536940148587,47.656024957880206,situp_up,321
48.68588668786351,48.03845172893862,situp_up,321
53.78215995789144,50.0357474678577,situp_up,321
56.44597150781586,52.62752898716029,situp_up,321
56.18592621440643,52.93992093272638,situp_up,321
59.541603488233605,57.903012610786185,situp_up,321
58.60046073931965,61.43337952633507,situp_up,321
58.688981493539,65.82326428713128,situp_up,321
52.57335788723285,67.64330190664508,situp_up,321
53.25091559617216,67.11685326839962,situp_up,321
64.8421840036821,74.29139105926387,situp_up,321
60.68112168193774,71.11263871600518,situp_up,321
59.012096576721135,69.29522289077595,situp_up,321
58.22533863519416,69.37178023739791,situp_up,321
53.7725503607512,67.2449440412294,situp_up,321
48.420572542096245,56.52976163994349,situp_up,321
47.54999419643656,54.43553823390818,situp_up,321
48.26936330199547,56.68940454126577,situp_up,321
45.543883434363615,52.62279896860168,situp_up,321
41.220014085134096,50.61429497154959,situp_up,321
38.145641253300056,50.02261301396679,situp_up,321
35.38266744070025,48.80754652714632,situp_up,321
34.550106480950504,46.36345885165714,situp_up,321
33.42712769002976,47.38725313823511,situp_up,321
34.09289746466054,45.95021929982647,situp_up,321
26.03858018382063,42.813934548128415,situp_up,321
38.1666940074379,45.78325806356108,situp_up,321
35.57181913613832,44.23985042693567,situp_up,321
33.09753984786064,43.466561807884126,situp_up,321
35.12319786456608,43.65779736944509,situp_up,321
27.699301924141785,41.948789772123625,situp_up,321
36.87037573891066,41.33951108537232,situp_up,321
34.57133701602362,39.94540154672396,situp_up,321
36.54386876597088,40.473087421093005,situp_up,321
30.52040016637596,39.4040086267352,situp_up,321
26.533900220592376,36.30897842785624,situp_up,321
30.453113794126256,30.701191699344182,situp_up,321
35.51355854366404,36.448817050172224,situp_up,321
28.98249836935958,35.448824459576784,situp_up,321
29.952049953223558,33.968358299549074,situp_up,321
28.51722736043073,35.201520871891134,situp_up,321
28.483885533471348,34.72057758664769,situp_up,321
29.723231095956585,30.230321436254663,situp_up,321
26.082097715419717,27.97952212808212,situp_up,321
22.94179419954173,25.362604317638105,situp_up,321
171.9023165670658,171.44441558063411,situp_down,322
174.143635216926,171.95131540598072,situp_down,322
172.99086124436326,172.4768352631409,situp_down,322
174.00911964027426,170.32986188264022,situp_down,322
173.20957061139708,170.65410130516509,situp_down,322
179.31786301285803,167.4920349145103,situp_down,322
179.59250617647163,167.3439018176023,situp_down,322
176.07584563769583,164.55663406258188,situp_down,322
176.3101661849595,164.80280294011698,situp_down,322
179.62961827545774,161.042609023687,situp_down,322
177.91176357359066,162.39234849857183,situp_down,322
175.7799903484524,159.09199299936694,situp_down,322
174.3735958305658,156.939231010948,situp_down,322
173.0622083436036,153.34073640602296,situp_down,322
174.01076193128137,154.6106232493663,situp_down,322
166.7100900120569,147.44335252643364,situp_down,322
165.79487164717972,148.235230420316,situp_down,322
166.94223284010832,146.63383769760026,situp_down,322
166.82400395655054,145.5219442949615,situp_down,322
164.82309692160186,144.52563616611872,situp_down,322
163.49060905314943,143.7947390807739,situp_down,322
162.3074282211811,143.35467172545418,situp_down,322
163.29837329622856,142.90886477534116,situp_down,322
162.43710123870127,143.8930962870869,situp_down,322
161.9474303507728,142.540414667571,situp_down,322
160.96942678983254,142.13796696524284,situp_down,322
160.7906195457171,142.6706365314279,situp_down,322
158.7455283148095,142.88574412211753,situp_down,322
158.91379345340903,142.13492926741222,situp_down,322
158.20458921115863,141.8759555555875,situp_down,322
158.68875872694767,142.51984772638502,situp_down,322
158.39257204478875,142.42207601264656,situp_down,322
158.86096836657467,143.69401692026145,situp_down,322
157.7465856543443,143.20216407753952,situp_down,322
159.62863863766646,147.01439290817078,situp_down,322
159.1609318978523,147.0643053426965,situp_down,322
160.15226487670097,147.34380946869015,situp_down,322
159.58554701539265,147.38635223745513,situp_down,322
156.15398526539232,145.09365553766668,situp_down,322
156.22165368808007,145.54049393335143,situp_down,322
156.5246613537993,144.25770727963626,situp_down,322
158.12253431012385,144.11927709279453,situp_down,322
158.3327682435671,145.28111192820072,situp_down,322
158.94213091381397,144.84131724952024,situp_down,322
163.02531758450576,149.0351228481795,situp_down,322
161.80819514668605,149.123004693428,situp_down,322
165.7829278514495,152.15263419800414,situp_down,322
165.60488363900114,151.90030565604124,situp_down,322
171.38018967917117,157.0628955247684,situp_down,322
169.88765862218438,157.53488918026827,situp_down,322
170.47426806231317,162.77574265879986,situp_down,322
170.6918810678412,162.2580280247104,situp_down,322
177.3622356644768,164.89304604749202,situp_down,322
178.09873834012845,168.03746385886134,situp_down,322
176.59323153747397,167.19705363366256,situp_down,322
179.31614752280166,167.23507213563326,situp_down,322
172.44343446618726,168.85910779348904,situp_down,322
178.69998237112435,169.56700180190396,situp_down,322
172.0875804096768,170.92353944376808,situp_down,322
169.03898651121312,172.15103956312743,situp_down,322
173.8844181521897,169.82529478070347,situp_down,322
172.90494167044093,170.31576540740522,situp_down,322
171.35336602425002,172.29798783982795,situp_down,322
170.3636088045137,172.9283280389509,situp_down,322
178.37335064818018,170.67620602426885,situp_down,322
179.06929707861917,170.54727210996842,situp_down,322
168.7035139675704,172.31152023399972,situp_down,322
171.1654990508822,170.76276057108535,situp_down,322
171.11290943241673,171.1367931335845,situp_down,322
171.76800705314795,170.82065614685396,situp_down,322
171.48503672404405,170.00548359874293,situp_down,322
171.6116748310624,169.28053268127454,situp_down,322
168.86855281378757,171.72104371319742,situp_down,322
168.40229363964468,171.4176726948823,situp_down,322
169.79048459046538,171.44961097088114,situp_down,322
168.6247359557584,171.29692119505265,situp_down,322
168.7980388631062,172.11262907616108,situp_down,322
169.2166086549902,171.93497242657725,situp_down,322
165.8551341630282,172.22232276889213,situp_down,322
167.5660960153648,170.63848312577784,situp_down,322
168.6906401013245,170.08829038828233,situp_down,322
170.75275715792134,169.61067075861433,situp_down,322
167.91528187621853,171.3770931727711,situp_down,322
169.8401147950796,171.26636588638897,situp_down,322
165.62586611639435,172.74566526979453,situp_down,322
167.97910021712246,173.8420740880902,situp_down,322
168.9880399039087,167.56131567386106,situp_down,322
168.5575657340364,166.78062549292193,situp_down,322
168.07331840259644,165.9885588009321,situp_down,322
171.0609885303758,165.0139658795344,situp_down,322
167.6626146248236,166.0488930989692,situp_down,322
167.72480613404957,165.85986369487844,situp_down,322
163.68009016035083,169.3633764893427,situp_down,322
163.348469739968,169.758530223811,situp_down,322
165.50092531137204,163.35663106931307,situp_down,322
165.3791379841816,165.00769625617005,situp_down,322
165.13454423522094,167.8157613300339,situp_down,322
166.74245789148813,167.61288901936678,situp_down,322
175.15406822575852,160.93114935561624,situp_down,322
178.87101009313477,161.60160369963,situp_down,322
175.5427374280532,148.95370010969998,situp_down,322
178.19182784179463,151.6407303934961,situp_down,322
174.85902544463164,150.02565979170896,situp_down,322
173.84427036440644,150.51358461931608,situp_down,322
177.9768001944393,147.6864080170746,situp_down,322
176.4084687715362,147.66788923318344,situp_down,322
175.88277401689376,149.75866045558234,situp_down,322
175.22282820646927,150.3647898187664,situp_down,322
174.4463189573729,148.06213623121732,situp_down,322
172.11593300843776,146.92976986576627,situp_down,322
176.62400949093993,149.92426054316903,situp_down,322
177.55768163732677,150.5835601457468,situp_down,322
170.92182173440514,147.21449145469472,situp_down,322
172.69850178379102,147.69707442233224,situp_down,322
166.1224411583031,145.59266331230856,situp_down,322
167.12993632611895,146.33188160368368,situp_down,322
160.8631844155455,145.3041347093934,situp_down,322
161.31483881598356,145.98457532762913,situp_down,322
158.5561749566423,143.9299840325906,situp_down,322
162.27424018296395,146.634568684917,situp_down,322
162.42127657410225,142.47917599302812,situp_down,322
160.13885850857986,141.6953388060359,situp_down,322
174.88603954646106,128.34182860496793,situp_down,323
163.1262713808657,157.70710071420427,situp_down,323
35.028030246681304,4.012089906873587,situp_up,323
33.48416248081926,85.66051402900878,situp_up,323
31.21348591890732,69.29009619885994,situp_up,323
179.7417098158461,176.4905667872441,situp_down,323
51.50538089214908,77.19756882958035,situp_up,323
47.08982524085081,90.6542194177059,situp_up,323
39.28385314755404,85.5319588010066,situp_up,323
178.28323752591518,122.1038957342424,situp_down,323
51.39215197020168,86.84789461200607,situp_up,323
62.89823815703253,69.06738856785465,situp_up,323
71.79606252003254,66.06557749451834,situp_up,323
64.38890402110614,74.25107547118313,situp_up,324
62.81169935037987,73.86257671712131,situp_up,324
63.11562379676376,73.95746628471613,situp_up,324
60.61879860762179,72.07058433285526,situp_up,324
59.95883154016696,71.93146488727149,situp_up,324
58.42355221158116,73.13500528345078,situp_up,324
58.45715600908705,73.46970369966441,situp_up,324
54.91368950769187,70.90736366241605,situp_up,324
53.682072496515055,68.85228952098264,situp_up,324
53.534284355832334,67.21429348173656,situp_up,324
52.12808253153131,66.59058296520388,situp_up,324
51.29006367242636,65.56390813092435,situp_up,324
50.04907833679354,64.79537481160465,situp_up,324
48.69288937650472,62.28882780761961,situp_up,324
49.36193562047405,65.36282059155602,situp_up,324
49.1667965234051,63.72084386106044,situp_up,324
49.09942946729598,61.88164952049095,situp_up,324
48.16051378179442,60.72323172349322,situp_up,324
46.601573605771705,59.2995537752361,situp_up,324
46.641599093673456,59.1748360351964,situp_up,324
45.515697217781856,56.975748618600015,situp_up,324
44.90782779266573,56.37791364807455,situp_up,324
44.539081010208605,55.28795981913405,situp_up,324
42.93557786654526,55.42731930483695,situp_up,324
42.75178550816057,54.9979520809058,situp_up,324
43.162261899072746,54.266039905843705,situp_up,324
44.42714910876358,55.47031888994288,situp_up,324
41.91463192111336,51.35157965033693,situp_up,324
41.8741382634699,53.1358014377669,situp_up,324
41.57924027306896,53.275312210841285,situp_up,324
41.00428325463691,52.31400161646097,situp_up,324
42.45279461370455,53.03964808275985,situp_up,324
42.23679185264086,53.89110078292047,situp_up,324
42.4785424899904,55.8012855489105,situp_up,324
43.55243134421185,54.24118254841186,situp_up,324
44.19419734554076,55.00030558825392,situp_up,324
46.99259757874504,56.44717902085814,situp_up,324
44.685914206630166,54.43069156082412,situp_up,324
45.76608371487299,57.56676137600719,situp_up,324
44.83941557394462,57.99479314077262,situp_up,324
46.66209530105017,59.63277873741109,situp_up,324
47.0625291597789,59.96511324904051,situp_up,324
48.18597651106589,62.74505275487382,situp_up,324
48.62808201751092,64.41326404215052,situp_up,324
49.16522829553544,65.50938896202669,situp_up,324
49.05873843575689,64.64456801023576,situp_up,324
49.75431476664549,64.50384851417692,situp_up,324
51.22571096817177,66.3629115697115,situp_up,324
52.16018625766152,66.60768218288861,situp_up,324
51.20861256852662,65.7683375004599,situp_up,324
53.76773179326736,68.07342417039274,situp_up,324
55.8395404144703,69.6093747931818,situp_up,324
56.9017059642971,71.04396283666064,situp_up,324
59.24443468354917,73.29682439522342,situp_up,324
60.04396675412608,73.66538067757288,situp_up,324
62.10542822424871,75.17017009865569,situp_up,324
62.05843585283279,74.36872437041345,situp_up,324
61.10376379152267,73.36469487660048,situp_up,324
62.6917063164444,71.87790731072671,situp_up,324
64.9448853407192,73.35326909805609,situp_up,324
62.98060707407652,71.6108944428229,situp_up,324
65.33123468320693,73.97332969330593,situp_up,324
65.07057247683188,74.07249701225847,situp_up,324
63.78408511122112,74.82207812432478,situp_up,324
63.42362441806792,75.14155798358853,situp_up,324
63.477459747277344,75.01539405743837,situp_up,324
61.75994154734488,73.3462934598991,situp_up,324
60.7397642317688,71.81429946159838,situp_up,324
59.66387300331621,71.69808865272813,situp_up,324
58.21400244084479,71.77324170882144,situp_up,324
57.29039379453494,70.09688188492768,situp_up,324
155.68942072156204,148.38024785793985,situp_down,325
158.57809202268564,151.0200842995799,situp_down,325
159.66635597517595,149.90501576698065,situp_down,325
151.58658617020592,148.9216114009336,situp_down,325
152.1419429934371,150.34021989819323,situp_down,325
149.71111627173232,150.7970636622886,situp_down,325
152.44329499183178,147.98587379603154,situp_down,325
151.33207654158616,151.93816105259538,situp_down,325
146.62097598283196,156.3534074981923,situp_down,325
149.13285484884472,157.8163155003351,situp_down,325
145.17846669628418,158.05943673088382,situp_down,325
159.05504113809323,145.30468204003063,situp_down,326
158.27938107314887,145.3583571863918,situp_down,326
158.2178161805632,145.60511137813702,situp_down,326
159.94712422466944,145.2322497137183,situp_down,326
160.3517101554914,147.08813813610828,situp_down,326
163.1092178987265,144.792376580601,situp_down,326
164.28744365084225,146.6159780534732,situp_down,326
167.49097638252846,148.58159450111003,situp_down,326
168.58009771986627,147.01688540126048,situp_down,326
164.98731171433673,146.9631132119955,situp_down,326
172.7657824515166,152.94114251072872,situp_down,326
173.0845690324141,153.1232267581529,situp_down,326
174.29796721426385,160.07512508611293,situp_down,326
175.1024477557723,155.70021562806437,situp_down,326
172.95492938326385,149.15157199416976,situp_down,326
172.7683070339101,150.9365231440164,situp_down,326
172.11813376415083,160.56400964547507,situp_down,326
172.578656843008,152.6404975127177,situp_down,326
178.8358821389105,163.64526455421924,situp_down,326
179.84028873217585,159.19295206134544,situp_down,326
176.42197121312168,164.43056855703725,situp_down,326
174.12717008613777,162.35242471554125,situp_down,326
175.83662326580705,166.78725976289533,situp_down,326
170.45891009211536,150.31165687224615,situp_down,326
174.58393040843373,165.22046812145751,situp_down,326
176.63197855220272,165.57585658830632,situp_down,326
179.53843693885713,162.66053686436058,situp_down,326
177.58926501733438,162.27735278219637,situp_down,326
178.02286312009244,172.56354987859848,situp_down,326
178.70471796065397,176.36790123022126,situp_down,326
170.08787961795323,153.83392518941875,situp_down,326
167.3210926319491,161.90421451730342,situp_down,326
170.85180690030143,157.10102950138435,situp_down,326
166.1200777246327,156.72701215840644,situp_down,326
161.0332505692192,154.0880050011929,situp_down,326
166.80550368484248,155.15778633901186,situp_down,326
158.6657403938837,143.96564790064235,situp_down,326
157.77803326621617,143.93206438858437,situp_down,326
160.04656209008908,143.30483115223706,situp_down,326
161.2948750596372,143.19874708822996,situp_down,326
161.46504475250953,149.3216504578742,situp_down,326
157.76670839853722,142.93010394023048,situp_down,326
160.48659418901053,148.3588727731953,situp_down,326
158.44241317535392,142.7865383256572,situp_down,326
170.52948382366165,146.9667444522468,situp_down,326
170.76057125196462,146.90325525467225,situp_down,326
171.0163762263333,150.8511533418359,situp_down,326
177.66608840428117,153.688224748702,situp_down,326
173.90072986247466,160.72026680789418,situp_down,326
168.59763148993974,162.5852574517665,situp_down,326
171.92073917043228,162.82686499136972,situp_down,326
177.0487103788104,165.34441197483443,situp_down,326
177.19308016173372,163.4669857858419,situp_down,326
178.45657266060158,159.70761776022644,situp_down,326
173.3264362447262,154.87733726232815,situp_down,326
166.12711302054484,147.38559362962482,situp_down,326
162.84220934986072,143.5347611703238,situp_down,326
160.81065491503017,144.81372230699702,situp_down,326
154.62686569927874,147.43231282033926,situp_down,326
157.57879738443214,144.3619000630929,situp_down,326
157.6179662966423,148.2246245318697,situp_down,326
166.7838160554168,154.08426406256825,situp_down,326
167.82583001119525,150.77126405161266,situp_down,326
168.67752389230245,154.72589921503118,situp_down,326
170.1719694638565,151.62032853151848,situp_down,326
170.35772185576116,149.0092800763523,situp_down,326
174.47766964047273,161.00376844424187,situp_down,326
173.63193080586942,160.11895860648244,situp_down,326
170.6572914959619,164.26408566660032,situp_down,326
179.3459457050972,164.81688649794629,situp_down,326
170.13855597196402,161.71451254860983,situp_down,326
170.85975946644547,159.1742753024126,situp_down,326
169.9204284028277,152.24802026599843,situp_down,326
167.718605289674,146.9982306267689,situp_down,326
161.6423589389194,145.18620795314197,situp_down,326
159.75091354940415,142.53066911465854,situp_down,326
160.50235093531776,143.5309466857022,situp_down,326
158.4454972266126,148.58578433686444,situp_down,326
157.40798119102078,142.66060987553664,situp_down,326
158.42885338557872,143.55485812763564,situp_down,326
158.71803238344094,146.3403259765389,situp_down,326
164.46879827716342,151.4551796809268,situp_down,326
169.94545809703877,150.42130063418512,situp_down,326
166.94911286132466,155.02272650592087,situp_down,326
173.74143319905994,160.6282920035424,situp_down,326
170.48627582038046,159.51599799384738,situp_down,326
173.2772491087905,161.18945562513397,situp_down,326
171.14009845840326,162.55429075810898,situp_down,326
169.1408945187592,160.8203519655213,situp_down,326
176.38637458973798,160.82807303572807,situp_down,326
177.1063970665606,160.43037294616414,situp_down,326
170.9549046656365,158.76745021117893,situp_down,326
176.16791994428075,159.18741510829224,situp_down,326
161.03744405750552,149.11459892055012,situp_down,326
162.36333433065286,147.12236513711716,situp_down,326
163.525732246935,146.6442265577486,situp_down,326
160.26693752766573,141.26422297951396,situp_down,326
156.19127101551575,143.87824374073506,situp_down,326
158.06116707072428,143.73877202610606,situp_down,326
158.2091617525641,145.85115270192833,situp_down,326
163.97383905459336,143.65465434627887,situp_down,326
160.57193804547964,145.19882442344365,situp_down,326
161.42672963694258,148.53263226092054,situp_down,326
171.2285948848016,149.00819003519658,situp_down,326
173.78049097330086,148.16273072745642,situp_down,326
174.03826287544388,155.89125307815974,situp_down,326
175.2566703302232,151.91568082076125,situp_down,326
174.8634443415221,157.67641879216131,situp_down,326
171.47564854842366,164.4428481168325,situp_down,326
173.36250195782333,159.42926724298508,situp_down,326
179.1630899661172,161.68357415814785,situp_down,326
172.77207052461347,164.40968622811232,situp_down,326
172.116184918556,159.48995344476165,situp_down,326
173.3246448929712,155.79187101062308,situp_down,326
174.6179099493909,149.16873197766742,situp_down,326
173.8774611244149,152.77193698497524,situp_down,326
170.4278925083881,147.93877646604713,situp_down,326
166.0842654510228,156.36847027419296,situp_down,326
172.11691841969605,150.21638469616522,situp_down,326
158.05794009438483,144.79192309831808,situp_down,326
159.79893803095828,141.65223006416264,situp_down,326
159.06533127788614,148.15345916338865,situp_down,326
158.17366025726207,147.01545066269546,situp_down,326
164.69217250259237,143.83527363135607,situp_down,326
35.4835813481067,73.84878129988876,situp_up,327
18.368141023378875,65.69610326160974,situp_up,327
12.442546202736246,64.00852959242397,situp_up,327
12.731753886995731,60.74021742442088,situp_up,327
9.420262813642491,58.02294164768518,situp_up,327
11.765751496694882,58.39844063532199,situp_up,327
10.6701168331858,56.41625276674404,situp_up,327
8.595000394870265,55.649069972918994,situp_up,327
13.088164349381165,51.34478099673809,situp_up,327
4.62758712810042,49.48097626368215,situp_up,327
0.8877690185038598,49.97733646540315,situp_up,327
3.9678117062148175,44.76477660591881,situp_up,327
14.921742652512185,42.73689053002795,situp_up,327
17.444650342960752,42.90061283524922,situp_up,327
23.953353167770405,44.98940394773873,situp_up,327
40.75947566377581,46.8728888980442,situp_up,327
46.13271125862811,46.44228888904971,situp_up,327
47.1095695634403,45.411399501508896,situp_up,327
62.74411043478985,60.53015703528473,situp_up,327
62.18877005952137,47.55332792108618,situp_up,327
63.3164083345326,39.86278649264268,situp_up,327
63.18978119204928,36.62215283394922,situp_up,327
61.36048371163762,32.9474537521228,situp_up,327
60.8394221363086,31.520664267836985,situp_up,327
62.42647156602706,28.630389625588183,situp_up,327
56.413793974588216,26.963653106853258,situp_up,327
55.17707078240191,25.538663491703417,situp_up,327
47.7173616564267,24.26084318224356,situp_up,327
46.72217985826423,24.329272186599148,situp_up,327
48.38081564974405,25.577938118948065,situp_up,327
49.90737110031508,27.09190989564047,situp_up,327
44.26006446035586,25.916936907064617,situp_up,327
60.800615903070685,30.61188322632894,situp_up,327
58.47318533640646,34.153207839831595,situp_up,327
58.6909466368159,33.624255304835714,situp_up,327
60.39294118168028,40.13913100930916,situp_up,327
61.69227987365428,45.01588516170215,situp_up,327
63.098586074858936,44.53781921187758,situp_up,327
66.1589296811394,45.91648853299955,situp_up,327
52.80481009519819,46.55053411986928,situp_up,327
55.07047638020646,47.917065586708176,situp_up,327
47.62724341419515,48.579050370427,situp_up,327
35.91675672154989,48.026491921623865,situp_up,327
29.335557282193044,49.39557621108441,situp_up,327
22.8750883005052,52.44534238159348,situp_up,327
12.327638399056278,49.769366108671385,situp_up,327
10.835689857983748,51.66362976471734,situp_up,327
7.411722803471902,50.26722411785023,situp_up,327
0.4724581037397403,52.672172672006525,situp_up,327
2.506790348075872,55.015307473179234,situp_up,327
3.904475545804795,57.13955102361418,situp_up,327
9.407521975068065,59.02201598511595,situp_up,327
13.79799701478738,61.94254477775807,situp_up,327
31.149855481908784,64.79269991677306,situp_up,327
8.43362279525511,64.01124381483157,situp_up,327
16.790791851235635,71.56898075029873,situp_up,327
42.47353438298014,78.48886468403208,situp_up,327
30.548079143816185,82.94344334217423,situp_up,327
41.20782470568832,91.47891458822988,situp_up,327
34.910100691596575,93.95233656595808,situp_up,327
19.51519679225096,74.70370909398254,situp_up,327
19.042687149437853,67.15816101001408,situp_up,327
23.76646447576981,64.53751660090909,situp_up,327
19.19672848752849,62.72274788895135,situp_up,327
21.762607435492704,59.61453178176828,situp_up,327
13.142223875246838,56.67185339705504,situp_up,327
13.41170647207011,56.34969792672723,situp_up,327
9.333146621994135,55.772072118096645,situp_up,327
9.947389517477058,49.08539313670733,situp_up,327
10.439191029076245,46.70506741960904,situp_up,327
23.85092947262038,38.449399916685564,situp_up,327
23.800605132466128,35.1016468851079,situp_up,327
29.42285329956741,41.707097479434175,situp_up,327
31.01153688143056,47.29528333917318,situp_up,327
7.910700476762462,49.74524125326819,situp_up,327
17.83649356846752,46.53964917914813,situp_up,327
22.867615789643715,43.993085796524674,situp_up,327
28.17044531865192,41.66182763873564,situp_up,327
46.54210450858004,47.23374913094644,situp_up,327
44.4793684721235,35.855264418483586,situp_up,327
38.02141861221475,37.10136399858698,situp_up,328
37.48028656032498,36.85230796455554,situp_up,328
36.66749042413042,36.55071996416808,situp_up,328
37.69056324613906,43.23929981423005,situp_up,328
38.24010517962953,40.7416752134275,situp_up,328
37.74643804844932,37.5427333072118,situp_up,328
38.512881210343,39.899375538709066,situp_up,328
38.62497543464373,38.834647709333865,situp_up,328
40.39355796042624,47.825360332293,situp_up,328
39.96130950594845,40.763792276946994,situp_up,328
40.140298568441374,42.99246477236286,situp_up,328
40.392032410549255,43.35150848741186,situp_up,328
40.673929740251445,44.713674701905,situp_up,328
44.80117880193942,51.00557404337537,situp_up,328
43.443123038502016,45.246143687162224,situp_up,328
45.67396774734619,48.2017519731269,situp_up,328
46.24506340770463,46.68335196210676,situp_up,328
48.500993474212656,48.63004679628008,situp_up,328
49.15850034606476,50.90942307761844,situp_up,328
47.59079421487333,48.5481230695989,situp_up,328
50.963894150593326,50.17121895238747,situp_up,328
50.88771000212225,50.87899300040476,situp_up,328
54.55126410056761,57.56531932103086,situp_up,328
58.90693144059849,61.1426030455044,situp_up,328
57.67430125783129,60.27882930176703,situp_up,328
56.634373745967935,60.20150598525805,situp_up,328
58.14395414645433,59.86641233721837,situp_up,328
61.12575080588672,62.08303915147676,situp_up,328
64.47167812235848,67.93799392859042,situp_up,328
65.12778870123857,65.51241601609316,situp_up,328
62.92172773797329,61.106038918125805,situp_up,328
60.55720233093114,58.67951965488199,situp_up,328
58.961512677214166,55.71686815950019,situp_up,328
56.79061517396028,52.95183117764483,situp_up,328
52.583543356808654,51.03504686865372,situp_up,328
47.929134708021294,48.165678158206056,situp_up,328
47.55849637369442,47.19519662130958,situp_up,328
45.24849437940154,45.11146540907981,situp_up,328
43.37137303595918,43.20394223478324,situp_up,328
42.65962117868479,41.85741577053794,situp_up,328
41.83723397154501,40.67293217351083,situp_up,328
41.00271099751243,37.71939703373315,situp_up,328
51.34126864441028,39.15147674607144,situp_up,328
47.88626006460677,38.17381429614891,situp_up,328
36.589527704006535,34.85446247318252,situp_up,328
34.75580383873228,32.43860344237152,situp_up,328
34.004389362028704,31.76386445172359,situp_up,328
32.312246710367866,30.51921038369685,situp_up,328
32.98082474323208,31.88426998412863,situp_up,328
32.79982417649467,31.641444516874195,situp_up,328
31.615085285510045,31.52890194902021,situp_up,328
31.392779146649463,30.968928645616757,situp_up,328
32.30652533584501,31.62886980965163,situp_up,328
31.199617531925664,30.941213482308903,situp_up,328
31.33434851853536,31.075943452550923,situp_up,328
31.97528614904997,31.6584049664922,situp_up,328
32.02521559769392,32.28328098286912,situp_up,328
32.643302335569686,32.66033669707438,situp_up,328
32.484184118021425,32.28919682875127,situp_up,328
33.63177472485033,33.539438916044574,situp_up,328
32.72581939039298,32.49626814830161,situp_up,328
34.21715029953278,34.115409035634514,situp_up,328
37.874776260899175,37.83909204446905,situp_up,328
38.71543999667382,38.851795541732336,situp_up,328
40.0471617060897,41.23508201400655,situp_up,328
41.399524214821504,40.951794843966944,situp_up,328
43.4620657595974,43.09487805118184,situp_up,328
43.79063797329706,43.908259221837895,situp_up,328
43.86592706907244,44.41180118889128,situp_up,328
45.44050357521037,45.27396441439247,situp_up,328
48.31426782271097,46.6148304916697,situp_up,328
48.56504103665313,49.56536454417755,situp_up,328
52.37889585229856,52.139237719792106,situp_up,328
55.17868925752649,54.913555141536776,situp_up,328
56.47988230609071,56.66330975469278,situp_up,328
57.73092135188272,57.95307058020476,situp_up,328
60.27090928438586,60.091795108340825,situp_up,328
63.73706086361398,61.50059878150935,situp_up,328
68.0819435310095,65.22934813692027,situp_up,328
71.33189134877827,68.4974876400876,situp_up,328
69.57927998861156,68.91121324880307,situp_up,328
65.81132814109,64.06901641765498,situp_up,328
61.13040556522186,59.092453420591,situp_up,328
59.81789764664016,57.87890321337051,situp_up,328
58.55029174438906,55.22983743080346,situp_up,328
55.80859203162252,53.39984193669344,situp_up,328
54.48810013692832,51.36584382162374,situp_up,328
48.68257529391839,47.44644710517485,situp_up,328
47.593616673802735,45.26944334904268,situp_up,328
45.42124197015498,43.01116456922818,situp_up,328
42.18699541259768,41.6461643836417,situp_up,328
41.24976867024942,39.739484225181634,situp_up,328
38.799595177420585,37.832103138803056,situp_up,328
37.45695068314387,36.88752348553873,situp_up,328
36.6759717919886,35.70886702978252,situp_up,328
36.94688544251557,35.47247325690822,situp_up,328
35.72775744815932,35.06595073110096,situp_up,328
35.30873353772344,33.9522695424849,situp_up,328
34.30859566649697,33.69843518725822,situp_up,328
34.03956218525336,32.54816704166966,situp_up,328
31.918248453789133,31.844110225934248,situp_up,328
31.95666021506282,31.5631984796342,situp_up,328
32.02656978146404,31.46668017811701,situp_up,328
31.92222369293489,30.80586094560622,situp_up,328
32.216598031867505,31.466999400990296,situp_up,328
31.75420127780503,31.78877220282887,situp_up,328
32.31567259720265,32.16942893820625,situp_up,328
32.701089149967885,31.97390041277537,situp_up,328
32.75670869616465,31.94665944647108,situp_up,328
33.06002646396507,32.17123202317937,situp_up,328
33.05836915828859,32.2823124404658,situp_up,328
34.93042858330989,33.26202799433497,situp_up,328
35.28527238431468,33.99648845189324,situp_up,328
35.144814027081445,34.372747578439096,situp_up,328
35.99238457298824,35.92075400222996,situp_up,328
36.283876106630935,35.642641946191034,situp_up,328
37.381249511681766,36.81197813563082,situp_up,328
37.93446873023396,37.2155114373044,situp_up,328
38.621631762124885,38.689317067661335,situp_up,328
40.41719536029247,40.73137972050531,situp_up,328
42.10633428808977,41.869534623761176,situp_up,328
43.42494680669027,43.53384964054542,situp_up,328
44.76902093636653,43.489803023980535,situp_up,328
45.82115383328974,45.82248679515745,situp_up,328
47.13466370764952,46.904290570407646,situp_up,328
50.85763305683055,50.34422253729207,situp_up,328
52.34666546375848,53.16074299729397,situp_up,328
53.87690437521417,55.06464891075049,situp_up,328
55.5252768019182,57.26053339968235,situp_up,328
58.886112445836496,59.83897065158417,situp_up,328
62.37269759460897,62.93897889379792,situp_up,328
62.5431142678536,63.75644319204875,situp_up,328
68.00568296998013,67.97905489101672,situp_up,328
166.78530985218617,169.73311384574748,situp_down,329
168.21142990055128,174.660190893742,situp_down,329
165.44427898706024,178.20285421704855,situp_down,329
172.3997924624679,168.4466753930814,situp_down,329
162.10713899595203,173.47927193516563,situp_down,329
161.08648225032206,174.48127214504467,situp_down,329
165.2611019049533,166.81997536852683,situp_down,329
161.76189021500974,170.00646938265615,situp_down,329
161.55358243857555,169.3797896857995,situp_down,329
155.8186059955809,162.76671745276633,situp_down,329
164.3105669618664,160.76029628217918,situp_down,329
165.27340695776445,164.15779213873412,situp_down,329
171.39956882631424,165.7925205220926,situp_down,329
175.9821287784386,176.69247636907525,situp_down,329
66.02822986700649,54.40330214039324,situp_up,329
89.94034608290599,47.04386137149822,situp_up,329
59.72311652508243,47.85719588769155,situp_up,329
153.09102425676892,148.046978645841,situp_down,329
154.982475106856,172.28073487442774,situp_down,329
166.66019842791687,171.40574658925814,situp_down,329
170.16871354068908,174.8197270529313,situp_down,329
164.05358974323252,173.61281379795443,situp_down,329
170.75498671313736,166.0424358190472,situp_down,329
168.7373625702433,164.8350851777008,situp_down,329
176.39288995985734,174.29997416291565,situp_down,329
163.77624228507847,166.92826389678385,situp_down,329
166.85144229796424,171.64230996823858,situp_down,329
159.80663973605022,161.76433929926938,situp_down,329
165.27420569676082,162.30182051415682,situp_down,329
178.8703202021216,172.5623686232281,situp_down,329
176.8234871402678,177.55752683543687,situp_down,329
173.9695281943664,155.17105844273604,situp_down,329
129.2578759380767,172.13497475746962,situp_down,329
167.88039491095185,169.8974392117467,situp_down,329
164.270384848965,170.9045667258322,situp_down,329
168.57180919596772,168.07489742665612,situp_down,329
164.49382485450775,161.8879627168833,situp_down,329
158.12450597111268,158.283336042534,situp_down,329
155.87185304510788,155.7938215006479,situp_down,329
159.9144370904255,164.39774030814863,situp_down,329
164.11109850747448,169.94225110127428,situp_down,329
159.93019626129256,161.99913810705917,situp_down,329
165.45772772841164,161.47358424067266,situp_down,329
165.8274373815568,161.39311366734,situp_down,329
175.51437881631622,171.5030224563215,situp_down,329
179.59164080819622,175.28798297563483,situp_down,329
70.95924042430755,68.78572839886047,situp_up,329
62.41542519427143,53.65683887051859,situp_up,329
73.63613023335324,64.0941173981931,situp_up,329
89.45682446679803,48.980940635193086,situp_up,329
164.42789357194798,171.14828408305584,situp_down,329
164.5262184753388,173.66075030020195,situp_down,329
160.90472650983347,165.82747367190893,situp_down,329
166.6739872031985,176.4736333271406,situp_down,329
174.87291227719643,170.50966561428777,situp_down,329
161.00000866144185,173.6271669751841,situp_down,329
161.4050490578591,172.24670307332832,situp_down,329
166.57641281833045,167.21323849875614,situp_down,329
164.53577507319005,163.556303975643,situp_down,329
160.8003417281426,162.02471844073028,situp_down,329
167.32532573714127,163.41054138668318,situp_down,329
173.10968852650618,172.03403685187828,situp_down,329
175.55921786952285,176.21090567877957,situp_down,329
86.78285501108485,50.559286056774376,situp_up,329
65.998533738696,60.37233700410764,situp_up,330
54.13458714808913,62.13619439801026,situp_up,330
47.50037548963422,48.62642841987583,situp_up,330
35.87619946117503,43.89528808110597,situp_up,330
34.427539562434475,40.841562013166666,situp_up,330
20.8762825802916,38.50141296582336,situp_up,330
15.459925244641564,31.696816061728185,situp_up,330
11.941990934744055,20.404308472642256,situp_up,330
14.56418553274616,30.926826197162384,situp_up,330
14.02989377987061,13.614955826854544,situp_up,330
9.321101831539895,11.993076400951352,situp_up,330
9.43864543908258,15.348006955504289,situp_up,330
11.537670082606324,15.10271125694234,situp_up,330
12.60427440643841,15.425559844489076,situp_up,330
15.474759204590647,18.72138147141204,situp_up,330
15.840886439512936,18.915159058779867,situp_up,330
17.372843810075686,18.44009908785601,situp_up,330
19.208270231227424,19.720560457659012,situp_up,330
23.04817604363139,21.270038606548365,situp_up,330
26.763449249753556,27.07417832229693,situp_up,330
28.37726811275018,28.52015542350285,situp_up,330
30.754195890693666,32.31916137279302,situp_up,330
34.99441326443156,38.31572027327013,situp_up,330
41.33988700978699,45.430277190957895,situp_up,330
42.05496873560298,41.47192104013397,situp_up,330
49.10111345286691,44.59924690868394,situp_up,330
54.95695808648424,45.836758427324185,situp_up,330
60.64146669032653,52.10131104477392,situp_up,330
68.90041774559842,65.87218813373988,situp_up,330
152.97999443085206,154.58875848980142,situp_down,330
160.03967399083993,157.81522218521093,situp_down,330
166.93026105880764,166.5723937680444,situp_down,330
163.66869939103262,161.33446151357415,situp_down,330
164.47286995571153,165.64424764200135,situp_down,330
168.65321006798433,166.69921913256667,situp_down,330
170.19586855857625,167.0939767660813,situp_down,330
171.96423729678685,168.3237168008276,situp_down,330
169.56400448080862,167.69961855476143,situp_down,330
170.02597847715242,168.33410396021728,situp_down,330
168.3787623583862,168.1778068800149,situp_down,330
169.14715427294334,168.2192370671593,situp_down,330
169.02595206240065,168.62805766585038,situp_down,330
169.81454046021508,169.34245203862903,situp_down,330
169.2984345664432,169.01935813465377,situp_down,330
170.12476183739224,171.1318559011222,situp_down,330
173.54900267533375,172.46967429524616,situp_down,330
170.27918726287987,169.09482615506903,situp_down,330
168.52892667353854,167.00595720097286,situp_down,330
164.59916512503492,161.5166256981373,situp_down,330
158.51142974685362,160.01557508865304,situp_down,330
61.24750458253419,63.35447622612588,situp_up,330
53.40924164033015,55.35744266478201,situp_up,330
45.68860527538118,49.99258483806375,situp_up,330
37.72238248495398,39.44345669614325,situp_up,330
33.97951422891617,31.57150334559026,situp_up,330
28.63275621290364,30.06282505071012,situp_up,330
24.34895061248283,24.962688244961832,situp_up,330
23.056219226153267,22.770565590290367,situp_up,330
17.33370125925843,18.69501394594427,situp_up,330
18.00954992237714,15.676295717067656,situp_up,330
15.040521592285543,13.374453625936988,situp_up,330
14.810265092732836,15.661975436040576,situp_up,330
15.643509979331132,11.559802008856446,situp_up,330
18.210471216253207,22.122553567246115,situp_up,330
23.618230972538857,23.71927502467489,situp_up,330
37.82035730053658,47.98949255126112,situp_up,330
42.574776328044194,45.90138906619483,situp_up,330
49.34155810653097,49.22020522762768,situp_up,330
57.88957781928905,58.0664680482752,situp_up,330
65.6324441862868,67.07368721862531,situp_up,330
8.857056466812448,17.959336834139442,situp_up,330
20.540939468293463,27.525780868192477,situp_up,330
17.78341172801265,20.731608061597832,situp_up,330
57.613056367260434,43.93739030874714,situp_up,330
15.576263167281136,19.434344594632165,situp_up,330
13.974873128592677,25.520645103719005,situp_up,330
19.066192914380405,23.71501863168928,situp_up,330
38.22712066207525,28.434659416269454,situp_up,330
65.99619466106468,67.43012317700686,situp_up,330
56.54191613085158,53.85510183244575,situp_up,330
39.94460838732563,47.80933538587362,situp_up,330
32.158567176027674,44.626461824516646,situp_up,330
23.382655380449236,35.01364759202349,situp_up,330
18.35848038706288,31.42308802951,situp_up,330
12.594962161322472,22.20288334794895,situp_up,330
10.490601803095368,23.3848655217074,situp_up,330
9.817321960863856,21.237186523695215,situp_up,330
11.064493427172591,14.463405257429052,situp_up,330
12.29046098136586,12.446414474894556,situp_up,330
13.661385274774933,16.918331531584,situp_up,330
15.571255942569058,15.379091764804452,situp_up,330
17.50337761093331,17.0742276167206,situp_up,330
20.405267310375105,18.29308243959022,situp_up,330
21.389569885307058,21.36720539449591,situp_up,330
23.43725727274802,24.769179779564432,situp_up,330
26.740889974454547,28.21688093783296,situp_up,330
29.696083888360302,30.12070123715353,situp_up,330
33.73285963527513,34.57638514592986,situp_up,330
36.63210206472832,37.72041270332454,situp_up,330
42.12268978347703,43.56979588928681,situp_up,330
48.95174412540763,50.1659787379233,situp_up,330
55.50359720390696,56.65361375142476,situp_up,330
64.9554957794652,66.29211144897204,situp_up,330
163.1755434089277,161.3732390550031,situp_down,330
169.42766026298548,167.04566579971694,situp_down,330
174.27025815500429,171.99531741945057,situp_down,330
174.04084287547337,171.3151943001573,situp_down,330
175.20351798046786,172.90432154791017,situp_down,330
172.8686086129837,172.72450778736308,situp_down,330
172.915542523609,171.48984811306673,situp_down,330
170.22730728610097,167.9109317256165,situp_down,330
169.6571649598544,167.8644249935487,situp_down,330
167.19594705809192,167.12458136648343,situp_down,330
173.67759128218495,172.77341380404644,situp_down,330
173.7988533914535,176.39577961956044,situp_down,330
177.11800289277804,177.45497293797695,situp_down,330
174.39969020069782,175.63052434508438,situp_down,330
174.99290649837306,175.37574097621638,situp_down,330
171.0892920620611,172.08386111420964,situp_down,330
165.8658944805564,172.83443654071408,situp_down,330
164.99792691332837,173.3626629044827,situp_down,330
158.84863553694078,177.07292804588724,situp_down,330
158.94665835389338,176.4424073187077,situp_down,330
158.10264198320718,178.94026623549715,situp_down,330
160.77419842763547,178.9261273498781,situp_down,330
159.97824270978734,179.17618331983775,situp_down,330
163.48097743136628,178.90561698240842,situp_down,330
167.00440810296217,178.0995501928011,situp_down,330
169.57893166394751,176.83084715767217,situp_down,330
167.08137550266952,174.51313020258,situp_down,330
160.3915350271427,167.76193566927884,situp_down,330
152.4091974000813,151.5038462757256,situp_down,330
67.29842485918454,56.272568144072864,situp_up,330
59.92525901933743,49.832613937818,situp_up,330
53.84194899654142,42.72628078633522,situp_up,330
48.27482860514164,37.27173369872162,situp_up,330
43.81123340903105,35.87227645535506,situp_up,330
36.4445670529358,29.358043689171115,situp_up,330
30.1961674800336,23.15808393472748,situp_up,330
22.531242531285244,22.049198297325745,situp_up,330
21.930184666626094,25.752111204419545,situp_up,330
17.749449590107545,18.24943205396244,situp_up,330
4.1922913175677685,22.439505476682232,situp_up,330
3.867031664851832,15.2138188894196,situp_up,330
10.993487066614302,18.34517242463748,situp_up,330
2.535688788710482,15.1414966975713,situp_up,330
21.74966216408264,21.203171255432128,situp_up,330
6.193968813796707,18.573761475987084,situp_up,330
11.3051941432653,18.63924839966653,situp_up,330
5.510647979145414,31.595800607593752,situp_up,330
12.441821053725231,33.20840417745176,situp_up,330
10.32507099663325,37.88442113067674,situp_up,330
26.433955775884,33.145954041275665,situp_up,330
2.922272504415488,40.08769117064501,situp_up,330
9.58545978745731,42.37340247844027,situp_up,330
13.231563556920776,48.21072325459511,situp_up,330
47.39569544175027,55.0462936712832,situp_up,330
32.714453951646576,56.99744016264557,situp_up,330
32.827092607439795,56.86092784724891,situp_up,330
37.481912230547,59.455675510535215,situp_up,330
43.35474078521433,61.26247709421599,situp_up,330
47.78107467726582,68.85021627645463,situp_up,330
54.04886839866244,69.76825905437157,situp_up,330
58.19299101818615,73.31377906508996,situp_up,330
62.29864486709017,74.86283013004574,situp_up,330
51.24851878869096,40.73928278308882,situp_up,331
47.28406222964926,40.28430540751455,situp_up,331
63.20699200532179,39.305134881312185,situp_up,331
74.08042024121227,46.2380648753401,situp_up,331
67.7003824375075,46.816415107060166,situp_up,331
62.93620192516758,42.32864714325821,situp_up,331
64.719052996784,43.91277156321516,situp_up,331
65.59377507351319,42.30344887174925,situp_up,331
79.43301445976815,55.88259885257733,situp_up,331
80.66291169726452,57.860569522793725,situp_up,331
81.33437946661279,57.0638794897102,situp_up,331
70.97223583962004,49.98241197653786,situp_up,331
69.80777706750891,47.57524763197548,situp_up,331
64.43280797016766,62.250921052045136,situp_up,331
57.78184688840741,60.11341874706825,situp_up,331
56.76584037302287,55.5574049034464,situp_up,331
41.76784475852621,65.1846671295841,situp_up,331
43.061664743839856,67.265248102587,situp_up,331
43.17606135940279,66.84406922220259,situp_up,331
40.96402427672986,62.62178451889689,situp_up,331
40.17992392439413,61.99639289406444,situp_up,331
35.50509859459924,60.84016244869915,situp_up,331
36.73226883123637,61.43075533717505,situp_up,331
47.14512989005223,65.10781379884796,situp_up,331
47.436731361247055,65.47333083277935,situp_up,331
47.56021264485033,65.45301892489104,situp_up,331
68.80210013989452,37.33087966496152,situp_up,331
66.30957261714359,37.877363160237685,situp_up,331
77.98944341763281,40.256473595943,situp_up,331
81.98188738134422,43.590238154225375,situp_up,331
77.75423363352455,44.38432079404383,situp_up,331
68.07312675905098,43.248081090002245,situp_up,331
69.0864559414038,42.837521021115485,situp_up,331
54.108513162686165,53.89670726464431,situp_up,331
49.93762467696256,64.71964199477716,situp_up,331
52.166216665287855,64.82129044043035,situp_up,331
47.20081578422451,67.01030440526944,situp_up,331
43.07924466557444,64.38391567966836,situp_up,331
42.31612521654647,64.04250862280117,situp_up,331
47.33285050990601,50.73936313301404,situp_up,331
47.29039490637801,51.39897668659816,situp_up,331
43.28239241889813,59.67407469801578,situp_up,331
39.01091356400054,55.55580939778568,situp_up,331
41.91018503206589,53.015932948958806,situp_up,331
40.27433936105739,50.1531381245404,situp_up,331
42.08902617650763,50.45333947443461,situp_up,331
44.99977129589202,32.13256841472422,situp_up,331
44.82153504009644,28.79241929405055,situp_up,331
41.598838973555694,60.16246740321559,situp_up,331
48.033310662780806,56.40121048602896,situp_up,331
47.905351366675774,57.177509420907874,situp_up,331
45.9147529026327,38.34613608249791,situp_up,331
52.0331430318213,41.213902494188,situp_up,331
51.5285279132916,41.14225477721092,situp_up,331
62.187437135457,49.76429697480124,situp_up,331
60.98525637123203,50.4582647350427,situp_up,331
72.73471647413385,56.120070168953134,situp_up,331
73.50343983455166,47.37698765403689,situp_up,331
71.60619375809604,51.77475377759092,situp_up,331
71.67220019845432,61.10445768223693,situp_up,331
48.58426278265545,56.45557697975829,situp_up,331
51.93596462411181,64.82107446675764,situp_up,331
50.17212580788862,64.30709520223134,situp_up,331
50.12497367587356,63.77496601222305,situp_up,331
46.20207709888923,58.6245273728637,situp_up,331
45.00238632042507,60.05196311570674,situp_up,331
32.61816896273934,40.52513318002845,situp_up,331
30.66344177872813,38.77761440441186,situp_up,331
33.73626686028605,54.05620446946457,situp_up,331
31.031019295770147,39.89097799130827,situp_up,331
29.578288510754174,36.98471838923736,situp_up,331
30.273892278918243,39.60348059829133,situp_up,331
44.94154485213036,46.68111348046657,situp_up,331
40.72273216490125,48.93480476459931,situp_up,331
41.62195627708293,57.37544949919219,situp_up,331
59.009500807438855,59.75847186216473,situp_up,331
59.5351396119344,59.51766496076242,situp_up,331
61.43807459899412,58.07081182825453,situp_up,331
61.01980102744512,58.32452980746188,situp_up,331
62.18802074849469,51.88129326132316,situp_up,331
68.03094120043203,47.6819492662472,situp_up,331
80.04368644980596,51.43080358674408,situp_up,331
84.17663161270544,53.64288759033288,situp_up,331
78.8091649273836,54.64567664671321,situp_up,331
81.07637065528205,55.46050720905187,situp_up,331
68.72680037467049,44.34662009800632,situp_up,331
66.92246946610103,42.48504471306688,situp_up,331
69.46288224842185,50.08917421622373,situp_up,331
68.55970158643545,53.90156969839916,situp_up,331
51.57707728768832,52.56252045235797,situp_up,331
57.127309205333496,47.5471743042149,situp_up,331
54.52983946184161,42.16817804775707,situp_up,331
50.79589821627618,66.42027335865791,situp_up,331
50.551067873888265,42.17326485493669,situp_up,331
49.256192767330575,43.95979098499652,situp_up,331
51.96128849378873,47.475419920177,situp_up,331
52.22584148971636,46.73852659954727,situp_up,331
52.509878897936936,47.25763695287424,situp_up,331
155.8808268955135,152.829975808486,situp_down,332
154.33637430264343,155.242396764159,situp_down,332
155.51425237283456,154.3318018834891,situp_down,332
155.75599038944355,155.3948727521751,situp_down,332
157.00382553789325,150.83491629392714,situp_down,332
156.77201544201216,143.66630597285166,situp_down,332
156.73574982054822,145.19043468794948,situp_down,332
156.31044440185315,145.17319156983726,situp_down,332
156.7953656395477,147.05900034904602,situp_down,332
158.87166960356944,149.67935665476574,situp_down,332
159.55236979093138,148.2721011264925,situp_down,332
158.95237438697302,148.20148523110598,situp_down,332
157.6314658460405,148.38495463007226,situp_down,332
157.3535223410646,146.642660391563,situp_down,332
157.37746028487135,151.76978036454338,situp_down,332
157.00061608755206,150.17714024863668,situp_down,332
156.1587013817217,152.5021819474434,situp_down,332
158.764670836692,153.0075404368998,situp_down,332
157.82008645872986,151.66884911886402,situp_down,332
157.35493605699773,150.83730475193494,situp_down,332
161.03747699453712,153.1030313130385,situp_down,332
160.2493828533085,149.68193577415954,situp_down,332
162.6081495625663,151.70666122666276,situp_down,332
167.18417148572223,156.0015791570355,situp_down,332
166.8407935527739,156.7498671509051,situp_down,332
167.67325972027518,159.98131060015976,situp_down,332
167.70260709990768,158.85261176731404,situp_down,332
170.01990500383863,155.83369706361265,situp_down,332
168.9025270014751,156.4860202751248,situp_down,332
171.44966276516195,157.72267268694472,situp_down,332
170.2175343858275,152.8764232759706,situp_down,332
170.31356839341842,156.06533177640398,situp_down,332
171.59526514484116,158.07106024281865,situp_down,332
175.92513321745173,163.22299706909763,situp_down,332
174.23608192423418,159.04497285171826,situp_down,332
176.32054191898524,163.10670727918406,situp_down,332
177.8265416125748,164.8123376023431,situp_down,332
177.8654411853313,168.64066940675468,situp_down,332
176.6169068738592,161.18862157537183,situp_down,332
176.013513562514,161.28999658998356,situp_down,332
176.51744363391936,161.53132140239907,situp_down,332
173.776218395457,159.95245441816687,situp_down,332
177.94327807214313,166.51162367501297,situp_down,332
176.84355181618162,165.65826470624805,situp_down,332
175.19382775886004,162.68933516425685,situp_down,332
176.2103079923598,164.54174885667433,situp_down,332
175.3651971700952,158.51767239405447,situp_down,332
172.10459574568503,158.50924732112082,situp_down,332
170.90026289013716,159.21933299165528,situp_down,332
175.86831765067055,163.4545313254579,situp_down,332
175.49147475459932,158.98650657497362,situp_down,332
172.0814109498388,159.18328272256932,situp_down,332
169.66215048237038,159.73582309703272,situp_down,332
164.73246571816122,156.09295713690315,situp_down,332
161.237485751994,149.99188777897254,situp_down,332
156.72660693323078,145.1534607117162,situp_down,332
175.82951916029853,176.9439566343405,situp_down,333
171.64718611925878,141.53768025426845,situp_down,333
100.05974006619176,39.90710060118437,situp_up,333
87.86400455253988,48.53724177866901,situp_up,333
66.27967349291293,46.93573485543376,situp_up,333
65.17120106865212,43.49250110453107,situp_up,333
71.97543192991486,59.50948310925949,situp_up,333
85.1813158062767,52.85064968178625,situp_up,333
89.43957125771632,50.33403342467094,situp_up,333
89.08923707275868,33.9863298021601,situp_up,333
158.18511605252394,161.45128165605706,situp_down,333
151.34882569899273,158.50752510810622,situp_down,333
168.6685423340305,176.9448022229803,situp_down,333
165.2333593777363,144.7939142539422,situp_down,333
153.03093745961883,150.87152174701558,situp_down,333
178.02348580922478,158.41415822812428,situp_down,333
178.29675973511158,166.60217748412296,situp_down,333
162.07720341304625,158.20541466440793,situp_down,333
161.54020028387504,167.63134464347343,situp_down,333
160.5505967551947,162.87838651368193,situp_down,333
160.79599774412844,158.4147997374001,situp_down,333
169.81219054712986,159.40979958380927,situp_down,333
177.5968014594349,132.10004928785708,situp_down,333
178.32465817845105,159.6713354072305,situp_down,333
172.90183773488968,148.27512515497588,situp_down,333
176.4426417288093,159.39037570621048,situp_down,333
172.60198605732273,128.33421910077445,situp_down,333
81.70772047444746,49.39423949634963,situp_up,333
95.77471826384874,39.98718391557772,situp_up,333
74.40209598155212,44.70652014878409,situp_up,333
80.38385014910477,57.281796923770855,situp_up,333
69.41643847155524,43.07195911646878,situp_up,333
79.52756122170007,42.03765622001795,situp_up,333
75.1450735985793,42.72631137592285,situp_up,333
81.33065783621703,37.805637607023606,situp_up,333
81.89902019604179,37.23797130291744,situp_up,333
71.96328176373652,33.204140431789725,situp_up,333
70.09001239929069,46.92828923279269,situp_up,333
83.19457742863261,49.49237722168439,situp_up,333
77.73168342396788,55.17596706605784,situp_up,333
155.74335741128377,172.3967333165357,situp_down,333
159.62985787551895,150.36135287485314,situp_down,333
162.49175450390555,160.9529580242635,situp_down,333
160.96738026831696,162.24299806757026,situp_down,333
156.000215432223,165.06117093573152,situp_down,333
156.02210310743615,161.1448733977306,situp_down,333
162.54730491514118,163.21859938959577,situp_down,333
178.86738434824437,130.227012499111,situp_down,333
177.65660019604937,165.9140573338489,situp_down,333
179.29652516691846,170.97302625828675,situp_down,333
164.2054680241417,179.37115439241686,situp_down,333
157.7734055654915,148.44487518103423,situp_down,333
54.98142641686797,40.01626791310509,situp_up,333
60.60957089782126,41.86394399517792,situp_up,333
68.56602830995129,46.5022517017406,situp_up,333
170.4271537031472,176.20054873357617,situp_down,333
171.05144809752468,168.3675257028522,situp_down,333
178.24794690553858,159.80097633250045,situp_down,333
155.3801115035658,154.20339683498642,situp_down,333
74.64790732547591,65.05922184328429,situp_up,334
73.45487122945755,64.79221194536153,situp_up,334
72.016985825047,61.01652676586258,situp_up,334
68.85429415694492,58.516268351352736,situp_up,334
64.23328639174999,56.982126869597096,situp_up,334
62.79992442978159,54.93787141244341,situp_up,334
58.897673186029074,50.55554397481136,situp_up,334
50.00077729010423,49.74559986881381,situp_up,334
57.95461470873573,54.66273304555756,situp_up,334
58.66875924556045,53.35826836754756,situp_up,334
60.00069294478061,52.82061957597292,situp_up,334
59.53519921151676,52.43986093446484,situp_up,334
57.60552470457564,51.93074802076703,situp_up,334
57.96054139477518,52.45613793123857,situp_up,334
58.76333437863523,50.8389132825652,situp_up,334
61.334958348532666,52.05680252436533,situp_up,334
61.0479441025365,52.44279835653736,situp_up,334
61.76620250001847,55.79132239313616,situp_up,334
59.02222388260793,54.38068605896229,situp_up,334
59.65526442345457,56.65943769245015,situp_up,334
60.462623045387154,55.58125218335009,situp_up,334
60.01892546655335,57.35564975942359,situp_up,334
62.34563048432516,60.27522248632082,situp_up,334
61.984933163887,61.72922540076088,situp_up,334
64.27630210252278,66.36060706012172,situp_up,334
65.1934692865358,69.82837828079032,situp_up,334
67.52177026296353,72.27257853968888,situp_up,334
69.28664028209965,70.62521090665358,situp_up,334
152.81813521057438,149.221027241398,situp_down,334
146.10814338196485,154.16299964811523,situp_down,334
70.78599391729821,65.76465954749808,situp_up,334
68.76847132196399,63.84621888658087,situp_up,334
63.93767920369861,67.00173231436352,situp_up,334
62.39816502001148,71.26665509592239,situp_up,334
70.56262021408982,65.36196552480601,situp_up,334
67.48700202393967,62.21318729594624,situp_up,334
64.51255345434635,62.487186435258224,situp_up,334
57.237246810972685,57.63776504827873,situp_up,334
55.41768310089599,56.14106662098936,situp_up,334
54.11952019228642,53.59673974167967,situp_up,334
53.22627618610812,50.34582303108653,situp_up,334
53.66565371441928,50.70403943602017,situp_up,334
53.77600806274239,51.2932126224613,situp_up,334
51.82901960392826,48.65741205915052,situp_up,334
52.6147090069101,47.41846490549129,situp_up,334
50.65480505754663,46.22982003543788,situp_up,334
52.6920649391866,46.98121948340691,situp_up,334
52.670060449237376,49.18325417592767,situp_up,334
51.40253242574985,46.269853311411,situp_up,334
54.51005651390843,47.36853421819632,situp_up,334
56.479721742786005,49.02058691242812,situp_up,334
57.07776625391724,51.45014062306795,situp_up,334
56.89541769303753,51.4086370275668,situp_up,334
57.11097697606927,53.43305600092116,situp_up,334
57.57114339343422,55.70250135407361,situp_up,334
57.777106856647016,58.21697471491321,situp_up,334
59.7059856078612,61.10108237310728,situp_up,334
65.8610782738478,67.22965879860323,situp_up,334
69.7536488984002,67.81784106035923,situp_up,334
154.13039679601417,154.9056008285672,situp_down,334
69.90807970489415,61.10268740255498,situp_up,334
72.02772784853697,58.55011598677431,situp_up,334
69.77084977599975,56.31667011707997,situp_up,334
61.76884651897942,55.77231910214863,situp_up,334
62.58065369083084,52.475937607074606,situp_up,334
51.23467733446076,56.00921842405803,situp_up,334
63.28334233838362,55.495429716122864,situp_up,334
60.94821086201069,52.47993779570638,situp_up,334
54.23823952873796,49.94990940144636,situp_up,334
54.15560746510848,49.16725298107833,situp_up,334
54.57541228400569,50.02728546280492,situp_up,334
53.78425274807524,49.15846363950831,situp_up,334
52.20032407073138,49.318774472306536,situp_up,334
51.48364756726519,46.8993332557942,situp_up,334
50.06330173852742,47.746045290135015,situp_up,334
49.99372989500749,44.17418157105282,situp_up,334
50.72566741672375,45.31981717228133,situp_up,334
52.13255362369473,48.74172657721707,situp_up,334
52.39940538271411,47.694486203727365,situp_up,334
51.6830727663426,46.06635649904357,situp_up,334
52.656323273731125,47.479755269185546,situp_up,334
53.75547229374066,48.49704042863431,situp_up,334
55.35060688501048,47.76936901918464,situp_up,334
55.11420159990204,53.39783572187449,situp_up,334
55.160309653858974,46.84351037533144,situp_up,334
58.17493162115035,51.93632365802263,situp_up,334
58.4572330348992,55.495200539839374,situp_up,334
62.36817655606395,58.97864018959672,situp_up,334
63.48348273338129,58.11397903685255,situp_up,334
64.38426444713802,60.85907392005197,situp_up,334
66.15510632499863,65.61112932771367,situp_up,334
70.50429742880122,69.34846906170844,situp_up,334
152.43766410129484,149.92577231234304,situp_down,334
159.2214572234236,158.86426592965302,situp_down,334
169.69217691935376,161.92585083988118,situp_down,334
172.27825897378997,172.62901953353557,situp_down,334
175.64293644171246,168.2935138501965,situp_down,334
174.52928690573003,168.86371453604448,situp_down,334
171.27125903876322,162.91587444448282,situp_down,334
160.93891262840415,157.3106987484959,situp_down,334
72.58299679342524,59.19322227827529,situp_up,334
70.57050830822418,61.38291194418342,situp_up,334
64.20010630332943,58.06678607241401,situp_up,334
63.83034095760599,54.78317870395402,situp_up,334
66.83132192612993,72.44314524116966,situp_up,334
60.792191912166665,55.92131979037215,situp_up,334
53.97193352746841,54.16281778375577,situp_up,334
56.55016673161117,51.764500365014506,situp_up,334
49.15118189898465,46.8736144622448,situp_up,334
47.64415812308192,45.658698765581086,situp_up,334
49.15974385640524,48.014090148221335,situp_up,334
49.84918689381644,44.83665118777515,situp_up,334
50.66795514336157,44.00823261151112,situp_up,334
49.47164060932157,47.40658672086624,situp_up,334
48.34847256632345,44.35119947570603,situp_up,334
48.95497520295396,45.98594756062908,situp_up,334
47.77624311443408,44.792743979086495,situp_up,334
52.64163993588499,46.49759645941048,situp_up,334
55.35047898223219,49.10213731493078,situp_up,334
53.90233121669792,47.09414548963551,situp_up,334
56.74149582598669,49.39584380223577,situp_up,334
57.24048172921943,48.060301668676,situp_up,334
56.20850294123977,48.99986247258481,situp_up,334
56.44243493737731,49.8652241375122,situp_up,334
57.25365534300729,49.88018060847034,situp_up,334
57.61611585080457,51.41602667401433,situp_up,334
60.100216357499576,56.08371636412358,situp_up,334
63.77155546430495,59.15578218263245,situp_up,334
63.30915324604626,63.67941910426252,situp_up,334
67.82271625504268,69.10288666883656,situp_up,334
68.67361126865997,67.01490126095872,situp_up,334
5.119239664198446,131.42847375435778,situp_up,335
145.36700340178177,161.9741448128512,situp_down,335
67.3642057305242,46.87180194923202,situp_up,335
70.46815868171666,55.646986863512765,situp_up,335
150.69773017418086,153.97843993471767,situp_down,335
152.6016017541093,165.6252870791889,situp_down,335
150.5037197595976,156.6463100780661,situp_down,335
152.2207532699653,158.16569886620266,situp_down,335
151.56503673863094,163.1211328581148,situp_down,335
150.80716853368097,161.54494764341766,situp_down,335
150.73537456167574,159.15225663518578,situp_down,335
153.87472480417932,162.29452229866664,situp_down,335
152.42723845209193,161.28333226925642,situp_down,335
155.26903688437864,159.30356263457864,situp_down,335
152.20210669524914,153.38221094341023,situp_down,335
153.15812544394487,159.01207987275913,situp_down,335
155.59310902190495,157.677755641097,situp_down,335
150.70174098110837,150.9762517428592,situp_down,335
3.5206095299964884,113.6921955713644,situp_up,335
10.766849678685638,106.70673983193552,situp_up,335
30.30472009429559,108.0284703706117,situp_up,335
0.5091955337864532,135.03957426340526,situp_up,335
7.424245866530202,115.10775487411884,situp_up,335
9.836001035207506,123.85000019120736,situp_up,335
152.6474720845541,149.91996120944947,situp_down,335
152.54102835184415,158.52126296958437,situp_down,335
150.92250529614597,156.33252093042347,situp_down,335
152.60917568368168,150.46444676726003,situp_down,335
153.34512332307713,150.25083988806355,situp_down,335
152.60552043628442,150.44980563015324,situp_down,335
153.85435521882602,152.09283287585683,situp_down,335
156.75997017851654,160.33222299602818,situp_down,335
155.65775279168872,158.83137435652898,situp_down,335
155.8452699309639,166.28815708702075,situp_down,335
156.67666034061955,157.61811588018278,situp_down,335
157.10350017036157,158.62501522580644,situp_down,335
157.446462387244,159.6872199256783,situp_down,335
154.8594781442353,158.17088549228575,situp_down,335
152.47663429877176,157.6175522343477,situp_down,335
146.60821070428406,155.7165557877358,situp_down,335
75.03143362454706,56.27349617066234,situp_up,335
147.63399682239867,165.75153994359815,situp_down,335
7.182770812971859,130.4739701530928,situp_up,335
8.943530328751876,119.0536008667996,situp_up,335
34.66574017665374,103.38942608545663,situp_up,335
12.69940070670591,103.4492880340579,situp_up,335
7.776034927178784,130.25446444068933,situp_up,335
149.56587888022065,154.25597213168575,situp_down,335
153.6871308100937,156.8816795783739,situp_down,335
152.0780243375337,156.93865382098664,situp_down,335
155.07361058540707,157.15643515111387,situp_down,335
154.8096925607901,152.71648169627017,situp_down,335
153.68078252833695,151.08564204387483,situp_down,335
154.98048369093505,147.61796064506964,situp_down,335
158.35392066883873,165.02780137985087,situp_down,335
156.72902739829595,168.84864828663098,situp_down,335
157.3429462504714,153.6511101104825,situp_down,335
156.15649877623792,161.0955230333985,situp_down,335
157.77763137322046,162.58937123826084,situp_down,335
175.73747056091958,173.88689338974137,situp_down,336
176.14841013229164,172.82862226936598,situp_down,336
172.46264313043417,173.4659043501306,situp_down,336
173.21269993488917,175.42088653741664,situp_down,336
177.85876852723993,173.03252855019736,situp_down,336
175.42573182268382,175.1067739510246,situp_down,336
179.29477743544695,176.60801663792378,situp_down,336
179.44366609234677,176.93724410328102,situp_down,336
174.78837300717063,176.34483526090912,situp_down,336
173.6024336214196,177.01792676296571,situp_down,336
175.28598429740472,177.89343452093777,situp_down,336
174.91668921062603,179.06573653578758,situp_down,336
175.75824607617344,179.15743687030005,situp_down,336
173.59977744756074,170.3683968501319,situp_down,336
169.1071661639466,175.5398222272284,situp_down,336
169.51424265418973,171.12854768558654,situp_down,336
165.03526353070995,172.1849675215603,situp_down,336
163.4788949347177,170.28535941379866,situp_down,336
160.82767218596555,165.7421905891164,situp_down,336
153.61294482884085,159.93454195710606,situp_down,336
156.38766174956945,163.847500686433,situp_down,336
153.868208726659,156.90623252805037,situp_down,336
147.29821930142612,154.9678433920916,situp_down,336
148.87288260146337,153.7587909040937,situp_down,336
150.2562934855793,154.67045167133233,situp_down,336
156.36472474755416,157.35549147900264,situp_down,336
154.62104989536115,161.59925347040763,situp_down,336
160.12186506839035,164.67319301015527,situp_down,336
162.60392772602353,166.9153810831626,situp_down,336
161.57895643542892,169.1927126718302,situp_down,336
165.09359133642212,171.03782158610323,situp_down,336
166.90959162579222,172.11116865963115,situp_down,336
164.8202542011006,168.1208689932283,situp_down,336
169.76869877748535,174.00442156584828,situp_down,336
169.5046772492695,175.70785998631084,situp_down,336
170.64843110732437,174.6581862900063,situp_down,336
169.89346023457378,174.87652797889962,situp_down,336
169.6988913928636,176.75610379612826,situp_down,336
171.74346151309047,178.1094270767608,situp_down,336
174.45083440526426,177.19417119124515,situp_down,336
171.74420494474205,176.39536298472927,situp_down,336
173.53978958250136,178.9805731129043,situp_down,336
175.76660053874014,177.59340537463362,situp_down,336
173.19052232112062,177.34967973138666,situp_down,336
173.98074326495902,179.7913306332714,situp_down,336
173.6759678940921,178.14936179237964,situp_down,336
174.64183806679662,179.40964206166245,situp_down,336
173.52746599315185,177.83836613694646,situp_down,336
175.002873996519,179.40784561260713,situp_down,336
174.2916488346119,178.96301079985903,situp_down,336
172.00901341460593,177.71083702496827,situp_down,336
171.62981777111986,176.05955510493934,situp_down,336
171.91375114070303,175.45337059680162,situp_down,336
170.4423599391367,174.56709463364652,situp_down,336
169.15317589253735,173.7245952680721,situp_down,336
163.64327642922663,169.8497503391473,situp_down,336
160.79076296270375,169.00368184872588,situp_down,336
166.57412860350098,168.66247478447218,situp_down,336
162.43031167615905,165.82009090486736,situp_down,336
158.17066280804758,163.37794609871412,situp_down,336
153.92009945064098,155.64945752180853,situp_down,336
153.05287283603155,154.83099885588368,situp_down,336
149.87947320309786,151.7741481594086,situp_down,336
147.99879873740468,160.1503540777239,situp_down,337
149.12480060092642,162.20720291502283,situp_down,337
148.93230420622547,163.29834139070266,situp_down,337
149.83883578584943,163.78804469966505,situp_down,337
147.17676237057728,161.43893389290955,situp_down,337
153.7182089108389,164.81757274863466,situp_down,337
151.27193616218062,166.9902369459839,situp_down,337
149.29578555461313,164.4655176976721,situp_down,337
150.99200069352523,166.5463923601948,situp_down,337
150.3612713809886,165.6279894879198,situp_down,337
150.95399080991226,167.46745870118568,situp_down,337
149.0682162188913,160.2518916882024,situp_down,337
149.71444851964034,157.28868452104552,situp_down,337
150.99724535187931,163.4155199563523,situp_down,337
150.52733079472927,165.13100909282198,situp_down,337
146.75294634962867,161.3667013669181,situp_down,337
141.9433450767056,161.3864500405282,situp_down,337
59.76096326033363,76.51263057401079,situp_up,337
59.56851204073505,74.2453580869262,situp_up,337
53.61855826381775,69.7236552644152,situp_up,337
60.46681539499176,76.32954171694227,situp_up,337
49.830211171518535,61.99513888724794,situp_up,337
35.61869966452488,45.58071633107936,situp_up,337
33.75780143118073,59.36130629245558,situp_up,337
33.20548986593429,39.78349832057964,situp_up,337
44.06883002317164,39.68928841286145,situp_up,337
41.28438813166304,31.116957505631863,situp_up,337
51.096685381992366,35.61960561764182,situp_up,337
62.0707963594468,28.98833310795593,situp_up,337
47.74084439391165,32.00237593351606,situp_up,337
61.470339601216345,30.87053116894025,situp_up,337
48.99671146866563,28.86646188513959,situp_up,337
40.43532782913192,28.62197146242645,situp_up,337
51.05940693127483,29.505400434393795,situp_up,337
55.09623777719205,30.68331093590671,situp_up,337
43.95381942501953,33.54493960574418,situp_up,337
40.85315941349893,30.406096391952325,situp_up,337
35.80740852683957,31.093920362226555,situp_up,337
36.95115738297751,26.702501308032865,situp_up,337
39.224968227875,34.35374350815055,situp_up,337
34.20326414947724,29.989233266513395,situp_up,337
39.48537206781239,50.07138334762232,situp_up,337
40.041390429084345,38.70733540553916,situp_up,337
40.400382807682895,36.38363674244325,situp_up,337
53.8757900479494,59.67215303088257,situp_up,337
53.9503298359275,61.48876189400206,situp_up,337
49.39961550303237,64.72768569891761,situp_up,337
46.820929170069945,70.83237911269067,situp_up,337
60.68366998338062,69.87792784573928,situp_up,337
58.32713915605335,70.09784172098418,situp_up,337
147.32044478965162,156.0433825873859,situp_down,337
146.0665594824202,155.52129932014356,situp_down,337
146.05687240998472,157.1742954316168,situp_down,337
64.45411982593242,69.15144215556538,situp_up,337
52.331047097156905,58.360103809489786,situp_up,337
51.0959000331337,57.60745125783385,situp_up,337
33.102130648000184,45.3574265377161,situp_up,337
34.11311488611732,44.52975331136915,situp_up,337
33.71880183449045,34.58796626020916,situp_up,337
40.19347516365191,29.672297349235706,situp_up,337
37.08792594933888,26.75027418318681,situp_up,337
54.416351962775344,35.3268193213222,situp_up,337
42.53059576990491,33.538139435218206,situp_up,337
42.29066875664729,33.377559123451555,situp_up,337
37.50281127525218,33.66239424636828,situp_up,337
39.678425736506014,31.83669948078068,situp_up,337
39.73823690701816,33.783101094691894,situp_up,337
38.14389385066103,37.58175314497475,situp_up,337
40.44728266974963,37.63318018276885,situp_up,337
37.5837798873748,37.00933282798093,situp_up,337
37.25199302625224,36.00334380027277,situp_up,337
40.19362800298041,25.112449792737053,situp_up,337
44.91850626254616,27.25983964770621,situp_up,337
39.6314376878106,34.992411641075606,situp_up,337
33.02845062828111,33.29473474193612,situp_up,337
40.80534835048067,35.884297904033154,situp_up,337
37.24864662955908,34.86891292765075,situp_up,337
42.0336322262748,53.187825607998406,situp_up,337
47.06964580308324,61.12006054353294,situp_up,337
58.07062055901661,67.69926606345581,situp_up,337
40.52339289146905,48.14556833617254,situp_up,337
54.88390005383842,74.77910226419426,situp_up,337
62.03612761025354,70.93362685454854,situp_up,337
50.03925853225808,72.1553930807212,situp_up,337
56.27264131851125,64.12768398640961,situp_up,337
52.58405966006576,66.77960713159896,situp_up,337
38.73502454122807,47.16903586065877,situp_up,337
39.27929177506506,55.69907451722921,situp_up,337
34.30897492272758,49.15425817171366,situp_up,337
38.761281670901845,27.76318105054409,situp_up,337
40.46170493918152,26.041874359204225,situp_up,337
43.6210652063667,29.965184871942547,situp_up,337
42.8054780548736,32.331722620253,situp_up,337
36.275666782041725,30.434865910429163,situp_up,337
39.84942828493679,31.952530800016536,situp_up,337
40.272293237323154,30.45156935817619,situp_up,337
42.18177584634574,31.972836290611813,situp_up,337
35.88073947641207,31.122342993079787,situp_up,337
38.52170766313812,33.79379890976702,situp_up,337
39.77117580629793,32.76468731586607,situp_up,337
40.07989938945029,34.0263826366004,situp_up,337
37.83662799105038,30.40182743442296,situp_up,337
42.4653424807082,27.2533394683382,situp_up,337
34.86011345346315,26.555716584951192,situp_up,337
40.76128827170765,28.847815845541387,situp_up,337
30.166158835978106,32.409492418288835,situp_up,337
31.01827945136258,27.85362646853406,situp_up,337
35.95450276574009,33.41334471255517,situp_up,337
39.56047445222094,39.86528790403458,situp_up,337
52.22886627739922,48.53553319318639,situp_up,337
32.32053766542588,36.48199696918408,situp_up,337
37.11643138823722,43.38502604524747,situp_up,337
49.47633788535821,58.71584717192526,situp_up,337
53.948745883199415,65.19104133606778,situp_up,337
51.28755891092,59.08742489308753,situp_up,337
53.396493179105455,70.00607762610832,situp_up,337
47.29015926143697,43.46003215136916,situp_up,337
42.77544342793343,59.07572013874306,situp_up,337
35.264170568254585,40.50103463519684,situp_up,337
37.906679229787045,30.676351608410165,situp_up,337
36.37117259574848,29.01817650164588,situp_up,337
51.24128750938286,29.92499469424758,situp_up,337
38.67195981083516,32.26160789323332,situp_up,337
39.88508030368515,38.29744597894646,situp_up,337
44.53697624548947,33.62030134917373,situp_up,337
44.216767998490944,36.38115688227071,situp_up,337
44.98822617934157,42.625332549849496,situp_up,337
42.46506798519334,37.90581642455045,situp_up,337
38.97786855457899,32.377422132046966,situp_up,337
40.30299030961142,38.50060032480307,situp_up,337
36.722374795119386,34.42975123801371,situp_up,337
44.99673441151232,35.77218484705426,situp_up,337
47.99997306451501,35.90547461314174,situp_up,337
43.76292502656572,41.99586630714664,situp_up,337
43.77466762349656,35.44473721691742,situp_up,337
43.6421902909825,47.21677198125789,situp_up,337
43.196987367322585,51.20916140674934,situp_up,337
40.69739798092596,49.68124845672951,situp_up,337
45.84093526176912,48.9219945096164,situp_up,337
43.10905281708676,50.758634184837724,situp_up,337
52.45306785835642,59.77426835093991,situp_up,337
47.30227758978889,51.157866710998974,situp_up,337
48.05574565055952,55.19387556843295,situp_up,337
57.84246517309575,62.40560243983488,situp_up,337
33.083523342386016,30.665379800038835,situp_up,338
33.13060222535323,28.227302597803654,situp_up,338
30.805910415474425,26.080218495397016,situp_up,338
28.812270051798627,24.20299580914682,situp_up,338
26.84145781391328,24.63256990187362,situp_up,338
26.676255999067205,23.692246231287253,situp_up,338
27.30565462657773,24.264260091419143,situp_up,338
29.957263590644704,23.78382537256358,situp_up,338
28.437631588559142,23.799752407696676,situp_up,338
29.091324407804557,25.14124984036317,situp_up,338
30.970578151420817,25.25317184349257,situp_up,338
34.875326962594016,28.94289096310179,situp_up,338
36.12491117011535,30.736980460358996,situp_up,338
38.10165362398424,34.621899650986315,situp_up,338
41.35097930192464,38.02920551275114,situp_up,338
45.42016315297844,41.27183070306475,situp_up,338
49.34586540436076,42.45669738778565,situp_up,338
50.773742132714176,46.14038264609788,situp_up,338
54.86211403090845,51.49705325490332,situp_up,338
60.5744522469123,54.48619791323181,situp_up,338
67.48715092367641,61.58825142051882,situp_up,338
153.69140505054386,153.1366214319325,situp_down,338
159.2695075622717,160.1078170534415,situp_down,338
161.25454375371197,163.5950344616135,situp_down,338
167.7559646575735,168.2254758952738,situp_down,338
168.4678336717387,169.41420292560707,situp_down,338
171.38565898369487,171.21667654549006,situp_down,338
172.4434203817339,172.36146940680436,situp_down,338
172.76926848282383,172.5533578584724,situp_down,338
173.64299471623644,175.18451274468444,situp_down,338
179.72798528687375,177.8913627574712,situp_down,338
177.11985900071036,174.57831569915024,situp_down,338
176.37383589248233,172.4420078767238,situp_down,338
175.68852752852823,173.75307046165256,situp_down,338
177.65002702987513,174.0553380875692,situp_down,338
177.30907881123125,173.49494253324514,situp_down,338
177.95326364379872,174.2688709032081,situp_down,338
179.57210704806133,174.68900860538432,situp_down,338
179.38614641882805,173.31385451260644,situp_down,338
179.06643327151113,177.7380769068414,situp_down,338
175.17258179992135,179.382357364558,situp_down,338
173.3135275194413,177.15715892468128,situp_down,338
168.12951536789325,173.20218859200125,situp_down,338
169.44887973252494,173.46108288243184,situp_down,338
160.79885421207416,166.612942623779,situp_down,338
153.88773527216307,158.54761110852633,situp_down,338
69.35207575407286,65.40544371398072,situp_up,338
63.86912046333719,61.889341588963056,situp_up,338
57.78100900332922,53.59923762743035,situp_up,338
53.423843168502856,50.99368804228216,situp_up,338
48.99840428252399,45.70047215487302,situp_up,338
46.72872037420928,44.43052056069258,situp_up,338
43.94539270063971,41.6436629680822,situp_up,338
41.3678796698904,38.20990142671632,situp_up,338
37.52163668951127,36.91999753473247,situp_up,338
39.499727830776,35.10222709024122,situp_up,338
33.476822832468805,30.86601372277498,situp_up,338
30.686225743369263,27.572009506006616,situp_up,338
32.6237384957598,26.13342818159952,situp_up,338
30.533530821516766,24.24540731372336,situp_up,338
29.351632988581365,23.361274938011487,situp_up,338
28.740869599903952,23.77607488491308,situp_up,338
26.46087076129347,21.926320696595333,situp_up,338
25.89550221177532,22.516580522792264,situp_up,338
27.24019190332478,23.53035040846767,situp_up,338
27.766670207079954,25.220025492180994,situp_up,338
29.10008027542804,26.4030915667432,situp_up,338
30.337004725586777,30.085498392498305,situp_up,338
31.60311140258481,32.039184611370466,situp_up,338
34.584166615978084,33.89775483402127,situp_up,338
34.456752799173586,35.35849183869464,situp_up,338
38.32225982216159,38.01953595247783,situp_up,338
39.881762967367024,39.352681876810415,situp_up,338
41.92440259561626,40.51943376493436,situp_up,338
45.73434429016937,44.42922563728043,situp_up,338
47.92302572367949,47.26811287686144,situp_up,338
50.67416116501366,50.33011666819192,situp_up,338
55.97825201611744,56.69850129336464,situp_up,338
58.93080631147812,56.01134332132396,situp_up,338
64.12619542224508,66.03822586352834,situp_up,338
67.04262590465429,66.80656119092302,situp_up,338
71.86843627684107,61.88096534591839,situp_up,338
148.0067662023529,154.35945315221906,situp_down,338
151.3093019592687,157.13631671497765,situp_down,338
152.13387493490134,158.84252989015252,situp_down,338
155.50099798041438,162.7093874595186,situp_down,338
157.1245802502336,162.4219838733919,situp_down,338
159.385313620609,166.77737451128286,situp_down,338
159.3855853970704,169.20186526677696,situp_down,338
160.6003387437713,169.6379882528369,situp_down,338
159.8272204186347,167.350267762118,situp_down,338
158.7975794763796,164.68003638505294,situp_down,338
156.540890114858,161.7502569060742,situp_down,338
158.313209863086,163.2599416815693,situp_down,338
154.46027452951637,160.4094877300349,situp_down,338
152.61637381493875,156.84625325167525,situp_down,338
66.66709069212413,57.63825722224154,situp_up,338
67.69929446272545,58.31114227882378,situp_up,338
60.98944051479285,49.85987778084938,situp_up,338
51.99872735014985,48.62823022110403,situp_up,338
45.83974350639913,44.27238436630329,situp_up,338
43.51896970108543,40.38533772249043,situp_up,338
41.31176439851674,39.0369610710252,situp_up,338
40.2726639376117,36.00278856742987,situp_up,338
35.904462372764065,32.61638571536713,situp_up,338
32.82752663248659,29.695137430633302,situp_up,338
28.85479364953372,25.733908974496483,situp_up,338
26.837358725972894,24.575722787685223,situp_up,338
25.32905546250137,23.4665559204742,situp_up,338
24.592423986166967,21.53027544818485,situp_up,338
24.15098370594624,20.34725003289053,situp_up,338
23.87780866292623,20.06207542442006,situp_up,338
23.98667768417366,19.775419563524885,situp_up,338
23.84386196168844,20.163049904455352,situp_up,338
25.605027693641105,21.06276516156157,situp_up,338
25.66152146602737,21.64802753750584,situp_up,338
26.52756661844001,23.079487644482697,situp_up,338
30.56665424147985,23.519074022911497,situp_up,338
29.75634452132784,27.13636089537692,situp_up,338
31.478538536137883,28.11355611414205,situp_up,338
34.590214654001294,29.114837881684963,situp_up,338
32.1569014138388,29.54525071792175,situp_up,338
33.389303736614394,31.0381201472212,situp_up,338
35.586190197924125,31.54021674170969,situp_up,338
35.47559729811555,32.46047626317747,situp_up,338
37.74292076600511,34.590976724562765,situp_up,338
38.86322032871765,36.23021567673893,situp_up,338
41.83502376124529,39.57164055133087,situp_up,338
43.18535278413328,41.18606984801443,situp_up,338
45.63300248273312,44.234853969941945,situp_up,338
47.36939180618747,46.40722715400908,situp_up,338
52.70891679994503,52.968911763094106,situp_up,338
58.97734384788298,57.82136974270599,situp_up,338
61.3609659838673,56.630777026560864,situp_up,338
66.48593770261209,62.73140402389632,situp_up,338
71.08972896103454,61.96124486107528,situp_up,338
150.20008249280556,155.0972403642117,situp_down,338
151.134669562814,153.49105974696653,situp_down,338
154.90960518694578,156.24422000173388,situp_down,338
156.7858736870395,159.83906426278446,situp_down,338
158.73898632332202,159.46619974210066,situp_down,338
159.9065832660458,163.0585650970865,situp_down,338
161.25500807225544,148.78999400515988,situp_down,338
158.7998875201355,149.1101583790306,situp_down,338
155.00776452014907,153.21338323827996,situp_down,338
72.59224644440695,66.05080792278521,situp_up,338
69.03795239671466,51.579107641433424,situp_up,338
66.40128836319491,52.67473591844806,situp_up,338
58.6768869450555,56.26774899861789,situp_up,338
50.1827264405982,49.863611858291215,situp_up,338
47.66759492814904,46.355889144423536,situp_up,338
44.27886885321573,41.1557688086267,situp_up,338
43.6634414296394,39.47047887512453,situp_up,338
40.38345052544444,37.298387048475504,situp_up,338
39.13411889582361,34.57321926851462,situp_up,338
33.513631508747146,31.45082378650091,situp_up,338
31.397462022501927,28.38609356711103,situp_up,338
29.52330218554318,27.04843058747744,situp_up,338
27.562956510528505,25.876226351786723,situp_up,338
26.871683556159283,24.567959762168528,situp_up,338
25.20147704671341,23.090063204275697,situp_up,338
25.56813004799004,22.17686623495201,situp_up,338
29.691746062678867,22.00561137737082,situp_up,338
31.05728338371056,22.33779896792453,situp_up,338
25.472543252120573,21.640391453820417,situp_up,338
26.280740981072416,22.367014653671145,situp_up,338
33.26597972635566,22.53601083695211,situp_up,338
29.06530240788273,23.98494194390911,situp_up,338
30.865468831806314,28.303040137885983,situp_up,338
30.4226663415453,27.326245082096065,situp_up,338
30.46687807710503,26.75828885110128,situp_up,338
30.97099652766285,27.99618281540548,situp_up,338
32.539063937361064,30.026389866354734,situp_up,338
34.25299464975894,31.6809888665873,situp_up,338
37.95045727570096,34.75249706328772,situp_up,338
39.143475184293294,37.19200461642951,situp_up,338
40.571748857153686,37.78826510084479,situp_up,338
43.443886168407296,40.79550445495724,situp_up,338
44.66370561835314,41.96795583247008,situp_up,338
45.605814892879565,44.20658650900152,situp_up,338
49.62949204724693,49.32814486882194,situp_up,338
52.27818593162,51.4450937338725,situp_up,338
57.21672598541769,55.92823577012634,situp_up,338
61.51553818633573,60.066003643300775,situp_up,338
67.39186292793471,64.5421318240669,situp_up,338
70.24546007397151,67.30453417650148,situp_up,338
72.11571804425596,67.45022717403592,situp_up,338
146.90364390766564,153.38500608184822,situp_down,338
151.427075896675,155.90234465104132,situp_down,338
155.4079248649689,165.07967941479637,situp_down,338
154.84832174665962,163.5258216673645,situp_down,338
173.12314112780965,176.7071015555842,situp_down,338
174.0867851942803,179.37556276887202,situp_down,338
176.99318848494994,176.2413730779829,situp_down,338
179.4406398378896,172.42421174991628,situp_down,338
179.7313667071677,174.40575082372024,situp_down,338
174.8447183521989,173.3074246655951,situp_down,338
174.982128773521,171.462519095333,situp_down,338
176.66854706731004,174.14567938368555,situp_down,338
176.55270037613093,172.9226268706586,situp_down,338
174.56587476294249,171.61730937897482,situp_down,338
175.40312552002942,169.27948882342076,situp_down,338
172.63175740468276,168.57050580549853,situp_down,338
174.36297149655374,170.49111833497471,situp_down,338
175.07547880291608,170.7925344843678,situp_down,338
175.2508621238733,170.7681476683245,situp_down,338
57.71889712008191,39.36301665113864,situp_up,339
71.69820983276873,46.43876659029148,situp_up,339
76.07712778370775,43.08134609003809,situp_up,339
70.25158940109309,46.28192218716016,situp_up,339
58.69976449859226,38.595617496378765,situp_up,339
62.052338988044255,43.26696965957324,situp_up,339
59.35032162274929,45.30754802779411,situp_up,339
70.29112170559522,43.3649183836536,situp_up,339
57.274355182710295,37.90350556622859,situp_up,339
57.21221358789616,39.844987974345166,situp_up,339
51.35803375975362,39.332937750612274,situp_up,339
43.75262698286281,43.93721569961705,situp_up,339
40.9767523601841,43.50904072284481,situp_up,339
36.07585941529261,39.213775660548045,situp_up,339
35.131844185436414,37.730402674265946,situp_up,339
46.1987146878347,43.41923047463449,situp_up,339
48.80682637566972,47.00884870631799,situp_up,339
42.8842444252092,55.868957610443765,situp_up,339
58.17603001853554,56.568754105999965,situp_up,339
38.51376063901829,50.991925800929394,situp_up,339
47.661677271079455,45.40866683859333,situp_up,339
63.22923020519781,55.78297676160184,situp_up,339
51.21351795511675,50.518546469058975,situp_up,339
56.69656626179353,58.16655850385639,situp_up,339
64.54682115227334,62.11291378479616,situp_up,339
60.37504007338157,59.96237241590365,situp_up,339
69.41685359833663,63.2758976657306,situp_up,339
72.18517658247109,62.18288422367472,situp_up,339
59.371507943081895,58.01404580590447,situp_up,339
72.8767258247312,57.10026128139288,situp_up,339
69.07668668813733,54.133784762354495,situp_up,339
71.55945076261276,56.99037001480671,situp_up,339
60.18491671570637,55.76308175068765,situp_up,339
55.20013644407891,53.89361696301441,situp_up,339
60.22776786572232,43.75157529284112,situp_up,339
48.36421732024242,43.484725998773776,situp_up,339
47.16634491802633,42.5979256485288,situp_up,339
57.26921153452819,41.406958985987934,situp_up,339
50.465146544166544,40.180446295397175,situp_up,339
63.47648079573854,40.204003493665134,situp_up,339
84.4085080603288,43.313414580109466,situp_up,339
70.0465701275774,43.02709616352485,situp_up,339
54.50723743232072,40.52613132501664,situp_up,339
57.57182679624582,43.32793537816805,situp_up,339
51.0396339252786,35.586601977915855,situp_up,339
52.817961504793175,33.25972561572386,situp_up,339
52.323061884099694,32.983273257392085,situp_up,339
49.58905782386066,34.30166163685195,situp_up,339
51.085436198657455,32.996251923567684,situp_up,339
51.91869701845928,33.58666551979593,situp_up,339
47.92555909792672,35.370353667809844,situp_up,339
54.508025388322366,36.11829122427023,situp_up,339
56.45380082232023,40.485540745762535,situp_up,339
56.112260307428734,37.38906513422712,situp_up,339
53.17526570198271,36.66769600278518,situp_up,339
57.09481858970248,38.77528543586177,situp_up,339
74.31966897881983,43.64252885385754,situp_up,339
74.27792098107086,52.0687102780137,situp_up,339
59.5733769539348,42.35485799384704,situp_up,339
71.41405607199069,54.797618081060655,situp_up,339
56.87144207997582,49.30982118333874,situp_up,339
60.33361511403348,46.18622013428048,situp_up,339
49.49272383023576,38.3842909988063,situp_up,339
51.058109565755984,37.167845031601225,situp_up,339
54.58602820482996,40.86492091063312,situp_up,339
56.70314439537504,41.96178071368019,situp_up,339
45.5503361231666,42.31557972414178,situp_up,339
41.20248069716235,51.9006651543422,situp_up,339
43.27356641382054,53.10084650381495,situp_up,339
44.46964749498024,46.157089655507626,situp_up,339
52.63926381418595,44.34648660490785,situp_up,339
50.67128311523117,50.17355757389459,situp_up,339
50.89335045388368,52.85391884042089,situp_up,339
47.76540143156636,47.9522520249034,situp_up,339
49.32453469538374,50.58787853209341,situp_up,339
63.69403411046726,54.86055890587853,situp_up,339
65.9124136598927,52.784374744347886,situp_up,339
59.17308808087757,54.43326102357295,situp_up,339
62.27012884841216,61.607742351135975,situp_up,339
70.08355028948421,64.3186256736551,situp_up,339
73.17106173242291,63.9283226455833,situp_up,339
64.75583833693267,61.58549237520718,situp_up,339
60.87791696924245,58.70794289106895,situp_up,339
62.83807248405165,57.28297722629436,situp_up,339
58.86414195999879,51.20712658337234,situp_up,339
67.05706649738484,51.9213915896768,situp_up,339
47.25818211403576,55.57622250955689,situp_up,339
61.58187632916356,60.3970887769299,situp_up,339
56.13735346046391,51.76037503454855,situp_up,339
49.19599145498111,43.24693224428118,situp_up,339
53.37988586934625,46.25223238358296,situp_up,339
50.71263826127163,41.1411722158166,situp_up,339
55.70421560513034,41.40622887549488,situp_up,339
53.18216684552348,38.23307859120267,situp_up,339
55.46639914555315,47.85264365879963,situp_up,339
77.62054601776984,46.87944923762462,situp_up,339
79.4272309185315,52.643944873360205,situp_up,339
83.28365242077118,48.47851791020465,situp_up,339
60.21733633289445,49.90830376547122,situp_up,339
78.30519297976522,45.53905770057448,situp_up,339
82.24702275771276,47.5257643615204,situp_up,339
85.70996370434582,47.1321999874274,situp_up,339
85.48862453757533,49.31561332070114,situp_up,339
83.0767772602874,50.07418660830348,situp_up,339
73.73908958466691,40.88567640608428,situp_up,339
78.7883583227699,45.36595634591122,situp_up,339
76.40729748361771,48.187121218002495,situp_up,339
63.51338073490706,45.48988791186128,situp_up,339
95.3108726990364,42.73517069848965,situp_up,339
77.41580357907455,47.49800464159347,situp_up,339
64.28231648894652,46.733056204781086,situp_up,339
68.44662978042582,49.7034655762607,situp_up,339
55.68417925005448,50.56015049527037,situp_up,339
57.2055935295665,43.77774558604284,situp_up,339
55.31382695001753,49.54199393013495,situp_up,339
50.77170205205372,45.48388916766022,situp_up,339
56.71081859040103,57.63294286979112,situp_up,339
58.879862058566765,74.1701194408909,situp_up,339
55.63076567067842,52.22666655650072,situp_up,339
52.674948716601904,55.38917695198611,situp_up,339
51.66968444216929,50.758379276446,situp_up,339
60.49705196559127,54.44129032083244,situp_up,339
61.9850344896136,53.908396202093066,situp_up,339
47.61050560758167,49.47692102818238,situp_up,339
47.30208847028631,51.83207329642771,situp_up,339
52.37851534832646,53.08870608903207,situp_up,339
53.94379940645288,54.81747797085796,situp_up,339
55.10443298272966,55.95628425279377,situp_up,339
61.57012786228456,59.156293423073016,situp_up,339
61.48303435594086,61.89754447949109,situp_up,339
68.24759771517842,66.49237161376827,situp_up,339
160.97995792924775,165.90510164215883,situp_down,340
160.54357175214415,167.07812597624846,situp_down,340
159.91648898297257,165.872435031674,situp_down,340
161.24149920140118,166.22603829637055,situp_down,340
160.965579284165,166.85021238939478,situp_down,340
162.61557595874177,168.06573635207783,situp_down,340
163.0885485987899,168.1220111348887,situp_down,340
163.68481054433474,169.25389177260996,situp_down,340
164.43907587279182,167.97327183764162,situp_down,340
162.39035714655148,168.1298943384021,situp_down,340
162.6200087171607,167.682859439043,situp_down,340
161.80569095978558,167.5421188192906,situp_down,340
160.44743085657367,166.14584976327234,situp_down,340
160.7146160489158,167.13492202562546,situp_down,340
157.83324062057923,164.25529067174872,situp_down,340
155.65709411598297,162.05805014654922,situp_down,340
156.87641633932586,160.61220959099336,situp_down,340
151.2495157873267,156.60565633989748,situp_down,340
150.4455213505372,153.04503425095336,situp_down,340
147.00075042814603,153.98511438767514,situp_down,340
149.3743524325833,156.06256687499558,situp_down,340
153.588824995115,158.54021337836747,situp_down,340
155.91623747342328,161.19388938923848,situp_down,340
158.06086846172002,163.51010030700186,situp_down,340
158.48671007603784,165.39577738622393,situp_down,340
160.0764553553496,164.81676536663826,situp_down,340
161.2156199052218,166.5821207132583,situp_down,340
161.13373093918477,167.69116168632002,situp_down,340
163.36956693673994,167.6740422735704,situp_down,340
161.68018978976522,166.8994561333453,situp_down,340
162.2533792604829,167.01575467922896,situp_down,340
162.12023989411443,166.75274372224786,situp_down,340
162.34278030436107,166.824636574979,situp_down,340
162.80788612721446,168.364930159176,situp_down,340
162.4241412817554,166.91531837518178,situp_down,340
164.4867689883691,168.44435819215633,situp_down,340
163.93206020882934,167.44167079345934,situp_down,340
162.21109709389845,165.99822022701215,situp_down,340
160.95277343630886,165.70448274808396,situp_down,340
162.4796271695077,165.65972856514202,situp_down,340
161.0574364386797,166.51821530955567,situp_down,340
159.85335429468924,165.53018295692064,situp_down,340
161.19177049107924,166.23016993733063,situp_down,340
161.87916478402266,167.3846243441066,situp_down,340
159.53323537451072,164.74112536416547,situp_down,340
155.46666077727485,162.26905994775385,situp_down,340
152.57781378262084,157.25245627773342,situp_down,340
150.1209124144644,155.25542366434237,situp_down,340
146.69772522772513,153.9809027927645,situp_down,340
147.4803347865721,154.0014677606599,situp_down,340
149.26945618763298,156.5112327771535,situp_down,340
153.31021832564846,160.30707241673502,situp_down,340
155.21992410210666,161.15331593037712,situp_down,340
157.21086642611027,161.62671621712718,situp_down,340
157.7112122434288,162.6893459245496,situp_down,340
160.40043970229908,163.413744867452,situp_down,340
161.84645201818208,164.49670059600973,situp_down,340
163.84215261975314,165.4615138173437,situp_down,340
165.0674680601317,166.1724553721935,situp_down,340
162.75783773301973,166.33251404670898,situp_down,340
163.41120686472934,166.1977875424793,situp_down,340
163.35282000863617,166.17195443229514,situp_down,340
163.08179596322233,166.5043522509535,situp_down,340
162.99600707532176,166.28559009629708,situp_down,340
163.5823780274845,165.8719299104182,situp_down,340
163.68116385137253,165.90112956774442,situp_down,340
161.87715990948715,165.79232505019286,situp_down,340
162.9168432142086,166.98682479198146,situp_down,340
165.5431162842791,168.0118800988793,situp_down,340
165.0653468938925,167.5852543426688,situp_down,340
163.49547216556667,167.55422023079458,situp_down,340
161.6404248095563,167.05296793459945,situp_down,340
163.6211692502266,166.12297583787878,situp_down,340
163.48678240135442,163.86035612147143,situp_down,340
161.5455062514439,162.9902632807244,situp_down,340
157.44493763155174,162.76233553319844,situp_down,340
154.9470674915513,160.5898522917446,situp_down,340
152.56277199578196,158.68748413018773,situp_down,340
150.14671210302697,154.8758380204716,situp_down,340
149.2335246867055,155.10799350502268,situp_down,340
151.98988863851758,154.84485632065005,situp_down,340
151.1291432632562,158.0275848539559,situp_down,340
153.8617304260564,160.32708750586582,situp_down,340
156.76191373271834,161.7903182556915,situp_down,340
159.82268853591103,164.8541135982181,situp_down,340
160.82433614937713,165.77434800769996,situp_down,340
162.8999924845051,166.80063734826672,situp_down,340
162.22890464793852,166.0146610926865,situp_down,340
160.94963682425524,165.03219752669975,situp_down,340
163.42294690811417,168.75825324543806,situp_down,340
162.35387345780543,168.32733055801583,situp_down,340
162.82389712386052,168.3173522659849,situp_down,340
163.16270081724412,169.70218658826326,situp_down,340
163.36544548009158,170.55411568968668,situp_down,340
163.45724690858768,169.6639727446915,situp_down,340
162.71787740285242,169.64001515373687,situp_down,340
161.75976935434744,170.30525096292453,situp_down,340
162.4928137333087,168.78605712100455,situp_down,340
162.6854948764179,168.4077864995844,situp_down,340
161.97788046796498,168.0137306475525,situp_down,340
160.83737222665675,166.3256954578098,situp_down,340
160.52940836016396,166.92581523386332,situp_down,340
160.72697462490393,167.12810756941778,situp_down,340
161.01544842596104,168.14736852830555,situp_down,340
158.18343541863163,166.00860305746355,situp_down,340
154.1635052977188,161.97775073236173,situp_down,340
149.94783537001456,156.7711104857429,situp_down,340
147.8571588412989,155.35400554486134,situp_down,340
68.35067230108879,69.50786558046455,situp_up,341
61.60121621377483,60.51830650840128,situp_up,341
56.81111345707578,57.48025277077991,situp_up,341
51.68369440881894,51.14536778742598,situp_up,341
45.86811077547839,45.1794128461438,situp_up,341
42.24614636638821,43.062097753707306,situp_up,341
39.04553529780203,36.61334252778431,situp_up,341
37.25244977357905,31.17053873888126,situp_up,341
33.34014177163723,29.044669165291676,situp_up,341
31.32860914515141,27.99172737787068,situp_up,341
29.106498514453428,26.66952826797738,situp_up,341
29.349919440303488,29.100879037345017,situp_up,341
27.555463266938062,26.235046937386524,situp_up,341
25.819397038478066,25.52931521134325,situp_up,341
24.88713691783044,24.791716387507883,situp_up,341
24.962817938719617,24.490397589984227,situp_up,341
24.637973425149355,23.256756346467935,situp_up,341
24.67691593152953,24.50040372907105,situp_up,341
25.28422108700387,25.08336532808965,situp_up,341
26.08549247318165,25.33598685858601,situp_up,341
26.247804539818297,26.703332227897505,situp_up,341
28.62014645569301,27.280319637160847,situp_up,341
28.305798895874567,27.39274790501456,situp_up,341
30.07577620334136,26.62651676561848,situp_up,341
29.77532925062881,28.39810209073557,situp_up,341
31.71910094778945,29.94104798415833,situp_up,341
32.47601050455684,32.856293593944415,situp_up,341
34.85911639529624,34.983930109226655,situp_up,341
38.4154709158501,39.26157608108405,situp_up,341
40.7805002979084,43.28518340038222,situp_up,341
44.29151067790424,46.46332313961013,situp_up,341
50.36520701504569,51.731022602177575,situp_up,341
53.77348186343669,54.71305367504482,situp_up,341
56.13581072692764,61.03422267528167,situp_up,341
61.950028173366334,68.1348547378446,situp_up,341
65.54180878597816,67.3360131498306,situp_up,341
58.05664221645922,59.19057055234403,situp_up,341
50.390951854247845,55.87126196105544,situp_up,341
44.41173284439831,49.94046507908201,situp_up,341
39.37535140996684,40.02408649702753,situp_up,341
35.35199100212748,36.93795095181818,situp_up,341
33.2725693572634,34.53486371424519,situp_up,341
29.48887834385613,32.08213030818971,situp_up,341
28.29438607787854,29.409604049783457,situp_up,341
29.387315366504133,29.31814629877604,situp_up,341
26.99590866932088,26.74806091603545,situp_up,341
25.361810775550072,24.653913876801848,situp_up,341
24.025824834501503,23.801731777095885,situp_up,341
23.634563732208644,22.58134709883954,situp_up,341
23.56048924232625,22.613353136215075,situp_up,341
23.8035038102842,24.057814694078317,situp_up,341
24.025428872784357,24.784555875808703,situp_up,341
24.828978147978063,26.27486920915806,situp_up,341
26.612788429767573,26.381554313709252,situp_up,341
27.18777375193273,28.137801129869565,situp_up,341
28.873666520197126,29.38284151090435,situp_up,341
30.34708367730939,30.322779981533877,situp_up,341
31.922591772777032,31.79309723441758,situp_up,341
29.780669462241544,32.47956288491098,situp_up,341
32.058967581675375,34.102094518283444,situp_up,341
33.85482256214569,36.09675801504467,situp_up,341
36.180889298222944,38.17013119845316,situp_up,341
38.78896133194568,43.06804825378836,situp_up,341
43.33122825666067,47.49661688360798,situp_up,341
47.42974571576163,49.45864584621927,situp_up,341
51.65895138555744,57.96975113719329,situp_up,341
55.34280095721673,62.567833326147294,situp_up,341
61.57726129844353,67.79534448090625,situp_up,341
64.15364144326355,62.12609126363844,situp_up,341
60.40535250471477,61.89246973826136,situp_up,341
50.35523299724336,46.12392459341627,situp_up,341
47.42568509832613,45.602658049243466,situp_up,341
40.42499341671133,40.99504318864271,situp_up,341
37.82980036984346,37.84679276428235,situp_up,341
40.7376007002827,41.71123952794998,situp_up,341
37.53856744737461,38.790969800821806,situp_up,341
33.404977377765114,34.787781470421194,situp_up,341
32.27426318912028,33.025470224880834,situp_up,341
32.01165360244758,31.392589095344828,situp_up,341
30.800524080528124,29.968962834725698,situp_up,341
30.26145139074476,29.343803314904516,situp_up,341
29.97445661544309,28.90530324381735,situp_up,341
27.7957550608729,26.48179382368197,situp_up,341
26.127235743036376,24.48172902570173,situp_up,341
25.522159884254823,24.334610234936704,situp_up,341
25.58542429771536,23.73418090852234,situp_up,341
26.304060661708505,25.378718800685512,situp_up,341
25.60255930246943,24.47021081347428,situp_up,341
26.22046634395967,26.121933020888005,situp_up,341
26.358786153150525,25.43293007148967,situp_up,341
26.54646372713112,25.291532167565467,situp_up,341
27.77678286465959,26.570866185725023,situp_up,341
28.391704905889625,27.69103951877008,situp_up,341
30.55985241704253,29.356866508025885,situp_up,341
31.08198600695584,32.26460925327972,situp_up,341
32.25076850113363,33.555451455245844,situp_up,341
33.56323909269445,35.181145619126674,situp_up,341
35.65321766084855,36.95514395920509,situp_up,341
38.22367115065865,38.80164600655191,situp_up,341
41.31212478301924,42.05154726809651,situp_up,341
43.27669249125396,45.72854519999484,situp_up,341
44.82270097321865,46.89107254672341,situp_up,341
49.12980630768028,52.15765463849899,situp_up,341
51.43537867358661,54.65240558313073,situp_up,341
58.31091060471755,61.17747804783495,situp_up,341
61.98477467324764,61.63578704941018,situp_up,341
66.14705104282356,67.9644579991664,situp_up,341
8.705074457338045,17.86065230717509,situp_up,342
57.787803628845246,56.63738890316424,situp_up,342
55.56121800096984,77.67350855428653,situp_up,342
50.72854711136743,69.0402652592035,situp_up,342
69.83205603636519,45.56431972494244,situp_up,342
83.6992632043345,46.077547602537855,situp_up,342
47.09822504283145,17.289378681786147,situp_up,342
41.22032178914845,26.83895125266984,situp_up,342
75.73606753181339,62.43210963621062,situp_up,342
160.75621038752328,145.78809281723966,situp_down,342
56.7617295448508,63.21230793091942,situp_up,342
60.14261063202086,60.97460536277986,situp_up,342
32.56868823548823,29.065168774445592,situp_up,343
33.040501930240545,38.93459576990955,situp_up,343
27.38599301013905,36.38833472760439,situp_up,343
24.341714506225237,34.78714529698871,situp_up,343
23.95940744009272,29.86561654559458,situp_up,343
22.11627670472151,30.155971442636247,situp_up,343
20.828844295488096,29.95096056524706,situp_up,343
21.684203331494995,37.602710488788986,situp_up,343
21.19814490542263,29.970395649951328,situp_up,343
20.4730644787167,34.24051824458571,situp_up,343
18.50563795298285,30.615248739027088,situp_up,343
18.3257383705474,30.034396268757757,situp_up,343
19.646942903850125,31.50215008530229,situp_up,343
20.24607593983597,31.50897933836418,situp_up,343
19.650224940549503,35.922032246715254,situp_up,343
20.163320913625263,36.98089082793062,situp_up,343
21.5077068475942,37.83581530313903,situp_up,343
21.901136539508688,32.889082924539345,situp_up,343
21.835720667761425,38.00388003782636,situp_up,343
21.72281990943573,37.30160731418791,situp_up,343
20.2547637350075,41.69110568615697,situp_up,343
21.308872976557893,34.10018984406934,situp_up,343
23.369195519439025,29.657677368534284,situp_up,343
26.533144351931995,29.13332624155658,situp_up,343
26.473814629695983,30.895622812087872,situp_up,343
24.426926972621757,32.17770497706353,situp_up,343
29.56272321848707,35.82676261709527,situp_up,343
30.82946447016057,37.3275812393876,situp_up,343
27.536751120877454,38.639535080586086,situp_up,343
33.432341667509014,42.49980130977123,situp_up,343
33.516046123074084,42.3863438168822,situp_up,343
32.974655711477,38.72697419990867,situp_up,343
36.07249257799535,43.91607704808356,situp_up,343
40.92062493117898,56.28014526221662,situp_up,343
44.67018512059976,60.3020463852387,situp_up,343
47.7448789130923,66.07456823808353,situp_up,343
50.90526215796255,73.4203867254035,situp_up,343
58.46275746693469,70.1550528224176,situp_up,343
60.36616093580796,75.71194291810447,situp_up,343
57.42080003912098,45.55674275630562,situp_up,343
43.30067677627172,57.67454527285513,situp_up,343
61.37631800449629,78.5325093688129,situp_up,343
58.98686309530223,67.7533815712762,situp_up,343
53.141353760083966,53.98758311347929,situp_up,343
51.582813669775824,58.6350241465317,situp_up,343
41.99419818983474,49.14202765469871,situp_up,343
44.40603849952824,52.79714346172863,situp_up,343
40.39111373796917,40.15295605587712,situp_up,343
37.00237787261341,38.13871693142335,situp_up,343
37.35187352198843,40.629088463777926,situp_up,343
36.310977482745606,41.03136688993949,situp_up,343
31.631747799510872,38.84430643285328,situp_up,343
27.68022638664252,35.598177748843526,situp_up,343
29.662610841054928,33.2216298117642,situp_up,343
24.82167159100127,35.27977822186428,situp_up,343
24.41643266825423,31.57248673808694,situp_up,343
22.015791489595443,32.89866951260661,situp_up,343
19.36232095682071,28.910805206405403,situp_up,343
19.091972752240515,29.986768507954825,situp_up,343
16.427683002118254,28.033321070300907,situp_up,343
16.742758182666385,25.84280172919679,situp_up,343
17.16499827259643,26.30676223310583,situp_up,343
15.260382258326116,21.99892145522123,situp_up,343
19.368723186106127,25.0169167339642,situp_up,343
17.65697064679274,23.49193815907081,situp_up,343
18.143528995295224,25.52990446711775,situp_up,343
17.648338893218046,22.733203082536697,situp_up,343
15.682216542728591,22.543658063485854,situp_up,343
19.56873962803145,29.215522222574418,situp_up,343
18.133997672469164,25.60111548178485,situp_up,343
19.527610586105528,28.60102492896522,situp_up,343
19.801493285749977,28.38036005739194,situp_up,343
17.89849538245101,31.734146143447752,situp_up,343
23.676372211725614,33.82709565499805,situp_up,343
29.567751792794013,42.04815671476775,situp_up,343
27.895929873970136,35.20543864312916,situp_up,343
31.38132616831697,41.57155208826246,situp_up,343
32.24139388432797,42.98596502067074,situp_up,343
34.21605754624149,43.36730752335346,situp_up,343
33.593450021067795,44.0683323452931,situp_up,343
36.36946200644312,43.08932482057068,situp_up,343
40.1566782077445,56.22229690860024,situp_up,343
43.900234175001614,59.3930752043443,situp_up,343
49.80824829148047,64.22738108195634,situp_up,343
51.44804625008397,65.74963555231209,situp_up,343
56.278621389611125,72.2815157344061,situp_up,343
61.35633236004541,74.04277684825517,situp_up,343
64.16775898620247,72.89484733922382,situp_up,343
76.2473835231551,2.788717426623748,situp_up,343
53.833218219962994,1.5521549951776454,situp_up,343
63.95504446530615,72.65223477302806,situp_up,343
57.483850843418416,74.01895848468264,situp_up,343
53.89880996446225,65.91752062000039,situp_up,343
51.49652116004456,60.84697078199728,situp_up,343
47.22415649989653,56.103829538449496,situp_up,343
39.99703672078187,52.85433043662487,situp_up,343
41.27870134554652,45.686528053778495,situp_up,343
42.07282586337222,43.69410084843467,situp_up,343
36.81519789792453,38.63909946759781,situp_up,343
38.33583459689701,45.65225436277024,situp_up,343
33.38687767089215,43.862603034981774,situp_up,343
34.302334269289496,38.60450281598917,situp_up,343
27.48535746445217,36.34711035390752,situp_up,343
28.653970794666904,37.10176053141789,situp_up,343
27.54152243213141,32.509842779048945,situp_up,343
22.22292859768526,31.53900622000628,situp_up,343
21.763612649476787,31.49944025587424,situp_up,343
17.27658047109508,29.72728671495413,situp_up,343
16.66799764856052,29.57082939644568,situp_up,343
17.08193282440117,29.65168529247644,situp_up,343
14.099308588616376,28.065271678496803,situp_up,343
15.3446310313532,27.33207619011629,situp_up,343
14.508565599074164,25.242491030522725,situp_up,343
17.031836532648338,25.614762736406355,situp_up,343
16.33472560972921,24.950899367654124,situp_up,343
15.725049875441156,23.72049565919536,situp_up,343
16.948721458052564,24.046721649767655,situp_up,343
19.20078240758451,26.93247596948152,situp_up,343
21.276230528625685,27.549339908181867,situp_up,343
19.67274847091465,25.85418151779921,situp_up,343
18.84110583557361,24.915505084317168,situp_up,343
20.81563905585933,28.05197937900595,situp_up,343
18.16416363224752,28.067776528663344,situp_up,343
20.3853550295458,31.806158582958528,situp_up,343
22.50506356873331,29.32160139078168,situp_up,343
25.63647503301547,32.529504603973336,situp_up,343
26.79356989042225,37.09735924582845,situp_up,343
28.385833303732426,41.44893931753117,situp_up,343
30.598158883153623,43.77893798111488,situp_up,343
34.04118120885768,45.02831561442131,situp_up,343
35.711026179819925,45.1627364627395,situp_up,343
38.85430713832106,48.11992925670855,situp_up,343
45.06358835296021,58.014742722819136,situp_up,343
47.83474144154002,60.66745522376807,situp_up,343
51.951080819059214,63.10428651055771,situp_up,343
54.33311615446504,70.09819146313608,situp_up,343
57.818265559226425,73.34799639989878,situp_up,343
14.127356853251973,3.6629371689186345,situp_up,343
63.81112869447112,55.15052420893289,situp_up,344
4.577872988044341,16.705772874295707,situp_up,344
7.895981508830358,12.418510966608666,situp_up,344
42.62674347877847,28.320190604344607,situp_up,344
40.91011057463205,53.54365860995428,situp_up,344
54.10427465849291,59.22103087913835,situp_up,344
41.89784043681002,38.47283181511683,situp_up,344
7.937770719739711,14.397739883766194,situp_up,344
24.42350685400701,39.13569903874447,situp_up,344
30.231723493357357,28.20238219506764,situp_up,344
51.15447067946043,47.49836813756384,situp_up,344
56.365107619555474,61.75838889997785,situp_up,344
65.84864409831563,70.03556684664599,situp_up,344
22.224886208764453,30.182485536602584,situp_up,344
46.03631270972042,57.66330779973795,situp_up,344
66.49233903200322,69.57489131413347,situp_up,344
77.08258485236807,60.10316211834542,situp_up,344
61.92703911525162,67.89916305431835,situp_up,344
50.88863395284913,46.62606237825821,situp_up,344
9.92654185902784,4.3815382712657,situp_up,344
23.046699888497077,9.78524941431474,situp_up,344
2.057497742650765,11.861181650119317,situp_up,344
175.1304168640145,179.28943064580417,situp_down,344
60.981123397651125,65.48402945891885,situp_up,344
171.7704916634416,176.67137643252673,situp_down,344
173.67917436130452,176.12493533626383,situp_down,344
57.63621066096919,63.86112395105711,situp_up,344
38.46631544177936,44.66139164362605,situp_up,344
27.66541963343884,2.201613854000134,situp_up,344
173.73957503824414,171.54981702127537,situp_down,344
170.16676790106348,163.00135000064904,situp_down,344
46.60680372468931,56.17309148265433,situp_up,344
58.94347980020007,69.29821012944599,situp_up,344
175.27220235395262,152.6362754486628,situp_down,344
14.742604174732394,24.290411777567275,situp_up,344
74.65376310608475,60.00020969804745,situp_up,344
179.75017470093374,165.6240853157799,situp_down,344
7.357044775065125,26.367860458240184,situp_up,344
36.22522275814018,50.43588759937954,situp_up,344
58.26528495013226,61.647965825980144,situp_up,344
52.74862526420576,63.8653495241356,situp_up,344
34.58193750352707,51.91933220589755,situp_up,344
27.054032333308644,1.59737438186361,situp_up,344
26.116605776508468,18.591375929478563,situp_up,344
48.9387792407931,49.46767800215871,situp_up,344
54.17160643030923,59.44908466728637,situp_up,344
16.860470877633375,17.52764463020162,situp_up,344
57.9013838367308,61.93050834039631,situp_up,344
46.27869418461236,45.80170290713105,situp_up,344
23.69895573251472,28.14981240487224,situp_up,344
34.9257402149817,57.27580073179705,situp_up,344
22.34737908986445,16.181667038456126,situp_up,344
41.37760356329692,36.60302074314031,situp_up,344
58.07980958533978,63.76264206576949,situp_up,344
43.686512164910006,54.62985781679778,situp_up,344
19.29953304537984,23.55721970832973,situp_up,344
20.81046492222054,28.19427637816644,situp_up,344
49.07580214081449,54.145991594653104,situp_up,344
64.32606692819128,69.71097067383954,situp_up,344
63.48530095386814,71.71853911520091,situp_up,344
51.57016404640399,58.26204079666685,situp_up,344
42.32067360177562,64.31396597500269,situp_up,344
30.08591363826304,28.71973948906053,situp_up,344
50.40168897812844,52.22099023451828,situp_up,345
52.37291079216311,50.69703897523132,situp_up,345
50.17135894622013,50.36888202813842,situp_up,345
53.851016454665135,55.63141800668056,situp_up,345
52.83801935119642,51.88757482349565,situp_up,345
56.408026396245376,55.27874804463734,situp_up,345
55.17095080522012,52.268904817925495,situp_up,345
60.00430025591468,55.27595572358568,situp_up,345
62.92606962287307,58.26981951487743,situp_up,345
67.16308340535525,61.518602165396665,situp_up,345
72.2962114724448,62.71306124647295,situp_up,345
153.0798398823542,150.06787444923603,situp_down,345
157.52440360241462,152.41257380443977,situp_down,345
160.83829556747364,157.19376934696135,situp_down,345
163.951269945268,163.70008344734651,situp_down,345
165.5019748490857,165.37250040524137,situp_down,345
176.25387486944052,169.9014377414856,situp_down,345
176.02629724203555,170.67024060274665,situp_down,345
174.89779292486497,172.1948695583593,situp_down,345
178.7311229210816,173.704257164777,situp_down,345
178.7062174662253,173.810801243566,situp_down,345
175.83387984714187,175.85530715648363,situp_down,345
175.37247062240397,175.68047897569815,situp_down,345
175.41270533087777,176.9055770614871,situp_down,345
173.45836884816583,177.69363377896815,situp_down,345
175.09868701777398,179.30564425815507,situp_down,345
171.29607281346736,175.2243362571642,situp_down,345
172.4396444387878,176.9293672388741,situp_down,345
170.1426942218389,177.8309271493786,situp_down,345
169.05584139231092,175.6084276844318,situp_down,345
169.02893214125504,177.65635474715967,situp_down,345
171.52589936157702,179.3713852609429,situp_down,345
169.3522147680111,176.39310163159894,situp_down,345
168.36226840071612,176.01890196228965,situp_down,345
170.0424329781713,179.30482190237032,situp_down,345
168.68185293570022,178.95728009485407,situp_down,345
168.5475384134809,179.34442805338145,situp_down,345
169.32780132531366,177.6805283563517,situp_down,345
168.12611576310167,178.34218779654728,situp_down,345
168.55505794752509,178.55620059511963,situp_down,345
169.05203875016767,177.89638862595325,situp_down,345
166.65266430940827,178.9420287547235,situp_down,345
166.57039536608127,178.4933636777262,situp_down,345
171.78496791839984,178.59675429187683,situp_down,345
174.1514311236202,178.76371257867132,situp_down,345
172.46136516259645,179.39384854300954,situp_down,345
173.40630075926134,177.2795692992664,situp_down,345
175.74547861637964,175.058264931611,situp_down,345
178.29418622863753,174.2700815108443,situp_down,345
170.3912758756757,165.7100364280839,situp_down,345
164.08625556740705,165.02230905447882,situp_down,345
153.09949246857485,153.2661422260063,situp_down,345
68.90346985254037,69.00932237938392,situp_up,345
65.12649312303293,62.628167207931824,situp_up,345
60.36897551275491,59.485115196944754,situp_up,345
55.28886097545237,55.11789898906968,situp_up,345
53.76561304664304,53.575835212172926,situp_up,345
52.340205147453375,52.60504611405239,situp_up,345
48.401127595299066,50.31782733467925,situp_up,345
48.76772548455858,50.34570387135117,situp_up,345
45.69006159422239,48.21948939136282,situp_up,345
44.97983431688258,47.69385108635124,situp_up,345
45.69173747300663,47.25111105345291,situp_up,345
46.37817977444881,48.53703714971764,situp_up,345
47.65095470423868,48.62973504281384,situp_up,345
49.490717938092885,49.85987708818063,situp_up,345
54.47696136081969,56.07160168297563,situp_up,345
55.69686309806495,58.89332557255608,situp_up,345
59.53863489928782,61.347860483191226,situp_up,345
62.87693219398791,65.0567350785952,situp_up,345
155.89846000411808,157.04212805595378,situp_down,345
154.35483317696637,154.92447591515355,situp_down,345
157.79588712018915,153.8523942565066,situp_down,345
160.87393635199084,157.13332940688528,situp_down,345
172.5636569912264,162.2775074827009,situp_down,345
169.04085228962833,165.1637159610252,situp_down,345
172.88370373259468,170.33120800674544,situp_down,345
178.17878855659976,171.7738985668638,situp_down,345
178.0143007607655,178.1073221457098,situp_down,345
173.6814326832331,177.8500026009128,situp_down,345
173.05410941769316,178.5329267909705,situp_down,345
174.08564198281894,176.8562786243973,situp_down,345
170.98432464594265,177.45310723680376,situp_down,345
168.5848506309574,177.1220023897373,situp_down,345
170.64871489960916,176.42181565619373,situp_down,345
171.7422722085806,174.9354700255317,situp_down,345
170.91951443153405,178.81573618924205,situp_down,345
167.6029037071007,179.07877612859002,situp_down,345
165.78610043290095,176.21298391115056,situp_down,345
169.809866647889,178.91658818163663,situp_down,345
167.424991978455,177.98209855717135,situp_down,345
168.17526884951974,177.71102646633048,situp_down,345
168.53996583540444,178.9827672463092,situp_down,345
167.20407233168447,177.8264147866478,situp_down,345
168.3268060064486,177.98509625358474,situp_down,345
168.28463743924908,176.81508982945323,situp_down,345
170.3376033803803,177.4145378452448,situp_down,345
171.2010406398676,179.73971375577534,situp_down,345
171.68466299783032,179.51316911572133,situp_down,345
170.6684364637594,178.2872568748435,situp_down,345
175.32651307779864,178.01565225412816,situp_down,345
176.76118967607064,177.75553207883988,situp_down,345
177.57061354987985,177.09031141617007,situp_down,345
173.23645388597564,169.84636506697154,situp_down,345
167.30963155883626,169.03918224870213,situp_down,345
68.18680255510897,62.82888015207599,situp_up,345
61.45327180129484,67.08995211200788,situp_up,345
59.44063674016267,63.00009202259975,situp_up,345
54.68395555524399,57.477139727084655,situp_up,345
53.2107722733218,55.53238190433254,situp_up,345
49.57772665556663,49.99646058336451,situp_up,345
48.8805623355652,38.93055164036839,situp_up,345
47.83786095842975,38.53914766904109,situp_up,345
45.31530688670375,36.611893648722514,situp_up,345
42.525809974504746,34.509289329368904,situp_up,345
42.961585617968055,35.56846264552393,situp_up,345
47.55310078372805,41.30226411459277,situp_up,345
49.67548154497977,49.267686901162,situp_up,345
50.83531873257155,52.18490959255592,situp_up,345
51.42650530478338,50.42264391599116,situp_up,345
53.87260088963707,55.34536893276061,situp_up,345
56.8191297941466,58.93104619246398,situp_up,345
63.74396750341515,64.99002925405448,situp_up,345
146.03051099805398,155.079033594422,situp_down,346
146.9595420945332,155.3594881658679,situp_down,346
146.04839967933876,154.16156241689242,situp_down,346
149.5641540978637,152.10359773388635,situp_down,346
151.8949627778868,153.7478083223493,situp_down,346
66.42674769489133,70.45046006223862,situp_up,346
62.51038842739476,67.72195545824214,situp_up,346
60.821005815383785,64.06454580827264,situp_up,346
60.18655987224425,63.5700303059398,situp_up,346
59.41045065979904,66.29387600915575,situp_up,346
57.28045440259592,63.576353056567406,situp_up,346
57.07730029034125,68.61041690167534,situp_up,346
54.87431208877004,55.185993275748,situp_up,346
55.552075929836406,57.54797434104463,situp_up,346
53.81321771110509,57.53254727975688,situp_up,346
56.094069063469966,52.3887431451824,situp_up,346
52.153018318722616,54.931127330745554,situp_up,346
51.01923806331812,56.53605100356215,situp_up,346
50.142593996423294,56.73115642338985,situp_up,346
52.48802415856672,57.61428497048443,situp_up,346
52.746929865120265,55.92140364407695,situp_up,346
51.97132372078331,54.9364959044377,situp_up,346
53.86883750808176,57.1179864702424,situp_up,346
55.13734572500087,56.724106549657584,situp_up,346
57.36467604758467,57.26290241514446,situp_up,346
56.05046890492834,56.11858601277746,situp_up,346
56.7333543165539,55.50502951923454,situp_up,346
57.30472412835009,53.82786056269336,situp_up,346
56.732994479371406,52.832760498164085,situp_up,346
56.39071235659705,54.20724539334263,situp_up,346
57.761688253557,53.25803394078503,situp_up,346
57.693568872209056,55.0709754835302,situp_up,346
60.38817327799871,60.09997000619487,situp_up,346
58.84049724766842,59.63672425478999,situp_up,346
60.6700645575101,62.50203602483111,situp_up,346
57.3713625778639,56.08849037016148,situp_up,346
58.92572226501049,59.49397636929017,situp_up,346
59.07998600788135,59.63216213439416,situp_up,346
61.56690505751984,62.96767137702557,situp_up,346
62.026860069348366,62.11926764224931,situp_up,346
63.21422313783559,62.90603935635809,situp_up,346
66.55622791316824,67.17552147919297,situp_up,346
150.94208725521628,150.85992023653628,situp_down,346
148.27884825919858,153.04385862483073,situp_down,346
147.63205265179624,158.10866940195794,situp_down,346
147.30874980842262,158.02268983564204,situp_down,346
144.7465572513783,155.78966738269142,situp_down,346
146.22657692105616,153.8487445747321,situp_down,346
147.8768152142184,156.54425226151614,situp_down,346
151.46320900288393,159.85479975260546,situp_down,346
151.26971452036986,158.07067635062876,situp_down,346
149.98872469512108,157.10361062065226,situp_down,346
151.80849339545344,160.86221397570017,situp_down,346
151.6048194580875,158.53297810585323,situp_down,346
148.89489681364313,157.6954157475568,situp_down,346
147.334459178564,153.90488926954944,situp_down,346
145.9512613138367,154.08635048519568,situp_down,346
151.0834498981104,153.31444934702452,situp_down,346
148.99148859528438,151.76533078087402,situp_down,346
150.09034007019412,150.964319551414,situp_down,346
70.80226312931073,66.88708071538295,situp_up,346
69.20287049080288,65.69349952767135,situp_up,346
65.98772373728433,66.70662036921776,situp_up,346
68.82416700365971,66.18135417253139,situp_up,346
67.27806080279096,67.53966882359393,situp_up,346
65.66652037228063,63.38978413622298,situp_up,346
61.59446489717752,66.89179170984013,situp_up,346
62.14147943073152,58.40258459523258,situp_up,346
62.07186622872744,59.68606531706224,situp_up,346
58.4752320551541,57.63212293061951,situp_up,346
57.258552067491685,58.57406485168902,situp_up,346
55.43720829573915,58.6442449367872,situp_up,346
55.516098196544256,57.67398268173832,situp_up,346
54.13565307856776,59.12792261771588,situp_up,346
55.00783336582314,59.23964940968436,situp_up,346
55.695957494175765,59.02855996346578,situp_up,346
129.61257078825452,178.24741087645538,situp_down,347
127.40903136565238,175.6580728494687,situp_down,347
121.20901668045578,179.48907045962042,situp_down,347
124.11866508014896,177.7240092436406,situp_down,347
122.3185759263926,178.33864498219998,situp_down,347
121.68815598221812,178.8624355562223,situp_down,347
125.62922544605186,175.5163523944626,situp_down,347
130.7627634350565,169.78524903805493,situp_down,347
128.0048750867846,173.74827077825924,situp_down,347
126.63077060276792,174.30621713284822,situp_down,347
131.6863601929163,168.74641865187226,situp_down,347
177.07613110505008,161.24504361281075,situp_down,348
178.43177283283612,160.4386091935186,situp_down,348
179.02660798586774,161.13972597982257,situp_down,348
179.02460667384062,161.20126537216737,situp_down,348
177.49840428729385,160.95541256877584,situp_down,348
177.74862124232348,163.50969846018475,situp_down,348
178.23297848628076,162.01969195095373,situp_down,348
177.88240288817428,160.0292068606281,situp_down,348
176.5835865924615,160.8448782004742,situp_down,348
176.95194954114314,160.76603650830864,situp_down,348
176.2694788373913,161.70563873381874,situp_down,348
176.2246276466663,161.94646841092904,situp_down,348
176.78245467324868,162.36677649201627,situp_down,348
177.5905942129838,163.5790182844143,situp_down,348
177.3777748773599,164.78033887207573,situp_down,348
177.24501529928517,164.75290689836245,situp_down,348
177.27000274776572,164.97891653840537,situp_down,348
176.5657297043123,165.28187592033447,situp_down,348
176.62430758227924,163.67880333276668,situp_down,348
175.8765942774492,164.24787780029877,situp_down,348
175.0522234168848,163.30610699729655,situp_down,348
175.41143799952368,163.34549647899124,situp_down,348
174.65352499507637,161.86919937270812,situp_down,348
175.5828902130637,165.07790983179953,situp_down,348
176.75532136373351,164.53100579317578,situp_down,348
175.7600821731219,164.19275877493584,situp_down,348
176.82854128599266,165.02465108896914,situp_down,348
177.6894015091176,165.0276428753389,situp_down,348
174.99625387946563,164.85611934295306,situp_down,348
175.2918529149958,163.86591039175693,situp_down,348
175.25217887901795,163.61033225932377,situp_down,348
174.42997700338557,163.0554790602512,situp_down,348
177.54768717630213,165.99549721606607,situp_down,348
177.65356782616402,164.96798641064697,situp_down,348
174.2762732240422,162.81450769346694,situp_down,348
174.83289360622,164.18782904765317,situp_down,348
174.63521016001928,164.50343883148062,situp_down,348
175.3803771932047,165.437212453799,situp_down,348
177.57061303780557,165.85012204750876,situp_down,348
177.46043737547637,167.8230939044198,situp_down,348
176.73693916650217,166.25158315905037,situp_down,348
175.69863841170982,166.01014089820552,situp_down,348
177.33224733317127,166.41191856404777,situp_down,348
174.9148263370532,167.00612972288252,situp_down,348
175.27303151317412,168.02586176384978,situp_down,348
175.20216910008213,168.32013373238485,situp_down,348
172.3992553239953,165.6606807621034,situp_down,348
172.37623529717726,166.86670576617354,situp_down,348
174.12352341782665,167.1858184294145,situp_down,348
173.75314727328123,167.66848822831733,situp_down,348
172.734849616498,164.1681163404671,situp_down,348
173.17706646698633,164.39489278919137,situp_down,348
173.20253359470098,165.36985197070774,situp_down,348
175.89839212758346,167.5983742203816,situp_down,348
173.0571883949126,165.45823376240162,situp_down,348
173.95381119507397,164.46505981338848,situp_down,348
173.7593439055551,164.42561907403072,situp_down,348
175.62403359821363,165.77045529437265,situp_down,348
173.58625484464926,165.83632535143957,situp_down,348
172.64618357062676,166.61846427423427,situp_down,348
172.14216462803262,164.6900385989994,situp_down,348
171.0496061763635,165.56820857130828,situp_down,348
170.38816801599725,165.1185079012122,situp_down,348
168.7811086172834,163.62516809750244,situp_down,348
171.0914336856866,165.35664793456462,situp_down,348
169.61122516422262,162.583468112077,situp_down,348
170.61416149953988,162.81669269480727,situp_down,348
170.28003371562534,162.90917031807064,situp_down,348
173.04917650577008,165.80011413936833,situp_down,348
168.39065122857463,161.85837661684135,situp_down,348
163.76240620884914,155.78495154932048,situp_down,348
163.938652516274,158.10119084405767,situp_down,348
164.07162464061324,158.6960739172782,situp_down,348
155.16779014697224,151.76522336799945,situp_down,348
156.47023406555067,149.41262552300017,situp_down,348
70.17866235832227,67.836189729318,situp_up,348
69.5418660407721,65.30330888315218,situp_up,348
71.05001503721964,66.1715014928001,situp_up,348
67.98179791010034,65.00583951188361,situp_up,348
67.94591676316969,59.60937223840521,situp_up,348
60.19401923064005,59.80110446578095,situp_up,348
58.86575358049288,64.77463384218926,situp_up,348
59.20147022346308,61.71959490825054,situp_up,348
60.08201881733156,60.51066482033558,situp_up,348
57.81022827809429,59.01946073329996,situp_up,348
57.11760616899424,59.59387817153149,situp_up,348
59.68640092890419,61.47075499284216,situp_up,348
61.59936054592692,62.19428375819847,situp_up,348
63.42827149492383,64.46987855550303,situp_up,348
63.22407820645696,63.85758508034215,situp_up,348
61.7514737249313,59.46670770520359,situp_up,348
63.15703674221744,61.95914892126054,situp_up,348
61.63072439742344,62.99341865158781,situp_up,348
59.51939087577284,60.88010795885206,situp_up,348
60.43403285647962,59.99933056810889,situp_up,348
60.40614913582293,60.031265760393886,situp_up,348
58.99419188220155,58.46029857100355,situp_up,348
59.6197955214883,59.88250111184407,situp_up,348
59.596241782940446,61.81018443874887,situp_up,348
60.49179209152872,62.65838800207138,situp_up,348
57.70990858477077,59.7404613481277,situp_up,348
60.95061863958197,63.560207704833736,situp_up,348
59.503979493402014,59.20287986280989,situp_up,348
58.37980279646872,59.41176080118792,situp_up,348
62.170284178266456,62.34711766824011,situp_up,348
63.08853190450718,62.939576990133496,situp_up,348
61.050842266516895,61.218359433404935,situp_up,348
60.05718824335507,60.39996314453599,situp_up,348
59.27436607709853,59.04473391302694,situp_up,348
61.59277031263286,61.4319262382621,situp_up,348
59.74908694500951,62.45858437509937,situp_up,348
59.83453828724683,59.90739817902524,situp_up,348
61.191073159036186,62.40583608061048,situp_up,348
62.99421036050971,63.01278411975346,situp_up,348
63.63876900013958,62.29525261319759,situp_up,348
61.40396331680634,62.11353561220613,situp_up,348
62.6408354366737,61.53429786023901,situp_up,348
61.609177465499776,60.45697653630663,situp_up,348
61.65295265706026,62.86098918289802,situp_up,348
60.800058997267485,62.12593631716176,situp_up,348
63.681015838702,62.62100561898252,situp_up,348
63.67801381482325,63.00783914196634,situp_up,348
64.46830877275112,64.18607210397752,situp_up,348
66.2136821471429,66.60346422042164,situp_up,348
66.32019057621613,64.2892521632176,situp_up,348
62.57408551058464,64.8317126893558,situp_up,348
63.3939017117998,65.1621418933217,situp_up,348
64.07447020483356,65.48045440625717,situp_up,348
65.2711490053251,66.43982867405518,situp_up,348
65.92036550596895,67.96527815201702,situp_up,348
68.38175216406637,69.7494328592708,situp_up,348
66.47801963957363,70.68267921953121,situp_up,348
67.73061203767459,69.89126685653416,situp_up,348
69.63011273375058,68.6411392007817,situp_up,348
69.81285769539029,69.662238715867,situp_up,348
70.94396023326907,68.43961212821252,situp_up,348
160.10981017439386,150.1394769370494,situp_down,348
159.4792070557344,148.19352910919014,situp_down,348
158.74605402766088,147.87135773861482,situp_down,348
158.39567654601566,152.41120672032898,situp_down,348
161.72436141330968,154.31220978764767,situp_down,348
163.2783698460895,155.304087288869,situp_down,348
163.88745207800162,154.81576667200903,situp_down,348
165.50210988248597,155.2337852805941,situp_down,348
163.39545233791904,151.67022207531085,situp_down,348
168.73043156958792,160.35639202858195,situp_down,348
172.70545520270443,162.63027651918773,situp_down,348
169.4123220244333,160.6028280134853,situp_down,348
171.6367374423477,160.57531432469457,situp_down,348
172.27591056371648,164.5315409396476,situp_down,348
174.08514944259198,167.33212285865744,situp_down,348
173.72844186847337,169.15795536210985,situp_down,348
170.88202792359476,167.0609948707907,situp_down,348
172.53847261099136,167.4254138424484,situp_down,348
172.58230293846427,170.81509860442998,situp_down,348
176.63166257992367,170.12096699881792,situp_down,348
176.62480997806415,171.804469815602,situp_down,348
163.2420773566079,161.5525895801573,situp_down,348
70.52567041180791,68.01062362262941,situp_up,349
70.52567041180791,68.01062362262941,situp_up,349
70.52567041180791,68.01062362262941,situp_up,349
70.52567041180791,68.01062362262941,situp_up,349
70.52567041180791,68.01062362262941,situp_up,349
69.22362384296775,69.92376989256763,situp_up,349
67.18952228975189,61.57291775910232,situp_up,349
66.60213802378938,63.77983508039995,situp_up,349
66.28288847718049,63.47751121957867,situp_up,349
66.28288847718049,63.47751121957867,situp_up,349
66.28288847718049,63.47751121957867,situp_up,349
71.72299000483004,61.76273011281992,situp_up,349
72.45206502177571,61.51541472790991,situp_up,349
65.77622189974998,59.02706878725549,situp_up,349
64.57929277234906,59.43565036587125,situp_up,349
64.59011400499907,58.66887236178067,situp_up,349
76.3544647488635,58.735025939588176,situp_up,349
76.3544647488635,58.735025939588176,situp_up,349
76.3544647488635,58.735025939588176,situp_up,349
76.3544647488635,58.735025939588176,situp_up,349
72.14516657394805,47.83347773235654,situp_up,349
72.14516657394805,47.83347773235654,situp_up,349
72.14516657394805,47.83347773235654,situp_up,349
72.14516657394805,47.83347773235654,situp_up,349
72.14516657394805,47.83347773235654,situp_up,349
68.76230400912307,50.36319351253258,situp_up,349
68.63722901458236,47.90081467121743,situp_up,349
68.63722901458236,47.90081467121743,situp_up,349
68.32496006120581,48.14719065354128,situp_up,349
68.6508457271055,48.36382124104067,situp_up,349
45.75971190244313,29.094145844280888,situp_up,349
43.81340058426707,29.839964209322137,situp_up,349
44.71880761463861,30.572330695317746,situp_up,349
44.71880761463861,30.572330695317746,situp_up,349
33.55758306902153,28.73003852522117,situp_up,349
25.340702656104597,22.13246212426796,situp_up,349
26.3334207230845,22.216501818944792,situp_up,349
25.05597903783212,22.18265484313644,situp_up,349
25.584762283093703,21.27996680501179,situp_up,349
49.734818380724,29.90252758033505,situp_up,349
50.67505300037742,27.498687827787258,situp_up,349
50.67505300037742,27.498687827787258,situp_up,349
50.67505300037742,27.498687827787258,situp_up,349
50.67505300037742,27.498687827787258,situp_up,349
24.171129916803725,25.779538044285378,situp_up,349
24.171129916803725,25.779538044285378,situp_up,349
24.171129916803725,25.779538044285378,situp_up,349
29.39273570300094,21.90743893840484,situp_up,349
29.39273570300094,21.90743893840484,situp_up,349
32.00045039223947,23.460163459683177,situp_up,349
28.46141692623489,20.560445104545693,situp_up,349
27.46072836529345,19.37997281734869,situp_up,349
27.46072836529345,19.37997281734869,situp_up,349
27.46072836529345,19.37997281734869,situp_up,349
32.4116590104195,23.50938528099876,situp_up,349
53.22017344727222,35.553563681584535,situp_up,349
53.22017344727222,35.553563681584535,situp_up,349
53.22017344727222,35.553563681584535,situp_up,349
53.22017344727222,35.553563681584535,situp_up,349
45.07892533293567,35.61492512361658,situp_up,349
31.915344079563404,55.64161321223538,situp_up,349
35.747259268305946,63.94277818458178,situp_up,349
37.81530535182572,66.67087200241724,situp_up,349
37.34159329601075,52.75025137708084,situp_up,349
23.34752956065436,55.11474684421118,situp_up,349
47.7201932881428,52.185000497883046,situp_up,349
41.13524314999832,41.4512840757109,situp_up,349
45.60806153804605,50.30285621711794,situp_up,349
46.40206807418044,47.39475313336389,situp_up,349
34.190302095538435,40.73361345074013,situp_up,349
29.5294483590045,43.38902242806058,situp_up,349
31.851842560389585,43.41515017812396,situp_up,349
30.491659575004537,43.37991420403935,situp_up,349
30.02315710460547,42.94702328692383,situp_up,349
29.72848003493354,40.34854231292184,situp_up,349
52.330172457548905,48.84150550341647,situp_up,349
46.14629290069814,48.67090892759055,situp_up,349
53.40548375343674,49.48473813880408,situp_up,349
53.64095729333916,56.45395776547563,situp_up,349
55.877958585846905,57.474279723007164,situp_up,349
56.50818229312136,66.06797771271447,situp_up,349
53.66335728341621,63.4119444973675,situp_up,349
54.67799159519377,63.84432336488411,situp_up,349
54.08256759625933,62.5871997866434,situp_up,349
58.647087731123975,62.40979923133544,situp_up,349
61.5117564551336,73.33399223183781,situp_up,349
61.83102905695195,70.72660706445225,situp_up,349
61.74052839090259,75.19038192552192,situp_up,349
61.66168312143464,71.12389101984463,situp_up,349
53.40029168895299,73.5014998958997,situp_up,349
64.02951878101517,74.81572908894167,situp_up,349
64.02173754370993,73.6424379981601,situp_up,349
59.40775658704548,76.08861452080161,situp_up,349
43.958714673412445,49.23416779793166,situp_up,349
44.78963581542838,49.52565234708825,situp_up,349
44.10639374691171,49.43908895580833,situp_up,349
43.357462188932566,48.73196323548336,situp_up,349
47.341977100149855,49.53359594237434,situp_up,349
75.59157844967598,53.33959916142738,situp_up,349
76.13165198722011,53.08287024212748,situp_up,349
75.0168553647106,53.31355027926579,situp_up,349
71.97499980498253,53.09129338613741,situp_up,349
78.74365200159197,53.48352964801655,situp_up,349
48.844100604424575,47.581455153659135,situp_up,349
51.139419934906535,48.38461589537626,situp_up,349
53.05820897661143,51.29386271316325,situp_up,349
50.86540931651911,50.1237458481711,situp_up,349
37.90406890746954,42.65273496877957,situp_up,349
43.974187517978805,51.79020440962625,situp_up,349
38.776855018868005,55.93860317697195,situp_up,349
39.36838247960725,52.047958414934605,situp_up,349
44.63742426340837,56.46341616923888,situp_up,349
53.50966193143181,58.19049286667959,situp_up,349
34.43788630815352,48.97963888154778,situp_up,349
31.178093360672964,44.05395738157226,situp_up,349
32.53524472467926,46.11098286332266,situp_up,349
31.020436232240804,43.68291635184292,situp_up,349
30.53957853696489,46.7423974787285,situp_up,349
35.872982562569284,48.90980475539986,situp_up,349
47.78895348358383,57.19262521713616,situp_up,349
44.61705779808318,55.30728751809988,situp_up,349
42.8982044141741,57.736833561563145,situp_up,349
29.68973689857248,39.67434642238831,situp_up,349
42.389223013034346,45.29373548786132,situp_up,349
36.37159848673148,45.53835858760738,situp_up,349
36.34950494830919,45.72081297687247,situp_up,349
36.34950494830919,45.72081297687247,situp_up,349
58.85146922863593,63.00134654587583,situp_up,349
57.60041356424358,74.84003864458457,situp_up,349
51.98628153373576,59.558991488681166,situp_up,349
80.70252302447578,49.048048795628354,situp_up,349
79.97402362058651,50.62393815554445,situp_up,349
37.02069012275104,48.11323205078667,situp_up,349
156.9536688834236,172.58716186802658,situp_down,350
155.50094870459242,170.93156643412345,situp_down,350
155.1429282450159,168.74287151168804,situp_down,350
161.66181694386182,164.7192138597993,situp_down,350
162.00716626507256,165.1821765135785,situp_down,350
163.93698363089837,161.64797457851398,situp_down,350
165.7829360529986,161.94820539062226,situp_down,350
166.20626757581886,159.23668822635358,situp_down,350
176.46409927050718,153.01513018503695,situp_down,350
176.7105831510583,147.3147654178528,situp_down,350
176.88378853131695,146.89531559338494,situp_down,350
165.19453979563704,139.96371394171743,situp_down,350
166.12644832704513,140.78146734414673,situp_down,350
166.339698561559,140.79682374889427,situp_down,350
162.55030318249246,139.07485562946098,situp_down,350
162.74325771045966,139.0871930916576,situp_down,350
171.72914153059804,144.3592095687154,situp_down,350
173.0237290765789,144.24573224603557,situp_down,350
171.2202482341007,150.173507840674,situp_down,350
176.40821118667762,152.72282540496323,situp_down,350
178.7173799458664,154.7028073094621,situp_down,350
177.11712514466413,148.29681452073686,situp_down,350
160.1151016398054,167.74846920778086,situp_down,350
159.94129590287108,165.48462158033368,situp_down,350
154.5565218476787,169.88788402954913,situp_down,350
158.01118155412058,170.7420751190492,situp_down,350
154.9318973858071,173.22404723175282,situp_down,350
157.81827043592745,175.34444681005107,situp_down,350
157.33527571076758,178.08874634008092,situp_down,350
157.29034960395774,178.30483067352424,situp_down,350
157.74137725657226,176.808892461295,situp_down,350
153.05778279450095,179.43220120757425,situp_down,350
153.986408173179,176.65374300157686,situp_down,350
154.63127679834264,179.73433710332554,situp_down,350
157.60934944634775,178.99810106982383,situp_down,350
152.07074686440646,178.7126925966642,situp_down,350
158.80870155944442,179.95887847579166,situp_down,350
153.91083703513937,178.9693315361859,situp_down,350
155.5756911293081,178.57802875228757,situp_down,350
160.81594911060046,178.3771125452733,situp_down,350
154.42875809950593,174.38724113188286,situp_down,350
157.78382408010273,177.19839436138724,situp_down,350
153.88727711650645,173.86378255524264,situp_down,350
167.56115366384208,168.5566602983537,situp_down,350
164.4870128255855,166.1671356131436,situp_down,350
170.94428805253668,144.30717668404174,situp_down,350
168.66963536352026,144.73259055215607,situp_down,350
173.000652780957,138.97750517982487,situp_down,350
172.43593270317402,143.06846586996687,situp_down,350
165.99146842821702,144.70485656781844,situp_down,350
168.39893415690992,150.73080140361387,situp_down,350
177.19673353287686,160.0002717210958,situp_down,350
174.21084439320637,162.4741603321377,situp_down,350
179.50368591293233,152.5914060196214,situp_down,350
172.40298528844502,160.31419977246432,situp_down,350
170.4802347133524,162.5350589738537,situp_down,350
160.85643313984602,164.43974899090568,situp_down,350
163.86529808694524,171.30832096258592,situp_down,350
157.10671719895893,173.48322141343155,situp_down,350
159.3140257983275,172.68339467302755,situp_down,350
158.27051747791498,173.2071903331479,situp_down,350
158.86727055179992,175.5482357509004,situp_down,350
157.63189813500242,177.87293585143837,situp_down,350
154.3725520320656,176.58033451666137,situp_down,350
151.0925556873585,179.7523830700736,situp_down,350
150.60472609147052,178.18697982437598,situp_down,350
150.46146381734883,179.79628913301147,situp_down,350
155.44875610708937,178.31845982175423,situp_down,350
154.7705627761751,177.89141083283343,situp_down,350
157.0235927352391,177.29667811529853,situp_down,350
155.76775457297083,173.7637089799222,situp_down,350
157.76370841111972,173.25064633264168,situp_down,350
161.28335057161246,172.72775896685488,situp_down,350
156.4875933663905,174.46707298433964,situp_down,350
158.58151682176984,173.55188962347518,situp_down,350
161.77404834646873,170.22844525775872,situp_down,350
179.6731639385552,157.73026891917604,situp_down,350
176.11411512722344,156.2160209049822,situp_down,350
170.62501983980525,152.65815463832243,situp_down,350
162.8385631429588,137.52330114725726,situp_down,350
171.22711622224702,145.9515440827562,situp_down,350
169.91355500965918,147.2642631324428,situp_down,350
179.0573031477388,161.58819616284651,situp_down,350
176.12362035868074,148.5636788832329,situp_down,350
175.34752721503395,137.240008669932,situp_down,350
67.26749388227263,67.66074432203622,situp_up,351
56.82993066381053,57.84313407705795,situp_up,351
57.301027998545855,58.00004538004786,situp_up,351
53.85438529710137,53.77182421514848,situp_up,351
51.668274937581714,50.48213239796394,situp_up,351
48.358265341522745,48.59000812845697,situp_up,351
46.09921357435841,45.640778270141695,situp_up,351
45.83053917579308,46.03415881505676,situp_up,351
43.6975542179377,42.49495442411977,situp_up,351
43.20421571016048,40.46866786080379,situp_up,351
41.59588688743288,39.26566680560343,situp_up,351
41.644492088155765,43.66054757721908,situp_up,351
41.7037932379742,44.01158224297836,situp_up,351
40.22033916437776,43.136256086104325,situp_up,351
43.07714025219287,46.508022615426746,situp_up,351
41.42197166630543,43.135239992349135,situp_up,351
45.04672156116142,48.952891438962936,situp_up,351
44.387579990844415,48.77432030071457,situp_up,351
47.43157838991064,53.33468288490237,situp_up,351
51.876287615347394,56.085003097786775,situp_up,351
54.8789104230354,56.94310765499496,situp_up,351
61.50328476604777,67.57240348415883,situp_up,351
62.69055165709664,67.09722177931073,situp_up,351
66.64453339263827,69.01199331478364,situp_up,351
63.04813901901425,67.08398811000738,situp_up,351
57.666831899458806,61.63196811178622,situp_up,351
52.640634385603896,53.46450736909003,situp_up,351
52.07693302530113,52.97001477161589,situp_up,351
49.5721139537048,50.98415383126166,situp_up,351
47.70484294530294,45.61033399412949,situp_up,351
46.575875550957406,45.034356774642994,situp_up,351
48.2174206019012,45.14611440420292,situp_up,351
47.11032369226014,44.24872584632702,situp_up,351
45.621777413717055,44.265759581384245,situp_up,351
45.8125802073253,46.560032945084615,situp_up,351
43.85060602561097,46.400808956742246,situp_up,351
43.96457251854074,47.0795669772427,situp_up,351
44.04303632231229,46.95764457135188,situp_up,351
46.72991954795332,47.684633664894285,situp_up,351
48.28999798979269,52.19784361145355,situp_up,351
49.71101863240992,52.09824117952352,situp_up,351
52.667545700432726,56.84869570528113,situp_up,351
54.99132027909632,57.71634912263417,situp_up,351
58.54221976967934,60.851460351151445,situp_up,351
62.90925630315554,63.856704570659936,situp_up,351
67.97431952564976,68.40217663971686,situp_up,351
65.26282283654861,69.03208777080332,situp_up,351
59.45703983393455,63.24438347222833,situp_up,351
52.83219754622512,54.83174816419837,situp_up,351
51.56500529978103,53.16149284931136,situp_up,351
49.02221489637295,49.37234520698847,situp_up,351
46.45158357846979,46.82169559427484,situp_up,351
43.79784912449838,45.23689043883762,situp_up,351
41.39173607842308,42.43480952956717,situp_up,351
42.52526003809219,43.82306593115349,situp_up,351
38.90210466431137,39.48283347379542,situp_up,351
38.06726452407046,38.36606578194461,situp_up,351
37.5791420621586,38.71637131626291,situp_up,351
39.65651687185806,40.54252616118302,situp_up,351
39.819819348425774,41.24373090161344,situp_up,351
39.61899139278008,41.839770830586914,situp_up,351
40.1864042214512,41.37370473182583,situp_up,351
43.37383055109602,42.87982263952178,situp_up,351
46.33791574501723,48.98528073830737,situp_up,351
45.69319842015783,48.694096585824575,situp_up,351
49.05415775165399,50.05351417165802,situp_up,351
55.03675610640842,58.24697384961291,situp_up,351
59.97802897489574,62.40219913490387,situp_up,351
68.7013317941338,69.3680430626113,situp_up,351
68.59927379775091,69.14245203281537,situp_up,351
63.03012715224949,64.0336632464321,situp_up,351
149.38930028438864,150.69018153128226,situp_down,352
157.73284963665924,157.54183095245605,situp_down,352
164.1542976776542,169.72045336327955,situp_down,352
165.79535799730928,174.3022605586386,situp_down,352
166.7122468653494,179.39399637285743,situp_down,352
168.99107007998558,179.9947516333755,situp_down,352
177.27511656436272,174.04612691934315,situp_down,352
177.30166139173753,175.1819817654845,situp_down,352
174.67947581827858,177.0914572812125,situp_down,352
176.1802012933097,170.39952152672572,situp_down,352
177.1967612978638,170.2831807753413,situp_down,352
176.1799391203267,170.19127035833515,situp_down,352
179.9483746868139,171.1082813883194,situp_down,352
178.88745000774827,175.95674395303885,situp_down,352
175.29360981878537,173.95125325294754,situp_down,352
167.593728539753,175.19765473351544,situp_down,352
163.99505815018898,165.26704612011108,situp_down,352
160.8714982057506,164.4934726492339,situp_down,352
154.92159813183954,160.26934124958763,situp_down,352
163.6274156353221,164.29626901508144,situp_down,352
166.68038793828697,171.681432578297,situp_down,352
169.65432823227667,173.2536808620368,situp_down,352
168.54452290952648,176.9302989853541,situp_down,352
173.0875365776899,152.30663929501767,situp_down,352
173.81222311323208,178.81550208850504,situp_down,352
178.4269179558887,177.47445121172558,situp_down,352
177.25016765460427,173.1667343737833,situp_down,352
172.24213075828078,164.44036855483787,situp_down,352
179.3039540524006,175.94502724535644,situp_down,352
175.9301897031063,176.0370000488433,situp_down,352
170.33182425848224,179.18353240886614,situp_down,352
169.27872041715014,178.81026766463955,situp_down,352
166.22928812127256,167.28985840475448,situp_down,352
158.65731471150954,159.53306703963614,situp_down,352
156.36846353119145,157.61367423646544,situp_down,352
161.78876069015797,164.1347177486814,situp_down,352
162.6982438267583,169.4612953519948,situp_down,352
167.49220323411495,175.27364974286405,situp_down,352
168.3324777846928,176.48835624568048,situp_down,352
171.1521539749637,178.56163181837178,situp_down,352
174.8895414163328,172.52898811227766,situp_down,352
179.170350523035,174.1423229573942,situp_down,352
177.47784306148338,168.9908794993103,situp_down,352
175.85782393003743,167.0910738889833,situp_down,352
175.7082471231242,167.51488654057428,situp_down,352
178.49280306876742,169.68429879761678,situp_down,352
176.0718239676734,171.36649439209688,situp_down,352
175.70203794472897,179.56571931120155,situp_down,352
172.22034650872197,177.8266031940707,situp_down,352
167.84054922719622,169.38391978554822,situp_down,352
159.26653470377676,161.66924857828408,situp_down,352
150.9542663097629,151.39952183080538,situp_down,352
157.4604576520636,160.97849397921243,situp_down,352
162.06378464709832,163.2252911505262,situp_down,352
164.82324225306837,166.663202097418,situp_down,352
168.88139911388592,173.85726666220953,situp_down,352
171.243373425973,178.77798990310373,situp_down,352
173.10389576754207,176.00815864587875,situp_down,352
178.4879419018671,173.10538301240842,situp_down,352
179.84849202257345,169.7938233122683,situp_down,352
179.74236045663187,169.59764877779693,situp_down,352
178.74441652581822,172.2728591799088,situp_down,352
177.47677312197098,169.62473582844584,situp_down,352
177.79888473197636,169.9044716802209,situp_down,352
179.49167446198416,173.91292568720618,situp_down,352
174.04474202237162,177.68306528181748,situp_down,352
168.16266430733492,177.57724113073832,situp_down,352
165.89783452398933,171.53226848683352,situp_down,352
159.07610623297165,162.9419539314959,situp_down,352
149.1098745362367,153.58988292194266,situp_down,352
70.12263341165769,66.6986011667209,situp_up,353
157.0136577730702,143.1931640104372,situp_down,353
154.4848681248627,160.72616779721335,situp_down,353
156.70895377889192,159.7855264782788,situp_down,353
156.84091797202757,159.6454541917228,situp_down,353
154.13816096369493,160.2272277279703,situp_down,353
154.03370833323356,169.71193779719405,situp_down,353
156.6046144531189,175.06506955070662,situp_down,353
164.33238501628642,172.12189547044298,situp_down,353
162.04052816781294,159.78987435237786,situp_down,353
160.42871014684584,167.54427511543233,situp_down,353
155.37477580701673,175.50690155028872,situp_down,353
152.954396649965,177.5269679470012,situp_down,353
152.13620354142552,173.68119634551223,situp_down,353
149.92202027805223,173.39847748085083,situp_down,353
150.18962108049584,177.17490574491887,situp_down,353
152.91103170748096,176.36348256040537,situp_down,353
153.5409058917027,172.99128241680324,situp_down,353
158.5416174459344,174.39419821182938,situp_down,353
161.8635404168898,164.42205808020847,situp_down,353
150.8422516782327,167.52859578523632,situp_down,353
154.77837510795473,164.0086842332003,situp_down,353
151.18979858229918,171.85550569073789,situp_down,353
146.8961205491797,160.7004956410723,situp_down,353
160.14339882493795,145.04476722271554,situp_down,353
162.4578262922169,143.6197963534697,situp_down,353
160.0708281554963,148.14650405009854,situp_down,353
167.59703072490237,151.95012033869034,situp_down,353
173.05241166133857,151.66707009670822,situp_down,353
176.14772473906118,149.4231344462987,situp_down,353
170.74557544124002,148.92772604478148,situp_down,353
175.20541455816195,148.43105692307347,situp_down,353
177.9506797215696,148.85958745664362,situp_down,353
160.7249713069447,141.40812419031485,situp_down,353
161.88233132078503,140.25091953842,situp_down,353
68.5609172053296,60.66404450761561,situp_up,353
67.75873262107011,67.86522365519355,situp_up,353
68.30768411500347,68.86460020784438,situp_up,353
62.73197162775214,66.05007771925189,situp_up,353
69.10187444426515,70.44032756049467,situp_up,353
150.50870369421506,155.77448417334057,situp_down,353
153.37830189856993,155.81640434469602,situp_down,353
151.16291727800706,152.14060216946098,situp_down,353
150.81901573067856,156.5632230823643,situp_down,353
149.88867540767424,150.87329827606257,situp_down,353
171.8268212242587,132.40572802789166,situp_down,353
173.30242821606632,129.92458723832772,situp_down,353
175.39669181445822,142.49045822084287,situp_down,353
174.92716798952168,151.192060647168,situp_down,353
165.83409337894597,149.79850910098833,situp_down,353
163.055718582628,137.91503682674752,situp_down,353
164.46051208132764,144.14746393796187,situp_down,353
178.80032742015345,144.2015715603219,situp_down,353
178.2264229581958,132.7997236811667,situp_down,353
173.01559474419437,130.77470449724834,situp_down,353
179.94576148942338,125.45653269594156,situp_down,353
144.1638585018889,159.0904191998154,situp_down,353
158.80794845507418,161.87908989987517,situp_down,353
151.34183512485384,159.9755694294626,situp_down,353
150.18402059140624,175.25874080685008,situp_down,353
148.46993038933766,176.89405222493727,situp_down,353
147.9337149399537,175.7077856188717,situp_down,353
154.45234242780185,165.43910424557612,situp_down,353
154.342054473016,176.965240187098,situp_down,353
152.46386404974086,157.97835433749128,situp_down,353
152.0719925086835,170.11397105950314,situp_down,353
142.42181382520602,167.2390325944434,situp_down,353
143.8965865238785,161.63282584230737,situp_down,353
75.61666225701728,62.47180430152975,situp_up,354
74.26546300208376,61.31174446760433,situp_up,354
75.19060674847067,59.99333860093991,situp_up,354
72.55296874627965,55.91177171164001,situp_up,354
71.79870462471598,53.192992304747065,situp_up,354
72.50296133373138,54.59398135563018,situp_up,354
54.65196184931173,40.37078884845451,situp_up,354
63.75624911358002,48.46826541181304,situp_up,354
59.38527230473547,45.44194278443498,situp_up,354
50.65679121778868,38.72602642828692,situp_up,354
42.74409287191192,30.887808505643186,situp_up,354
46.19917834290724,36.780460268240326,situp_up,354
43.74006763772599,26.64907693129928,situp_up,354
40.49376632654996,27.579144408202037,situp_up,354
47.20147037923869,28.83565969308101,situp_up,354
38.9091090473845,32.082178558465465,situp_up,354
38.83719138966922,27.59358787294211,situp_up,354
48.50856597347229,31.946203521256063,situp_up,354
38.3943462587548,30.89121378811674,situp_up,354
37.75901593621138,36.17270185306925,situp_up,354
41.78685076916714,32.94251257237839,situp_up,354
39.73066302860023,40.23735376711663,situp_up,354
41.94913828701044,35.72237192130465,situp_up,354
37.85291603869872,36.16670133371376,situp_up,354
41.9605591584766,35.93895551640561,situp_up,354
37.11692166765117,37.8928763504488,situp_up,354
38.40095453015893,37.71251495846624,situp_up,354
34.188282456439445,34.387322958167815,situp_up,354
37.07068467071159,37.592694412589424,situp_up,354
37.78452774874013,37.41732583185616,situp_up,354
34.62984105908553,32.703799488239866,situp_up,354
38.81656886831958,37.840148076272975,situp_up,354
39.9541811362812,38.68348137975716,situp_up,354
39.62410122196951,34.26238114233661,situp_up,354
39.01479641838428,36.46609165896061,situp_up,354
39.7252851922247,38.5781051784358,situp_up,354
37.10751846465396,33.236360878368586,situp_up,354
39.16376146249829,33.86109682168643,situp_up,354
36.20305942338551,35.2567302559441,situp_up,354
39.94590174268945,32.469275151483124,situp_up,354
39.61497893959787,34.25333289252468,situp_up,354
40.31036647502327,33.63885574832299,situp_up,354
36.56564415759271,33.621214753534865,situp_up,354
38.80841789362006,34.526903060357405,situp_up,354
40.07952651936437,32.70182805578885,situp_up,354
39.49850767758262,32.39259950956639,situp_up,354
42.09251368784804,33.684685110180844,situp_up,354
42.52989714749649,36.03051789873527,situp_up,354
45.460746446807576,38.04937460249056,situp_up,354
50.27109068064284,44.51206571870259,situp_up,354
56.060693766061306,45.20935401237914,situp_up,354
59.18604320324693,47.65290719248208,situp_up,354
65.21553618678008,50.98434161298162,situp_up,354
66.03043030053087,54.63043539689328,situp_up,354
69.64823228642445,57.03662593738978,situp_up,354
70.88990583792511,58.53863705750162,situp_up,354
74.44997085622536,60.42070011960802,situp_up,354
77.45603407102732,61.54587198405138,situp_up,354
75.95775309860939,58.441313184149465,situp_up,354
72.34088602372232,54.3726875871346,situp_up,354
70.09134719132803,57.29231073969561,situp_up,354
67.15998114119107,56.113676026000135,situp_up,354
67.84079958444771,54.24947385075323,situp_up,354
65.2130132500555,51.5265721774147,situp_up,354
65.37735969110294,48.9094847386692,situp_up,354
60.86728884511756,48.04188162230545,situp_up,354
58.005077491992,42.87871590246935,situp_up,354
50.57960208451164,39.840030049485904,situp_up,354
50.59081103169719,39.37351578265736,situp_up,354
45.16326274897878,39.63647732581339,situp_up,354
42.891862226574176,38.52896210579172,situp_up,354
40.79386764240703,38.29660954707509,situp_up,354
40.39815503742752,32.89113219398662,situp_up,354
38.78684583966669,33.839924943429104,situp_up,354
39.30261462624343,32.93687630776006,situp_up,354
40.15782631729256,35.49680517051718,situp_up,354
43.24530156373085,38.40364323490562,situp_up,354
49.33391065640917,40.07357521763962,situp_up,354
44.20720956150073,38.40431384718138,situp_up,354
43.33463078388761,40.32973831487964,situp_up,354
39.563000254093176,37.226644096525206,situp_up,354
38.36163502223899,39.84712861224139,situp_up,354
42.88466928933903,36.86979079633947,situp_up,354
41.18859953667125,37.97389426303291,situp_up,354
41.16340315932516,35.36501407437432,situp_up,354
41.03972069513068,35.2090770757229,situp_up,354
43.13241913999954,38.94128095195018,situp_up,354
41.79604606373564,34.53874133896153,situp_up,354
42.16954318403052,37.1260451921431,situp_up,354
45.47430533784716,38.139929536991566,situp_up,354
41.28900048863782,37.93680017095805,situp_up,354
41.57176262678622,37.85341526771602,situp_up,354
42.48954786871782,41.3598333553948,situp_up,354
43.11460254969381,41.12223902709032,situp_up,354
44.33428470114664,40.65784810275905,situp_up,354
61.87534901835354,61.692326701343866,situp_up,354
45.35443699808076,33.055574562956764,situp_up,354
48.694064941003965,44.788329773206605,situp_up,354
39.3642164318343,35.1250789789374,situp_up,354
46.86874322376299,31.18977104239613,situp_up,354
37.85544299134651,36.346177671315225,situp_up,354
42.41071027061893,39.901960676579016,situp_up,354
42.94367294518108,40.868011945258246,situp_up,354
41.588306338597455,39.80046546878787,situp_up,354
44.612433488666845,40.42765469073919,situp_up,354
44.415103094964095,41.16386552519106,situp_up,354
59.036785808773246,47.0377376490932,situp_up,354
58.49076321091511,47.99672730317848,situp_up,354
65.76000080307159,53.619500238284495,situp_up,354
69.28364342295431,57.17361552971121,situp_up,354
73.33400577343241,60.68588312368047,situp_up,354
68.31008560168772,57.34356773487078,situp_up,354
75.45352279465868,61.99579892574082,situp_up,354
71.3119925432,66.60994661621415,situp_up,355
74.41855192943848,65.00996762772255,situp_up,355
68.59318940634513,63.86155352979164,situp_up,355
71.34864421488336,59.30746615745748,situp_up,355
73.21198454199501,56.41396697944956,situp_up,355
64.80428957547312,51.02056285744112,situp_up,355
56.62035130121922,47.152849472964256,situp_up,355
55.32224912752754,46.07661907974742,situp_up,355
50.73696999408251,43.11744066759312,situp_up,355
50.11965216470034,38.670178529417846,situp_up,355
52.71413157443467,34.726709144540706,situp_up,355
54.95655284500607,34.93423205284434,situp_up,355
54.349663317222166,35.71989984632659,situp_up,355
55.65526046350151,33.92609944827663,situp_up,355
59.04634048166417,35.09581902956457,situp_up,355
51.34026637514399,36.24302321180056,situp_up,355
53.070642208914926,34.95826661871194,situp_up,355
46.8077274328392,33.3571375012685,situp_up,355
46.83257410130405,33.42815177000781,situp_up,355
44.34397620786631,30.60901417967462,situp_up,355
40.223303999564585,27.490478458876535,situp_up,355
38.2606465327049,28.773147463745463,situp_up,355
35.371779523391645,32.245342903149684,situp_up,355
36.73736371641953,30.265725229548984,situp_up,355
32.277649009302735,28.88906356731883,situp_up,355
39.00404072709352,28.97239907057727,situp_up,355
38.738703693946846,30.02307153404743,situp_up,355
36.34240637761101,27.168597190062087,situp_up,355
35.10501247014938,26.847570449778605,situp_up,355
35.64923060426659,26.28808717547173,situp_up,355
37.58099412774556,28.602747903374613,situp_up,355
33.00411554753883,27.33995771965135,situp_up,355
35.87167943479113,28.723084613544533,situp_up,355
36.66519739960676,29.7620897408524,situp_up,355
45.14208447301041,32.451330517118166,situp_up,355
47.03899697761172,34.00407172642139,situp_up,355
51.49377497887185,32.50688995342372,situp_up,355
50.53527159971748,33.30901783193969,situp_up,355
52.33802093177646,32.439060838094726,situp_up,355
53.26182105134993,31.482709284234748,situp_up,355
57.967563696849766,34.596669360258204,situp_up,355
50.72845011040688,36.93728043771564,situp_up,355
52.80033639322453,44.13749225446561,situp_up,355
56.39693279168196,49.12892453052148,situp_up,355
68.84874149227107,48.48237473783711,situp_up,355
72.46199571901286,50.47313282191134,situp_up,355
79.22634549368435,57.92810669761359,situp_up,355
71.6042687764593,61.32159389796961,situp_up,355
74.18258578504184,62.62519858840376,situp_up,355
70.71077388800464,60.7349737880163,situp_up,355
63.53591201151914,50.185389839346,situp_up,355
57.71429695248098,45.19890158988602,situp_up,355
53.54424909662133,43.94272056415033,situp_up,355
56.66608986448534,44.92796102181504,situp_up,355
49.00239950163076,41.52360560702997,situp_up,355
46.823005314662126,37.98292136960183,situp_up,355
53.666050823945575,40.78058101327948,situp_up,355
46.833225059990944,36.285327138338765,situp_up,355
55.72644550897749,39.02288817146879,situp_up,355
63.33003393609692,32.26801704442098,situp_up,355
58.02300731408263,34.88823141432844,situp_up,355
55.12601460451539,30.923854672288417,situp_up,355
45.02211451458066,33.609884595821306,situp_up,355
42.01852352146933,31.21619952330688,situp_up,355
36.18968389359832,30.146802769998427,situp_up,355
35.80591957659831,30.73257314320578,situp_up,355
33.22620003470396,28.586816340866275,situp_up,355
31.65082634109833,30.11299077067849,situp_up,355
39.25621009845776,30.047007287129126,situp_up,355
38.94025817829736,27.437518587653837,situp_up,355
37.70083711504963,28.326874295695493,situp_up,355
38.41838524140199,30.55569602073337,situp_up,355
41.6561896571796,27.87009346964109,situp_up,355
38.29957600954756,27.44043222385368,situp_up,355
33.50736330410353,27.390408844223533,situp_up,355
38.082963717423176,29.945814246475603,situp_up,355
39.328384587870666,29.84222519579512,situp_up,355
44.21398605524477,30.634363133189197,situp_up,355
45.15737095263748,32.892529625164954,situp_up,355
49.33906620675574,34.26172706311423,situp_up,355
49.61253758235621,35.99897940150881,situp_up,355
59.66982560304179,38.05312087676923,situp_up,355
54.420325481368856,36.48339527670797,situp_up,355
49.86012637818498,32.92658456448324,situp_up,355
54.69285981261573,37.35484244964061,situp_up,355
52.40316447006478,44.75754854834069,situp_up,355
51.13502950053869,45.23704605752554,situp_up,355
56.34985555846369,51.78971968517472,situp_up,355
62.63751998764141,48.07294366209437,situp_up,355
67.20207332713036,49.44385460526326,situp_up,355
74.76911820226263,55.42583592915851,situp_up,355
151.46580153161602,156.5156998835983,situp_down,356
153.70799155455288,157.90776638092262,situp_down,356
154.57496821812637,159.0062932473915,situp_down,356
160.2660900412926,164.46873004555218,situp_down,356
164.33865666962447,167.98856176908183,situp_down,356
170.17053211725857,172.66249132570937,situp_down,356
169.77669898049848,169.78773907278162,situp_down,356
172.16252501641375,168.1537795446573,situp_down,356
175.52911012513087,169.78877022617507,situp_down,356
173.05902138623236,172.98455662309232,situp_down,356
177.268515735254,174.70767217009208,situp_down,356
176.9325668280986,179.49079858172854,situp_down,356
174.1458129394687,177.6797600885615,situp_down,356
179.8533848153933,179.81069506500393,situp_down,356
178.60657015689216,179.07647011556907,situp_down,356
173.5493463010027,173.2042468012682,situp_down,356
176.70918749153222,174.3501753096867,situp_down,356
174.75961404558956,171.60605303597535,situp_down,356
172.9725254352358,174.62704631405242,situp_down,356
171.72908399903807,175.57384703085535,situp_down,356
177.00072394105493,177.65964046203533,situp_down,356
169.58474764270804,169.94281600135926,situp_down,356
172.46512653512664,176.6516547426437,situp_down,356
173.95063653481463,178.7828441331961,situp_down,356
172.96841418997496,179.4358608774392,situp_down,356
171.98400131254368,176.6520768204457,situp_down,356
172.96034969807022,179.1105027146685,situp_down,356
173.21389503828397,178.3001002836887,situp_down,356
169.90078629053372,178.4879238942552,situp_down,356
177.81821383495566,176.0699207581556,situp_down,356
177.33263484871884,178.64680929949097,situp_down,356
176.8016281912869,173.45939350617834,situp_down,356
176.72370722885313,175.4702845167785,situp_down,356
176.07234012469948,174.48867555052698,situp_down,356
168.07709607360778,172.542011713406,situp_down,356
162.58126780071956,163.8417937020008,situp_down,356
159.44941306800953,158.403415556486,situp_down,356
155.17760209755073,155.94328519168752,situp_down,356
155.20352563558117,152.53899329427378,situp_down,356
166.90692827796258,179.90556209746842,situp_down,357
34.141105559458964,10.706080459808582,situp_up,357
167.2127610231644,155.91425584363213,situp_down,357
45.90139830474333,44.013037914763366,situp_up,357
82.47863387542671,28.945659259060747,situp_up,357
158.07727150315145,149.09552218828887,situp_down,357
159.00306180702566,155.3328748817253,situp_down,357
164.53784421456797,156.9453706393685,situp_down,357
173.4817572838731,179.8350973206227,situp_down,357
168.36321799901222,161.00515167423603,situp_down,357
171.3633683801875,164.83253861541064,situp_down,357
160.16733710498582,160.64880169134423,situp_down,357
159.16361762955913,166.82388885108915,situp_down,357
168.72351330652165,156.85577462121464,situp_down,357
163.9466658166168,161.56156692835478,situp_down,357
153.27198366352485,164.47389459364524,situp_down,357
166.5290168411407,161.60065566098228,situp_down,357
168.8889111004003,156.24422802404246,situp_down,357
173.50355320835,156.22619906474213,situp_down,357
161.91653697779992,166.1018974703447,situp_down,357
161.89641708338948,169.25299329132696,situp_down,357
160.14258162178217,158.34986380645424,situp_down,357
174.0596328497437,176.20307597975457,situp_down,357
163.13997149735292,168.61141489227114,situp_down,357
171.2257666899029,168.85231783057904,situp_down,357
173.40236564474634,179.77110829862752,situp_down,357
165.16557498039353,142.77558175682802,situp_down,357
50.32354762206769,68.98901376634944,situp_up,357
160.92517115033192,144.809090907734,situp_down,357
165.9225465797044,146.62993149022722,situp_down,357
151.2477257329172,155.77351722824,situp_down,357
166.22718450059554,173.83302657545826,situp_down,357
156.51271132009362,172.87500524311335,situp_down,357
167.58524777625075,158.1579194935278,situp_down,357
155.3219220310635,151.9022058655607,situp_down,358
158.46297383777707,154.477556296714,situp_down,358
160.55011240316082,158.64417136225285,situp_down,358
164.7175137212571,163.31679351335745,situp_down,358
162.19228298777278,161.57620514799143,situp_down,358
166.95620694428882,165.86829235924608,situp_down,358
168.09150643042966,167.15897808411026,situp_down,358
166.13805503150684,166.28336156057406,situp_down,358
161.70083621302635,158.60811918649537,situp_down,358
158.721205278553,156.09945371917428,situp_down,358
153.52536114418112,149.96649049290252,situp_down,358
62.66366508110084,71.06255849582027,situp_up,358
63.31535310975527,74.34168354635746,situp_up,358
154.06771562666532,150.6852329143626,situp_down,358
153.6376591338083,152.64531369273345,situp_down,358
159.63898389554524,157.62352057535094,situp_down,358
164.60109695254536,163.49428982196517,situp_down,358
163.0750124041138,163.12775872860516,situp_down,358
164.6326791599694,163.31006697341215,situp_down,358
161.1800408739872,160.816617214603,situp_down,358
160.36264026118195,159.9927568319355,situp_down,358
152.89663439874585,154.03637053069974,situp_down,358
64.52289296968928,72.79881590124432,situp_up,358
65.46708888817042,73.70586473782835,situp_up,358
66.78783676525931,72.6218605816388,situp_up,358
155.1088448071459,153.46132622400486,situp_down,358
159.89035772120025,158.63248820485282,situp_down,358
158.42547183487395,157.52632173987607,situp_down,358
160.1525824545069,157.52345660301603,situp_down,358
161.02283135906595,158.92094898790722,situp_down,358
157.37755083853887,156.39136340157353,situp_down,358
156.91833409837088,155.0528354272272,situp_down,358
154.08396677671584,152.9524972453208,situp_down,358
62.0000089403273,72.57376917558362,situp_up,358
60.98044893278476,69.70924029776585,situp_up,358
60.80655279354079,68.69976768421748,situp_up,358
61.60619357011885,68.39791691869938,situp_up,358
155.17158541987138,154.72733925823383,situp_down,358
156.80336261407965,156.84362577274567,situp_down,358
158.9676681204192,158.54896851306796,situp_down,358
161.1889249211973,162.4015114538268,situp_down,358
161.1435748792528,162.40272560657607,situp_down,358
160.53334716071893,162.31829336889842,situp_down,358
157.48249203181126,158.31078799913624,situp_down,358
155.03511826347264,154.4995857599911,situp_down,358
153.95510334356842,154.5111711027884,situp_down,358
61.21689938314924,71.34380221809006,situp_up,358
63.79282964737505,73.67273969631233,situp_up,358
152.69165070339503,148.733775960521,situp_down,358
157.56348604052053,154.828285475569,situp_down,358
162.2393772744374,160.67129513795683,situp_down,358
164.72935764857948,163.61839506113418,situp_down,358
166.40687579894285,165.3999116029285,situp_down,358
165.7341397869265,164.15437183161882,situp_down,358
165.95387069551637,163.95694559742594,situp_down,358
164.2508893817895,162.8713491494018,situp_down,358
163.23855055436678,162.26402910448354,situp_down,358
160.38404677793935,158.70047011422523,situp_down,358
154.0561865325305,153.52936382708398,situp_down,358
62.433596875556006,71.36217189533433,situp_up,358
57.390919883278166,69.39968145856704,situp_up,358
63.16397032960009,73.52444476686502,situp_up,358
177.55063767598023,123.12675599145054,situp_down,359
175.16814990662252,124.99498349659964,situp_down,359
177.9299743895356,124.49608593163316,situp_down,359
177.58509717538482,123.73470455213187,situp_down,359
179.9925798893288,123.11679033162184,situp_down,359
176.79289278882757,124.82499534215226,situp_down,359
179.7416153649928,122.60306021202209,situp_down,359
148.29679267169635,153.71394866645596,situp_down,360
153.10604636758003,157.67509230377772,situp_down,360
160.50790152888817,163.20868310187802,situp_down,360
172.25267029033054,172.69621036433858,situp_down,360
174.50946067259494,174.4727596955122,situp_down,360
174.7962483217862,175.0428322492734,situp_down,360
178.89448268527758,177.60426635611535,situp_down,360
179.76593811612804,179.46942237830714,situp_down,360
178.9856969924373,177.64746631054996,situp_down,360
178.16905952121445,178.46640574354933,situp_down,360
178.86554780915975,179.1540147436118,situp_down,360
179.46288081993737,177.50667774145214,situp_down,360
175.79314282041756,174.17999565033438,situp_down,360
174.24100738489264,175.4027970921257,situp_down,360
168.49364716457356,171.22683342289983,situp_down,360
156.14750217588616,162.04328528602457,situp_down,360
84.69317920807717,51.818804357850055,situp_up,360
73.27017250763478,46.14473826883191,situp_up,360
78.80827054789889,37.07605627262072,situp_up,360
80.5627346772251,32.93438923391559,situp_up,360
75.93522645734956,28.000837219608968,situp_up,360
73.48816772607535,26.87350027493285,situp_up,360
80.77132364352153,30.07139891292441,situp_up,360
79.74106667905382,35.16084649258972,situp_up,360
82.79676736514766,40.68548162718788,situp_up,360
77.66418743457422,61.25815271369297,situp_up,360
156.28008639923735,160.62832722447192,situp_down,360
163.60798794269786,166.6291426547007,situp_down,360
170.57935735687104,168.6446790238048,situp_down,360
173.64134570053486,172.24356604743485,situp_down,360
178.4463737054364,173.78120509986888,situp_down,360
179.0187261332206,175.88362854977595,situp_down,360
179.3689292529999,176.97293195462592,situp_down,360
179.1506502795762,177.91903695188006,situp_down,360
178.72364348884304,178.3214202248482,situp_down,360
179.9404374223168,178.51430304915806,situp_down,360
178.43013524285374,178.25659185196642,situp_down,360
179.23759742629497,179.80041186422912,situp_down,360
170.7649281331084,170.999708197923,situp_down,360
161.2078820389093,163.47312400417084,situp_down,360
152.88134213448154,154.40771070421928,situp_down,360
86.03467246034141,42.87165526040496,situp_up,360
78.02379205903047,37.25010886896888,situp_up,360
80.56097287739749,34.486773461991554,situp_up,360
76.80472581095886,26.460038206102187,situp_up,360
76.12551629036474,25.23743040762417,situp_up,360
77.86243288085775,27.75939438174591,situp_up,360
83.56207453960009,31.645383870730665,situp_up,360
85.97809680864313,38.301052508099545,situp_up,360
153.67934079721792,153.95524554738896,situp_down,360
158.67768571169424,160.04244158383744,situp_down,360
165.6823625321521,166.668131936352,situp_down,360
168.82956295709178,169.0806761165153,situp_down,360
175.30833608268026,169.65411822437085,situp_down,360
179.301842617365,175.3939608106947,situp_down,360
178.32590792372292,175.66363551938778,situp_down,360
178.7612273610332,178.12316506529922,situp_down,360
177.00512797932575,176.98199603178486,situp_down,360
177.10960862828446,173.12504254463724,situp_down,360
179.59806527671873,177.48984215382458,situp_down,360
177.3509702971085,177.0353899942665,situp_down,360
179.99045524778407,175.77517026279156,situp_down,360
177.3921198911953,171.42559275662842,situp_down,360
161.28213615714898,163.86248851492186,situp_down,360
153.29191640460445,155.8456611687705,situp_down,360
73.50444850030497,50.793073362228334,situp_up,360
74.93076495103328,39.41705612660929,situp_up,360
74.03157281578953,35.353145454336165,situp_up,360
67.02254077140694,32.06034514270955,situp_up,360
63.60625654317538,28.99856873206353,situp_up,360
70.56719930674531,28.121554867845088,situp_up,360
78.71594378652183,33.0969327074402,situp_up,360
78.09940802487058,35.426767724921376,situp_up,360
79.37186306268639,42.56013213190774,situp_up,360
66.38953151521078,54.033834597233074,situp_up,360
155.92870395054274,160.4126398189774,situp_down,360
161.72860767002393,163.67292984237366,situp_down,360
167.2105354364244,169.13227305103644,situp_down,360
172.75335814734882,171.96546955574738,situp_down,360
178.01681551805862,174.57629038711073,situp_down,360
178.16845136206817,173.90200101085418,situp_down,360
177.69942065933066,172.52865511968736,situp_down,360
179.48061666095893,173.91074173817992,situp_down,360
178.91281053719123,174.54271329410076,situp_down,360
176.96599559902674,171.69086103783675,situp_down,360
177.38384708223955,173.2078793880882,situp_down,360
175.8400628813526,174.7543801158576,situp_down,360
169.54733581876425,170.6287068296758,situp_down,360
164.2773995290981,164.51203820184276,situp_down,360
158.8509117070556,160.20449972535835,situp_down,360
79.900335306682,45.860131324804414,situp_up,360
78.08402759884868,38.21512107889238,situp_up,360
77.44193513858939,33.79480581661166,situp_up,360
72.90315072602603,26.81646382807182,situp_up,360
71.83191538990434,25.839469982182223,situp_up,360
70.69652272881765,26.483151560266755,situp_up,360
72.6202745822585,28.425146079517127,situp_up,360
82.38995525978898,35.153646602212135,situp_up,360
86.10296083050693,42.911243721106345,situp_up,360
86.45733368274409,50.32154424816831,situp_up,360
150.81503070241968,150.43729917859457,situp_down,360
150.8530147621365,150.36391460774223,situp_down,360
150.8221258072391,150.3944795995579,situp_down,360
59.84822614736215,66.74168544773525,situp_up,361
53.58824355161874,59.00634987419796,situp_up,361
52.16786158629159,55.96884553458703,situp_up,361
49.06388592098921,53.39849581665247,situp_up,361
46.93759417186148,53.720723708659065,situp_up,361
46.037478863845,51.06185697036427,situp_up,361
47.33166631672019,62.17487428980188,situp_up,361
39.27944828914084,43.34211720154736,situp_up,361
32.39127299852929,37.234978583646544,situp_up,361
27.63505778520956,29.251963360799955,situp_up,361
29.72468787558728,26.820884302292217,situp_up,361
32.35474676057127,42.605628713217726,situp_up,361
31.37768336893627,32.97596981626866,situp_up,361
35.95432695397077,35.11266541302521,situp_up,361
42.863635454839184,41.48881472552732,situp_up,361
39.60644960842447,50.3534046102431,situp_up,361
42.67726518674629,53.76609860281162,situp_up,361
40.420545796598034,50.45304898088382,situp_up,361
47.248641568323954,52.73151739195104,situp_up,361
47.48961568670618,58.40909295661908,situp_up,361
53.459802765224175,61.66371387429184,situp_up,361
59.84830811608011,66.91884054797772,situp_up,361
68.2490712364921,71.6427181172168,situp_up,361
57.43286538366488,69.95419406882114,situp_up,361
55.44976404407155,65.40112725712281,situp_up,361
48.3202574589336,58.88669238652852,situp_up,361
48.19975803111442,56.45166292541311,situp_up,361
51.15803728870869,61.76714567130267,situp_up,361
44.67699007664242,50.12055279113759,situp_up,361
50.69796379323828,57.60781319615453,situp_up,361
40.94962223986344,44.00683516374392,situp_up,361
37.46536582278839,41.49289236262081,situp_up,361
43.125231088242415,39.99248339419572,situp_up,361
41.4485969267465,38.75839452713318,situp_up,361
37.08648275291226,37.53008891583405,situp_up,361
33.64464470245247,36.26578501675971,situp_up,361
39.72050391228619,45.39798314816398,situp_up,361
47.17239350397136,50.33555431195725,situp_up,361
43.14735011129942,56.21603690116416,situp_up,361
40.54163150707486,44.1724199246421,situp_up,361
43.083215980663454,48.19259209567568,situp_up,361
45.78096720140111,52.654611712062575,situp_up,361
49.64032397105042,57.52566411202862,situp_up,361
52.06046617371296,60.44912184644962,situp_up,361
60.0716792641325,64.51610761792385,situp_up,361
60.87963641597728,59.911709938452894,situp_up,361
61.52844186977148,71.87204788668343,situp_up,361
51.69520763217704,56.99001672987533,situp_up,361
49.68379021598234,66.03643460009413,situp_up,361
55.48125109876644,54.95854515687182,situp_up,361
39.721153989151695,51.46324045342514,situp_up,361
59.97913067239824,64.13923329292835,situp_up,362
49.41967362523464,54.20613444278217,situp_up,362
158.33525305845134,160.39435789669122,situp_down,362
178.70084487349095,179.1715367314831,situp_down,362
164.89343734084775,162.86669553334846,situp_down,362
164.28032073545936,173.01319608326455,situp_down,362
155.1434659317814,166.31191351073502,situp_down,362
26.492952916448587,110.62696433987166,situp_up,362
5.09356410103926,110.407472313065,situp_up,362
7.559864437615543,108.18341436649028,situp_up,362
172.35785069643302,173.67277015095786,situp_down,362
158.24093054390315,152.4871097525171,situp_down,362
152.09462064051155,160.95204572022203,situp_down,362
163.4716513422189,150.85018144731285,situp_down,362
161.42363823290114,150.99218354029225,situp_down,362
178.43900216000168,179.9150294894572,situp_down,362
179.15260166019723,174.89981423107884,situp_down,362
172.36510367074703,167.01798698488824,situp_down,362
1.6533544109625409,125.89364622089178,situp_up,362
155.68387213246706,155.91358613652756,situp_down,362
159.60835620363758,152.08771453289873,situp_down,362
173.2206177494264,173.03258812211246,situp_down,362
167.41334885874414,155.92601698222003,situp_down,362
1.279385558956724,128.76357899386943,situp_up,362
1.6952079634752906,126.045936961665,situp_up,362
5.242596816409014,122.81740895053596,situp_up,362
29.48975665084093,43.824663710351466,situp_up,362
161.25933237089836,156.1763582091423,situp_down,362
170.10743217417175,179.71059010637484,situp_down,362
19.821356688991848,96.24872859625196,situp_up,362
168.70591346316434,178.10751795140575,situp_down,362
155.03890049764408,157.21415326131915,situp_down,362
165.63139110043014,177.6028517391634,situp_down,362
146.69812962603766,176.45953977214708,situp_down,362
134.67951469116176,179.3839616205441,situp_down,362
154.61161158584613,160.74614896309708,situp_down,362
140.21253161696174,174.49351774210066,situp_down,362
61.65650013517697,60.206680527084046,situp_up,363
64.10865905011008,61.38296918342889,situp_up,363
61.79936442826165,59.8693156786042,situp_up,363
61.24893867073424,60.1431075299428,situp_up,363
59.88745136026343,58.28874700042595,situp_up,363
55.8001938447872,55.61403523334057,situp_up,363
53.68193661776742,55.2501351228206,situp_up,363
52.17083661615828,49.9368184496807,situp_up,363
48.09776979054603,49.15957946275218,situp_up,363
48.522585395770605,50.69650642720921,situp_up,363
41.089650237139146,49.20948687156872,situp_up,363
42.13904180903205,53.06452615821485,situp_up,363
44.64363624368836,48.279409332173685,situp_up,363
43.19036374129696,56.24750328781276,situp_up,363
48.57960076390196,55.075382079569664,situp_up,363
45.1543181867026,51.60881897077888,situp_up,363
49.016499108386206,55.95645782029303,situp_up,363
45.41084508322106,51.41913635604659,situp_up,363
45.06481802241358,49.94502993417175,situp_up,363
40.614851437196926,54.32352803685494,situp_up,363
40.59765612236709,53.11406711053923,situp_up,363
40.17234447299124,54.30727339963762,situp_up,363
39.227290211816594,43.58949913747662,situp_up,363
36.41761026704192,46.236082801964784,situp_up,363
39.515233147096254,37.26018372180614,situp_up,363
35.07833239260114,35.822163479571735,situp_up,363
32.02078636263091,33.87368239739972,situp_up,363
30.766130336851056,32.61145198404511,situp_up,363
26.811837157555747,30.543372150451503,situp_up,363
25.234096172878026,29.521040450335057,situp_up,363
25.297303348048,29.50818383837747,situp_up,363
23.105793102948645,28.65370985267664,situp_up,363
20.93453901503828,28.463566295771408,situp_up,363
22.561987536934804,28.75754865297003,situp_up,363
22.02238219837144,27.95283450140385,situp_up,363
22.2070759547126,27.9612241463141,situp_up,363
22.39962237919803,24.843481073249706,situp_up,363
23.457545108148302,27.730084529703703,situp_up,363
23.032142953858543,27.867043705227506,situp_up,363
23.557136144832175,27.71754841267144,situp_up,363
22.350433728861752,26.91335854444365,situp_up,363
23.560350044843236,27.971324857298423,situp_up,363
23.483613370261704,28.2947751365834,situp_up,363
22.28005253885477,26.42427625205168,situp_up,363
22.05506840434363,25.97943395151625,situp_up,363
22.34101318053726,27.06551046686149,situp_up,363
21.314105335355443,26.895217440948663,situp_up,363
23.143984356702376,26.574915595204583,situp_up,363
25.55985897422638,28.394178877526443,situp_up,363
26.3105996448642,29.84820443072912,situp_up,363
25.532075032365697,28.416728631685363,situp_up,363
26.75402561477973,29.86900762959498,situp_up,363
27.614381382483565,30.539440751542426,situp_up,363
28.17702370887437,30.4252184303354,situp_up,363
30.01912437329173,31.49443529563283,situp_up,363
28.839061604345527,30.10993012610696,situp_up,363
31.38274051349045,32.21497631732085,situp_up,363
31.63983048285976,31.551108490647795,situp_up,363
30.58238873484653,34.86418189740938,situp_up,363
33.68756177620604,33.21152882839963,situp_up,363
34.35872263044941,37.44355598841983,situp_up,363
35.12399477451076,43.04064748725046,situp_up,363
35.00460425322977,33.345647000816435,situp_up,363
39.58394276676128,46.57150075894137,situp_up,363
39.64804211936045,49.74702174566101,situp_up,363
40.50255195362752,52.07022150604182,situp_up,363
42.87262628212613,44.200927946032365,situp_up,363
42.00581206790462,46.40742864534907,situp_up,363
45.82176534078528,47.1890392792275,situp_up,363
46.73739043363479,46.82810058707001,situp_up,363
47.118717117306375,46.056821316461054,situp_up,363
41.80800792538482,56.498630259790254,situp_up,363
42.69302345181443,48.98409159141896,situp_up,363
44.366739376652845,47.69774962637816,situp_up,363
45.67775249297065,53.2576212734259,situp_up,363
45.63845776176901,52.61063415688932,situp_up,363
48.56191402441589,56.1669860295916,situp_up,363
49.766832443073646,57.7713250204796,situp_up,363
52.1620165349321,48.47068074375307,situp_up,363
53.86069682001092,50.17821555609224,situp_up,363
56.90402999281626,53.55415526149329,situp_up,363
55.59015923270178,56.05917562503533,situp_up,363
55.64351967429689,58.04940772139952,situp_up,363
62.40862237163977,59.33299931224091,situp_up,363
65.38022620444852,60.80410624314551,situp_up,363
69.39425027356697,65.80570215195627,situp_up,363
70.68296555795828,68.59445270599247,situp_up,363
4.222402343625244,1.419748433449462,situp_up,363
14.36776210659077,91.9244475137165,situp_up,363
68.57790826655179,68.32856509928686,situp_up,363
70.11774526320593,68.10213846576454,situp_up,363
68.74917766438591,67.94256549187037,situp_up,363
63.62243460644399,64.00011809050078,situp_up,363
61.41628559228451,61.98811975721092,situp_up,363
59.421864406465055,61.0236807694091,situp_up,363
59.41824016758519,59.69821195085628,situp_up,363
58.16662246080588,60.41419575792598,situp_up,363
54.64774225600448,54.4017657656225,situp_up,363
59.2738421917881,57.49824729668405,situp_up,363
53.82335767718234,52.47190462831701,situp_up,363
52.44659876892626,49.816273644356926,situp_up,363
52.5397795602135,53.58651696670936,situp_up,363
52.18042349752242,52.39184295107851,situp_up,363
48.73001688041946,52.84044782218873,situp_up,363
47.55896684137807,52.03773849291075,situp_up,363
47.18638523217674,54.47410065880973,situp_up,363
44.62332334451828,54.95610221084696,situp_up,363
42.53566228349754,53.71883098109382,situp_up,363
40.11893989425496,54.57454049436565,situp_up,363
42.51808739268954,62.648869173150565,situp_up,363
39.971061577754746,51.10015055673351,situp_up,363
40.25859730497172,50.5121731078029,situp_up,363
36.92321677100233,48.18989417587511,situp_up,363
37.26320121467597,47.39031443918112,situp_up,363
36.04104612562262,40.816428454173895,situp_up,363
34.4150204164782,43.25479436281778,situp_up,363
34.606818376644846,38.46471949148013,situp_up,363
31.47106946346855,32.97741153879211,situp_up,363
30.801385954904507,32.14185582043039,situp_up,363
28.87069856278149,30.688668334491,situp_up,363
29.373499364583,26.433859823722763,situp_up,363
27.54325436535768,28.32875838160816,situp_up,363
26.04679688102265,23.96213453123512,situp_up,363
23.52063786351528,26.656976086687337,situp_up,363
23.243379947158637,23.33643842352953,situp_up,363
22.393384681090712,23.08222211571937,situp_up,363
22.2426333771641,23.173255115201982,situp_up,363
22.645823067408852,22.702064948703008,situp_up,363
23.75427864458202,23.328610241163524,situp_up,363
23.892566834786685,24.68694239403799,situp_up,363
23.892842010320805,25.120366973993445,situp_up,363
21.998054408552715,22.73311339330788,situp_up,363
22.815902829039576,23.506723002976603,situp_up,363
24.196812009991163,25.427889998797436,situp_up,363
24.411335315367797,24.89308652776423,situp_up,363
26.218720518494926,25.815282721384897,situp_up,363
25.398016340304352,27.02628023607004,situp_up,363
26.130170564708795,26.49073694150234,situp_up,363
24.973742534310528,24.834908302836546,situp_up,363
25.00771416625865,23.517100860701184,situp_up,363
26.02000176161864,26.29107311147008,situp_up,363
28.349623757731266,26.64520990838062,situp_up,363
32.39711818734552,30.03880059998204,situp_up,363
31.757833317414985,26.784023047847707,situp_up,363
32.28380962737764,30.75871413709668,situp_up,363
34.92578369770519,34.43861969153385,situp_up,363
35.442635008030095,34.34134302698509,situp_up,363
36.41920498778952,36.40847575458199,situp_up,363
37.83350004065487,37.4696775220789,situp_up,363
39.43209518049203,43.50610797042281,situp_up,363
38.141590099260014,49.68239091179963,situp_up,363
44.44792585764522,59.266020423567205,situp_up,363
42.82139624308151,52.21594402121453,situp_up,363
47.52362488613397,51.37768763662621,situp_up,363
49.31344277056761,49.37790316595296,situp_up,363
48.53439329352439,49.48506421517263,situp_up,363
51.7044527854268,55.48834679607794,situp_up,363
57.04654974141752,51.76238894271062,situp_up,363
58.139293211375886,51.350051712257255,situp_up,363
54.03479414589225,56.26453518134316,situp_up,363
55.00032614137142,50.64247827941769,situp_up,363
59.94608018752247,53.35218650739115,situp_up,363
52.40155097887422,51.7535466769085,situp_up,363
58.38468128434935,45.64106444806316,situp_up,363
47.54604458903604,48.08842838019345,situp_up,363
49.57726258475896,49.301555939661846,situp_up,363
57.10450104481742,49.10249273877493,situp_up,363
54.24793898626347,51.06393691719426,situp_up,363
56.87936308330887,53.79055082100461,situp_up,363
54.72777014534224,56.10000768518283,situp_up,363
57.94401065341335,59.91525123958905,situp_up,363
58.16503635988753,58.51906357571704,situp_up,363
61.05464823717661,58.86616089898848,situp_up,363
63.919083625556354,59.67108640798279,situp_up,363
64.09188400371602,59.87869387307713,situp_up,363
65.6171704981211,64.09371680520205,situp_up,363
70.78707392956115,66.71551191141964,situp_up,363
31.945881966686805,37.50425778081239,situp_up,364
33.64241371437495,38.58216795910186,situp_up,364
36.35160205097679,40.63429935250993,situp_up,364
39.84495570842164,41.82096976988988,situp_up,364
42.103313276630345,44.541236537999126,situp_up,364
46.47470667879045,45.23067664821101,situp_up,364
41.63434225569181,43.47505289890744,situp_up,364
42.53564299035363,44.29318741321973,situp_up,364
47.05855303299072,45.35232999901152,situp_up,364
47.95418984622376,48.26386326705483,situp_up,364
47.09987263270708,50.82615530110201,situp_up,364
48.24340747631858,48.0561845079172,situp_up,364
48.334005500750926,50.10950083143924,situp_up,364
49.74526449466637,51.25632441548893,situp_up,364
52.1247924596233,52.08865593091644,situp_up,364
54.31976454738744,53.35509070599908,situp_up,364
54.07996711706608,55.53450391599246,situp_up,364
58.64059625060791,56.82912693131858,situp_up,364
60.39838232203871,61.672523583003,situp_up,364
64.97394171696274,63.17944115551093,situp_up,364
67.17508771706666,70.36638326699172,situp_up,364
65.50633177466476,70.76814562369843,situp_up,364
66.784312053527,61.64112215814652,situp_up,364
60.09337270180476,57.15886521603961,situp_up,364
63.24958372969628,55.43683771627892,situp_up,364
53.80824974208223,48.17962970331545,situp_up,364
52.92444154924485,46.93607066825333,situp_up,364
51.17485255867723,44.44674904226921,situp_up,364
49.65719746000912,43.04732423078103,situp_up,364
47.30795155309102,39.095119269307936,situp_up,364
49.506636469340044,40.3464801651839,situp_up,364
46.33487488021514,40.26933782314456,situp_up,364
47.18025007010478,38.76093448111945,situp_up,364
42.28796697384025,35.19120656323064,situp_up,364
42.18771201601011,35.11778970566583,situp_up,364
40.43220686697034,33.48997384688953,situp_up,364
42.18252503202089,36.13210673124674,situp_up,364
41.04177097721824,33.66782657391818,situp_up,364
37.60505169387211,32.17550816506196,situp_up,364
34.08889690713448,30.48699539105543,situp_up,364
34.09725704647692,31.136460742333075,situp_up,364
33.198470945205806,31.284526355695508,situp_up,364
33.04160901014419,30.67149310250512,situp_up,364
33.94796995334107,34.742022904949145,situp_up,364
34.933247959444934,34.49714760968592,situp_up,364
32.91848547635663,32.917004518803274,situp_up,364
33.95344700614939,32.64115753828598,situp_up,364
33.93104660377148,31.556871917969733,situp_up,364
31.12981321837987,29.53659242527529,situp_up,364
31.93797858314769,30.68697001918053,situp_up,364
33.27472873386185,32.64408130646429,situp_up,364
31.32386814064529,31.869438812995632,situp_up,364
30.82517746807421,32.49668932559619,situp_up,364
30.45058364952412,32.01198126101362,situp_up,364
28.69443510225813,30.414159662118955,situp_up,364
29.988346857773656,31.646000478803938,situp_up,364
31.25202878146804,32.516928520719524,situp_up,364
33.99212339437212,34.323473846853084,situp_up,364
32.97435868434774,31.77799348923157,situp_up,364
30.14237715577052,30.81949322593476,situp_up,364
33.24528806698379,32.62161003452016,situp_up,364
32.50933122151607,29.666603602596783,situp_up,364
33.10470643013471,31.266417786411576,situp_up,364
35.32709571111664,33.50179027898666,situp_up,364
38.03405337910265,33.30411504180758,situp_up,364
40.0534642329697,37.27314800623154,situp_up,364
41.57928043437364,37.26661865490834,situp_up,364
39.79678117769535,37.67095059279031,situp_up,364
44.82183460300144,42.3049700057816,situp_up,364
45.57972757039192,43.55927383301759,situp_up,364
47.63179933135226,43.066380117370144,situp_up,364
47.43869356996473,43.46302071074354,situp_up,364
47.609283310288966,43.28853219104376,situp_up,364
48.81722219246843,42.804150992173696,situp_up,364
49.37686222249546,46.64824710814445,situp_up,364
49.731437922109805,46.28337242471999,situp_up,364
49.790590494064816,47.243157547956045,situp_up,364
51.106028690370366,51.69983773941868,situp_up,364
53.02429602028269,53.60363170240393,situp_up,364
53.51555587043519,56.69761239430623,situp_up,364
55.74669322475663,59.02057362126844,situp_up,364
54.76535415146995,60.984201556954616,situp_up,364
61.75101787087522,61.31426718594636,situp_up,364
66.43769551198871,72.24525091593655,situp_up,364
65.49845385500934,61.37273104871002,situp_up,364
57.73195743909611,63.74296641180538,situp_up,364
58.87907741056208,60.0779587975098,situp_up,364
56.44973544500522,58.425573134464734,situp_up,364
53.93675369086375,55.93634622142866,situp_up,364
46.1124241647098,47.86059884199642,situp_up,364
44.92899049562426,47.39990390946277,situp_up,364
44.11804311022266,47.189377849414704,situp_up,364
39.53123384850936,41.59618421874899,situp_up,364
34.45472442552038,39.57046990579168,situp_up,364
34.45838237939219,39.47389363217683,situp_up,364
34.587747038269065,38.42342543090528,situp_up,364
33.502352931429854,38.810384232535945,situp_up,364
32.24341704772273,38.85883850244419,situp_up,364
31.79332200442085,38.54669615915319,situp_up,364
29.99552701469428,38.18109525070064,situp_up,364
30.430981428410988,37.07174883526473,situp_up,364
29.918565355936863,38.783694395213,situp_up,364
26.351796532564272,34.24880133373642,situp_up,364
25.964290861551188,36.78171782492384,situp_up,364
26.50608169034896,39.438633923732674,situp_up,364
27.14696070241097,41.430879688620216,situp_up,364
71.90302561467284,68.07184788254368,situp_up,365
66.66667095836777,55.890117049226944,situp_up,365
59.43739784073994,49.57665648513986,situp_up,365
55.13083832991652,44.30752631362004,situp_up,365
53.509191145246575,45.849091219804286,situp_up,365
47.61523949645979,40.5437206482802,situp_up,365
42.9709719328696,36.043256115503176,situp_up,365
39.25876266155423,35.4808332892557,situp_up,365
37.741061265082045,32.77590006086645,situp_up,365
37.72570996354451,33.26442505158889,situp_up,365
35.66437809307646,29.695504962914235,situp_up,365
34.33062502353096,30.02675071991688,situp_up,365
35.03057602305672,32.18344807973092,situp_up,365
33.63381506780196,31.20790627430602,situp_up,365
33.675692377863705,31.197751410150943,situp_up,365
36.38811760383848,34.78275809190912,situp_up,365
36.15894896870527,37.325820641157286,situp_up,365
39.18376631634725,39.20700202140928,situp_up,365
44.38063185447614,43.70750446478871,situp_up,365
45.72364670814716,44.492762179526665,situp_up,365
53.323055416775965,48.44245751353371,situp_up,365
53.90371631863421,50.93573245638277,situp_up,365
57.87231839896363,52.50667683081515,situp_up,365
63.00019822158484,59.17471616000748,situp_up,365
63.56072791845004,60.64939716818371,situp_up,365
69.77522772858524,64.37600961078492,situp_up,365
70.34479493569948,67.27726786437445,situp_up,365
71.50523921092872,67.15049500090873,situp_up,365
65.77759472271404,57.96781655676856,situp_up,365
61.54712725795277,51.38782809060867,situp_up,365
53.13391050945757,46.28413942472558,situp_up,365
44.89645307353785,40.64356671119712,situp_up,365
45.98213252081523,39.11022899793619,situp_up,365
43.43441490772597,36.09306741991069,situp_up,365
38.32410777174709,31.04263810873075,situp_up,365
35.55631727142724,29.079282117100885,situp_up,365
35.385371337002546,29.21437734469969,situp_up,365
32.82806778976863,29.890624129246685,situp_up,365
32.43021157554599,30.019822846021995,situp_up,365
34.16927648345603,30.02005591724025,situp_up,365
34.247978660592395,34.35479265503769,situp_up,365
33.25699505106409,33.48563667792175,situp_up,365
31.73373093366422,34.32064187267192,situp_up,365
38.72365176484702,36.81552971774367,situp_up,365
49.41342357003138,43.95237628691768,situp_up,365
102.10734376530888,35.507970523119106,situp_up,366
98.2303935576834,38.039335247916185,situp_up,366
93.4192112306232,32.65918081780793,situp_up,366
97.45965633799754,35.14913420643398,situp_up,366
98.43091266617914,36.387646849913246,situp_up,366
69.71069741379573,40.79100397277929,situp_up,366
70.0865266176169,41.7072835716201,situp_up,366
74.17855016743809,44.6875152228795,situp_up,366
76.40698397556159,51.427860022108085,situp_up,366
68.42521106040523,69.9636471408494,situp_up,366
175.31463264787766,125.03275549835656,situp_down,366
178.97292168321744,121.33970502669948,situp_down,366
178.61191460948152,126.67839334481248,situp_down,366
177.43823859284362,127.65657346762272,situp_down,366
179.7062991407703,126.48352625197262,situp_down,366
179.37806758475094,124.1461213620908,situp_down,366
178.1841549973913,124.2527213818479,situp_down,366
178.06055796895615,123.51454251606316,situp_down,366
179.9383090155304,121.6018342751277,situp_down,366
75.05866362446775,57.38966425622021,situp_up,366
83.5857567484241,51.51577893692594,situp_up,366
79.11402551261729,49.03170260793429,situp_up,366
75.3718962051181,50.40502990987368,situp_up,366
82.65297227523727,46.83913499840156,situp_up,366
83.7129534838712,47.11311082138825,situp_up,366
82.63597025059455,43.560633186906855,situp_up,366
87.15807049540498,40.73713276793118,situp_up,366
84.16570499162957,43.9555441778169,situp_up,366
81.83560895261881,42.9631067916208,situp_up,366
80.8148068685837,44.9214023237984,situp_up,366
93.2125245996014,41.286239002168,situp_up,366
94.4662810114828,37.91621070401904,situp_up,366
93.9575332928258,33.81447317103612,situp_up,366
79.0072270883299,38.72314510345572,situp_up,366
88.01481673657212,48.06959049421957,situp_up,366
72.41516604352412,50.20768511560842,situp_up,366
87.41859598379689,46.44433551807407,situp_up,366
63.8777399235432,51.83860791104926,situp_up,366
67.997697362174,56.36056511719533,situp_up,366
65.94445151659544,60.97137310932373,situp_up,366
65.85942540444114,66.06928697640666,situp_up,366
179.43379661487114,123.9257848922888,situp_down,366
176.00526257474053,128.8197534332644,situp_down,366
177.9547917401126,128.63837305595166,situp_down,366
170.9598396816216,129.58931557678545,situp_down,366
178.45699914890574,130.16112953297267,situp_down,366
171.85351818922135,129.29560271281937,situp_down,366
177.44652793669027,128.89192196226972,situp_down,366
62.95652850002616,59.64336578594759,situp_up,367
62.94393994855648,62.12551401890785,situp_up,367
62.79787345402283,57.80819540444053,situp_up,367
64.4894158371885,61.43914126718472,situp_up,367
67.77594770267831,59.46741713992398,situp_up,367
68.50098185389531,65.33867442903656,situp_up,367
65.81687384856237,64.04932448113952,situp_up,367
60.44274873618254,62.958850365469885,situp_up,367
56.52571867628322,57.56847760627266,situp_up,367
59.32344311198535,57.87233156033844,situp_up,367
55.63898731890926,60.22142531022716,situp_up,367
55.9527324833901,56.56596932044868,situp_up,367
50.35175345754145,52.97654264434185,situp_up,367
49.75735044504678,56.269952782600605,situp_up,367
50.72773645610992,53.11820142214643,situp_up,367
49.43037460125287,51.26574291757635,situp_up,367
48.30544401086141,52.093887309385885,situp_up,367
48.32696229185056,51.512776680016366,situp_up,367
49.75987395165792,47.46362288435396,situp_up,367
45.20154086799357,48.37704425102741,situp_up,367
47.66603926610649,47.78405590102475,situp_up,367
47.05363702796385,51.35152869661695,situp_up,367
46.46200501062751,51.74966647544628,situp_up,367
47.35833580880367,51.3630275375826,situp_up,367
46.86790904947187,54.192893569137006,situp_up,367
47.00781609742712,52.82885869213197,situp_up,367
46.58375404561696,50.59278249533904,situp_up,367
46.038970244672136,51.17902757500324,situp_up,367
47.39334251589461,52.576259816616776,situp_up,367
48.998669439457466,54.106617111792325,situp_up,367
50.04621873724565,52.86725806441514,situp_up,367
54.02009866123681,61.463712462006335,situp_up,367
54.31975169636748,63.0039276427994,situp_up,367
63.85379351635931,61.79031996814975,situp_up,367
69.23233097856044,69.86081724840189,situp_up,367
69.11887959703641,68.80039745789836,situp_up,367
64.7398274830588,65.28694536710225,situp_up,367
58.66391790417915,59.71079981702144,situp_up,367
59.89751213487517,56.23772030678919,situp_up,367
58.80461523713797,57.27528808226057,situp_up,367
58.713705662572856,53.29349656381387,situp_up,367
59.57498732243958,50.613829154151375,situp_up,367
54.84212152988292,49.45965628158084,situp_up,367
51.85173319863805,49.763962290312406,situp_up,367
51.63384521313646,49.60799376274923,situp_up,367
47.95731465602631,49.73261319333817,situp_up,367
48.36061717331623,51.35124368774375,situp_up,367
48.35869565017274,48.71862770633991,situp_up,367
48.24736994848058,44.78956955555809,situp_up,367
46.90796001379823,51.99636311455552,situp_up,367
46.40061907683156,51.409184969098014,situp_up,367
46.34872140907829,49.85628854244291,situp_up,367
45.707073410236525,50.22897005019208,situp_up,367
46.36604567579993,52.37887075379841,situp_up,367
46.477617912549725,51.68651299255111,situp_up,367
49.90214065301302,54.048872294691954,situp_up,367
48.72016085799173,50.34616115921218,situp_up,367
51.39632805535301,56.593244156830906,situp_up,367
49.93575796062147,56.48541030506952,situp_up,367
51.908273269758205,57.27380802434474,situp_up,367
60.10283989464477,64.02478521018682,situp_up,367
61.28263318142895,65.09774604664204,situp_up,367
69.31323072438956,66.99323120657691,situp_up,367
66.25121988604107,64.91002169892619,situp_up,367
61.949300878053535,60.15364153863537,situp_up,367
60.44208524877708,61.57675636161896,situp_up,367
58.11275664470284,54.28451599415618,situp_up,367
56.14307716928913,50.21185776312589,situp_up,367
50.89942007425167,51.8332756881188,situp_up,367
50.27465219167272,45.0361060398446,situp_up,367
46.710457715012254,48.6075432094388,situp_up,367
46.16628714992036,54.914735211492,situp_up,367
44.54304839852225,50.58803303655246,situp_up,367
44.889924842544914,48.21543083624922,situp_up,367
44.13117427375186,44.53207069337431,situp_up,367
42.44184472429381,41.2466003533188,situp_up,367
44.26590546572242,43.2976509917959,situp_up,367
44.95472252912124,42.30110773024278,situp_up,367
41.92530705014199,44.25642124611319,situp_up,367
41.89436819046815,40.88771903056208,situp_up,367
42.72037490831908,46.98718748306296,situp_up,367
42.91605376184693,41.91535095246091,situp_up,367
43.01333505713422,41.195189332245256,situp_up,367
43.07012330738915,40.96908147575999,situp_up,367
44.80568870450709,36.53476992893499,situp_up,367
43.30009033258306,38.74694446688391,situp_up,367
48.20573963807112,38.27675118430736,situp_up,367
47.77234385814409,37.97432216496164,situp_up,367
47.762588686628064,43.60071701770816,situp_up,367
47.571258828335566,41.44873421074104,situp_up,367
50.79939512775781,39.289580160450924,situp_up,367
47.6518924560513,38.42568084964902,situp_up,367
46.771440748504325,39.85620254607977,situp_up,367
42.36913876774904,40.06202196094913,situp_up,367
45.10085540096152,38.84306170930422,situp_up,367
61.592383093497055,69.64404808262917,situp_up,368
172.14310427085772,173.53479884506163,situp_down,368
7.299139166055064,35.69261394973643,situp_up,368
2.904797488306244,77.03878387230229,situp_up,368
48.53125823293544,5.313644628485717,situp_up,368
39.69939204575325,23.512139073248896,situp_up,368
45.99750449972241,17.239077740099248,situp_up,368
22.54410676382635,40.36740665107867,situp_up,368
1.6638097487562815,28.35063261871865,situp_up,368
2.646044535095572,16.510586575835802,situp_up,368
40.683632182699874,27.49629748631784,situp_up,368
45.76453499678553,7.538154525970585,situp_up,368
49.34415938928748,30.40862222373331,situp_up,368
40.63712560039712,3.743795276124679,situp_up,368
39.81323787109406,46.890209851442094,situp_up,368
34.478532472431425,40.806785031376485,situp_up,368
44.784383621568765,39.16782074617266,situp_up,368
51.87732765149487,43.011439504233245,situp_up,368
127.65997205165203,175.55088069198,situp_down,370
126.91610145123674,174.0629115036877,situp_down,370
128.1606153471839,177.43680699687488,situp_down,370
128.00671894568222,177.13806616929645,situp_down,370
129.81527946608023,172.57975449551577,situp_down,370
130.92135348323325,176.41185179158222,situp_down,370
129.89470007844946,176.85895024272122,situp_down,370
129.28070370400863,170.80153619296567,situp_down,370
133.06509718873332,179.94917133152296,situp_down,370
129.6600918189348,178.56138247889274,situp_down,370
129.14138654905247,176.46484421379802,situp_down,370
130.09950290684006,171.9899993582941,situp_down,370
132.72274789181049,172.13327012211988,situp_down,370
131.968264243547,172.53494900265954,situp_down,370
131.70343563441315,172.08941360556827,situp_down,370
130.32456419619882,170.05266879741754,situp_down,370
129.904773485712,170.14603840403893,situp_down,370
132.63537999092622,173.17542312168965,situp_down,370
133.2840105715446,179.7471111776271,situp_down,370
130.28833684352156,179.83360193905455,situp_down,370
127.67633571363196,179.3943146420547,situp_down,370
129.45237673176646,177.1047166639829,situp_down,370
127.5609524218121,174.08554282331718,situp_down,370
128.55582513034153,178.36627518687212,situp_down,370
37.14744894334383,102.19059300604071,situp_up,370
35.71649016886396,84.66338227931365,situp_up,370
38.48600407155448,83.61569115677672,situp_up,370
53.696829987272174,85.11293269690634,situp_up,370
52.99939120796167,82.6878648292459,situp_up,370
40.2013740544029,87.32877921768852,situp_up,370
122.28879650993863,178.9661971250579,situp_down,370
123.68609801173469,179.79525845436112,situp_down,370
123.62429120012972,177.73610303572264,situp_down,370
124.15277250884996,177.48335673912214,situp_down,370
123.32682028069308,179.84761207123432,situp_down,370
124.10647479876825,177.39278563989166,situp_down,370
124.51511861183172,177.80644101446467,situp_down,370
125.22461912956324,177.72112881108274,situp_down,370
123.47757939440444,178.31992129428713,situp_down,370
125.12657946236524,177.23958266899632,situp_down,370
124.5296111762128,179.66135466771107,situp_down,370
124.00379698727934,177.34547104189036,situp_down,370
125.33494233629922,177.00638153520887,situp_down,370
124.85376614115737,177.87850385844493,situp_down,370
124.872759748481,179.9753595767771,situp_down,370
127.73916851437812,178.88319154420122,situp_down,370
127.92769277990016,179.07648582899515,situp_down,370
127.36407378100265,173.06357424503287,situp_down,370
128.91124482050662,177.0627923319525,situp_down,370
128.41561980225447,175.6768240511185,situp_down,370
128.9956439232287,171.4929495781105,situp_down,370
129.24452726702168,172.0544159560997,situp_down,370
129.29949405944046,177.2079692248122,situp_down,370
127.8920287979736,175.22135955949358,situp_down,370
126.9995741692508,179.62719127705753,situp_down,370
126.73154039270688,175.89838176256808,situp_down,370
124.21260004520992,178.65918534994873,situp_down,370
125.9454758308398,178.39437104892153,situp_down,370
125.20417484674526,179.03103383452788,situp_down,370
126.50329197064076,179.40191411492995,situp_down,370
124.20463007694246,179.23573722005332,situp_down,370
124.73148296705038,178.25333779709356,situp_down,370
125.53105876150414,176.79615183281695,situp_down,370
125.75269294827692,176.30264620060197,situp_down,370
122.46281875410584,179.02779620281,situp_down,370
123.64376413773353,178.98313787127904,situp_down,370
124.43870990854396,176.32592673504143,situp_down,370
123.6264980511958,179.15983771021706,situp_down,370
123.36425577704676,178.65664644652784,situp_down,370
123.0439692729193,179.42928434189338,situp_down,370
123.92449898084462,179.3505643337526,situp_down,370
125.64032110918204,178.4296323361553,situp_down,370
124.91115303284607,178.91514280974852,situp_down,370
125.31003391067745,179.76558105950454,situp_down,370
70.05413338520866,33.875537722128264,situp_up,371
80.8102723374485,44.60166549328301,situp_up,371
63.94627984196672,32.87900732990971,situp_up,371
66.33467739172889,21.37300704401625,situp_up,371
100.29677705992292,39.65094603588606,situp_up,371
99.1875546303529,29.510342196029026,situp_up,371
132.50698053923742,168.78195936311303,situp_down,371
141.1517501166288,169.0474335661777,situp_down,371
142.69663185520236,178.34725090573605,situp_down,371
146.55863877620786,176.20934781225765,situp_down,371
146.33160928221452,179.08541927093242,situp_down,371
148.37266051915208,179.23399998901624,situp_down,371
152.09043342483744,177.7355782175493,situp_down,371
152.29540545298892,179.59391101343357,situp_down,371
147.74370943007196,177.93657988612023,situp_down,371
147.89223624463168,178.33434474383998,situp_down,371
146.8354743520829,173.75148727467734,situp_down,371
144.941875658797,178.20163630470876,situp_down,371
143.44789952555203,175.3745807078806,situp_down,371
140.69646471851425,171.07741713503114,situp_down,371
142.47175028901475,175.36746333512033,situp_down,371
141.85724642100288,175.7776298584377,situp_down,371
141.47505406320832,175.7720811042982,situp_down,371
142.78011570492922,178.74182857857758,situp_down,371
138.75972628650885,175.7411478380591,situp_down,371
134.54870675243023,174.14032140746667,situp_down,371
135.753644354736,174.40459426237544,situp_down,371
139.12063935721048,174.13691272978167,situp_down,371
139.30202333776614,173.52020462427572,situp_down,371
142.0366452339841,177.0526831072807,situp_down,371
142.24475002148603,177.69781364245526,situp_down,371
139.64937486488333,176.5279626930372,situp_down,371
145.23269096898437,176.67680631414123,situp_down,371
145.27540078676506,178.14395198295722,situp_down,371
145.91230779909574,172.4989127823522,situp_down,371
147.88844040985765,173.90254271029644,situp_down,371
145.23720130522764,178.0796787871398,situp_down,371
138.79040683654986,174.41192509018947,situp_down,371
145.4079146820638,176.26645789583915,situp_down,371
152.12090693103107,178.69706481905,situp_down,371
144.0586559804364,179.9488928704487,situp_down,371
148.071682676544,176.9429974934563,situp_down,371
139.85320941859752,168.8461145043686,situp_down,371
139.0873695557584,170.69993455236565,situp_down,371
143.85607322545945,169.44979646926524,situp_down,371
147.7019263219983,173.1699824841926,situp_down,371
141.80697021473668,169.38696372736985,situp_down,371
138.24889961157572,172.47952795249475,situp_down,371
60.548476947647366,43.13296067186568,situp_up,371
55.16594675235795,49.28253847646143,situp_up,371
44.742103101236914,24.742184604630427,situp_up,371
51.27849268320855,12.292666020707262,situp_up,371
58.63839590941428,29.26506586973545,situp_up,371
83.71774769774088,48.452656584230816,situp_up,371
98.02986124342988,34.630680955059226,situp_up,371
102.70485743737056,26.066408720234524,situp_up,371
138.01792990293546,169.687182520157,situp_down,371
145.9995837660642,170.94634721080158,situp_down,371
145.14356597232398,171.18999104091347,situp_down,371
141.84622441286655,168.07132062108593,situp_down,371
145.53056730438746,174.88654774697082,situp_down,371
139.69655715637265,161.05150550518678,situp_down,371
135.73272960491198,165.98295822988132,situp_down,371
136.68323593789796,171.98809308576008,situp_down,371
139.32515735344785,168.1639062688486,situp_down,371
139.1928242939121,165.23568151625287,situp_down,371
141.41661698811765,166.83503440073923,situp_down,371
144.8222984891513,168.16121361523346,situp_down,371
147.5384512886749,170.9605681075433,situp_down,371
147.19316043091808,166.89343954711242,situp_down,371
147.378118484639,169.06913141018848,situp_down,371
151.0801549374668,176.47533887922907,situp_down,371
148.36824174372765,164.5084586381234,situp_down,371
147.6880905745527,166.8490062625775,situp_down,371
148.76592669183148,172.3841967708043,situp_down,371
147.00347707427713,154.79901063016734,situp_down,371
146.3983136423228,155.77948114325233,situp_down,371
147.25556299400378,161.44296810677997,situp_down,371
145.10432347741502,168.50573599128077,situp_down,371
142.4524880402552,167.34392233326545,situp_down,371
143.08639475508505,170.87036238824774,situp_down,371
139.89058422259245,178.7915328372306,situp_down,371
74.65261680325058,39.04611153464822,situp_up,371
78.15988255676778,30.30409042773533,situp_up,371
57.73777720125267,13.83430395206904,situp_up,371
43.00451875974735,17.443945817673278,situp_up,371
48.88032006056871,15.341284245963475,situp_up,371
37.22113814644322,11.792216119924609,situp_up,371
40.15177876101782,15.365256347705966,situp_up,371
49.28247516507553,18.99252084426817,situp_up,371
52.65894798948377,20.822534726209547,situp_up,371
59.22847982614908,39.19254603174813,situp_up,371
31.34853952030569,20.861039768370087,situp_up,372
24.14316032894953,23.68176784007713,situp_up,372
27.366364301378997,24.008640116730614,situp_up,372
31.124667522699628,22.26097635437008,situp_up,372
38.85145528042588,18.42361343728913,situp_up,372
33.956867037352275,20.341412635852706,situp_up,372
41.88287363778444,32.580175793618345,situp_up,372
21.89615367729003,22.328595453863347,situp_up,372
35.5695808581983,30.278486248688555,situp_up,372
35.51179603939622,28.50273096441632,situp_up,372
41.12536983298284,35.67251169911532,situp_up,372
50.014099222423525,48.57872146203766,situp_up,372
54.20742191181219,50.4682647577375,situp_up,372
42.04900393701915,38.22401277015515,situp_up,372
43.17494394161767,46.09215603135499,situp_up,372
48.47336661670424,43.78169856113219,situp_up,372
70.88117160457462,53.6322079768978,situp_up,372
62.33071567417208,62.00596374480698,situp_up,372
59.15476391097744,62.82236717091436,situp_up,372
48.06890142293195,46.29583967234172,situp_up,372
47.69654871961177,48.652720172790296,situp_up,372
42.30076556287379,37.92829137692267,situp_up,372
24.13689764489781,23.666605321816448,situp_up,372
41.64517133736875,7.729111134418064,situp_up,372
159.67670462633498,173.77093298872308,situp_down,372
174.163551030522,174.43931068462646,situp_down,372
175.8112022076427,175.49126047383075,situp_down,372
174.10948094476643,179.47632214490312,situp_down,372
26.73131203161936,32.591477754678415,situp_up,372
149.84820076885163,174.53766199299207,situp_down,372
23.18869954281723,26.40014406450751,situp_up,372
24.275195107020476,23.870522993989145,situp_up,372
22.09279864674208,21.193233248029347,situp_up,372
28.43514556620677,18.62581761534284,situp_up,372
28.66945174669231,22.339444378127716,situp_up,372
61.41015727568748,23.736554823238045,situp_up,372
29.885073863981404,24.654636926882542,situp_up,372
34.34095731712761,21.116264838520884,situp_up,372
31.67388248512037,23.427289050821283,situp_up,372
22.867290180886503,22.63331211175716,situp_up,372
21.519315889728095,19.479613063841843,situp_up,372
29.097083880907608,20.995833159385374,situp_up,372
48.8571617184808,30.24028005339733,situp_up,372
37.83437999181182,20.99602436305464,situp_up,372
29.912003018842896,56.2176245943059,situp_up,372
174.3907438686048,175.1218558839402,situp_down,372
160.697791261149,175.0210589220197,situp_down,372
26.51338546078241,19.833030174488023,situp_up,372
63.002961063558985,72.41518499953824,situp_up,373
60.84038809098916,65.8916138837533,situp_up,373
54.65555603237211,58.59642513942865,situp_up,373
52.91512353439679,55.042202259343945,situp_up,373
48.11998102487266,51.41941407745804,situp_up,373
47.17272405189368,49.19617293994708,situp_up,373
45.30351739482966,47.68279169375819,situp_up,373
41.94366683488722,44.44678743722707,situp_up,373
38.67067597293561,41.95298773789536,situp_up,373
35.724532340293955,38.907348988939646,situp_up,373
36.34014933958037,37.4302818886936,situp_up,373
38.401601854674006,36.191434889335056,situp_up,373
31.62746802820729,35.410998009910394,situp_up,373
32.062288143751395,33.49451799713261,situp_up,373
32.31597846393048,32.57524409132224,situp_up,373
30.409831489579435,30.286167315223377,situp_up,373
28.4458628364226,29.458137995215004,situp_up,373
27.76001116321368,28.45044447725008,situp_up,373
29.00648895204218,24.302998541374357,situp_up,373
30.573732692222897,23.97527931670734,situp_up,373
27.57879504043448,20.840786628229647,situp_up,373
29.81953589295105,20.600079692995607,situp_up,373
27.501427243600027,20.232257135272185,situp_up,373
34.006457072581135,22.563199898529877,situp_up,373
31.906907899398703,22.83416411926686,situp_up,373
27.930521720872264,26.80188286810832,situp_up,373
26.74575300714089,27.459165231240775,situp_up,373
26.370493381742072,28.640822714610284,situp_up,373
28.943652684926988,30.461564274687078,situp_up,373
29.622269757427198,32.442063837894075,situp_up,373
31.26026223892362,33.451335782819505,situp_up,373
32.78019091030648,34.789982348288525,situp_up,373
34.61601726422067,34.76683507852831,situp_up,373
32.30041210653272,36.68293611273353,situp_up,373
34.0787943876166,42.02322918276512,situp_up,373
33.15454138070148,42.507746421796,situp_up,373
36.06971424167853,44.84560370816334,situp_up,373
42.497261922121325,45.5824446385908,situp_up,373
44.46116392846298,51.25195916584445,situp_up,373
46.21040988656276,50.53297977035701,situp_up,373
49.81138353290654,53.673273644013946,situp_up,373
52.65601892722969,55.612328805056976,situp_up,373
55.87985589061841,57.16674874463199,situp_up,373
57.53697411387163,59.39836139554776,situp_up,373
61.29546814923391,61.2651371398898,situp_up,373
66.20892977651727,65.05526204230436,situp_up,373
67.49829271814288,67.67511416593183,situp_up,373
69.36735823667948,70.10047355950115,situp_up,373
65.9731136732806,65.23555093417764,situp_up,373
59.14603112498679,58.53045011940639,situp_up,373
55.901864689341,53.93344491013443,situp_up,373
53.58137064542584,51.453857903433146,situp_up,373
47.94518350969764,48.22384719668869,situp_up,373
43.97658067553104,44.30332090077757,situp_up,373
34.38764396240645,40.122758625978186,situp_up,373
35.6516267994568,37.18678290833254,situp_up,373
35.93692752264605,36.88881102879525,situp_up,373
34.16223669903627,34.65396732693217,situp_up,373
33.95317884107208,33.4052733261,situp_up,373
30.58621222023105,33.11865156030542,situp_up,373
31.185766931221465,29.15774453964496,situp_up,373
31.882964166300127,28.507739638834963,situp_up,373
27.83286757169908,25.23211898669952,situp_up,373
27.883910768073445,24.581802990474,situp_up,373
27.778832098489485,23.157133900885917,situp_up,373
30.894227942359635,20.29239634550764,situp_up,373
26.54826716417534,19.04286558602596,situp_up,373
26.036546651003576,19.00976533131914,situp_up,373
24.727672419620163,19.286252878935144,situp_up,373
33.87219102128132,21.83728722156433,situp_up,373
28.068524704143528,25.65510596414771,situp_up,373
28.19925397923666,24.506021784101176,situp_up,373
28.05066544010609,28.37577397318781,situp_up,373
31.350822006721355,30.918832331107247,situp_up,373
32.564106567412054,31.471577013778173,situp_up,373
32.25870109967346,33.542193866523924,situp_up,373
31.38651224472445,33.01158856519523,situp_up,373
31.40574231191981,35.02989211826421,situp_up,373
34.67889684237129,39.18156285654373,situp_up,373
35.94415630980804,39.59563036562622,situp_up,373
36.745382813732014,40.99133185186396,situp_up,373
40.87207091643987,40.51738745906888,situp_up,373
44.31413429776494,44.75785006132682,situp_up,373
47.37282172270643,46.02789830433118,situp_up,373
48.20543261981901,49.12839269653804,situp_up,373
49.61129658038649,52.1758285019351,situp_up,373
53.52548282439832,52.41921105712678,situp_up,373
54.26482757112942,53.33640370120544,situp_up,373
56.42190137296763,55.9998848736692,situp_up,373
59.21491616890204,58.24617547190872,situp_up,373
61.97240329275244,61.74493109825944,situp_up,373
65.811614300723,65.39707196996225,situp_up,373
69.64211469785513,67.4430363550746,situp_up,373
68.16346084747016,69.99371552806356,situp_up,373
60.34830251744255,62.99443776397879,situp_up,373
53.9526305199103,56.20859450495099,situp_up,373
50.296847950415,52.05817297149597,situp_up,373
44.87865687329153,51.07420052142933,situp_up,373
39.051093021405386,44.78760947094605,situp_up,373
35.88987690928865,40.9130613049469,situp_up,373
35.81527298021249,39.02591327864679,situp_up,373
34.61395848986121,36.55234802991849,situp_up,373
33.4130912538585,35.299695967836,situp_up,373
30.9875687346503,32.54902473403031,situp_up,373
33.60790836634549,32.285378916158685,situp_up,373
32.80715437847453,29.56527130418429,situp_up,373
29.925306485734872,25.8449772122604,situp_up,373
26.28742262348384,22.24844206179121,situp_up,373
24.55002867798079,21.200500100545497,situp_up,373
24.61507864914256,20.49878935957105,situp_up,373
24.835095979650937,20.29929051285845,situp_up,373
27.22709934100199,18.205828095091157,situp_up,373
24.25886181191052,18.6726349069208,situp_up,373
34.35840459090906,19.94461059843037,situp_up,373
32.26990089781997,21.446980005094662,situp_up,373
32.080836988457754,21.450574103398903,situp_up,373
30.60879700376626,26.27335737284041,situp_up,373
29.047167095627888,30.28835415024882,situp_up,373
31.783282799134597,30.69689728142188,situp_up,373
33.029217911985626,32.40347076043818,situp_up,373
31.30740643652881,32.38812525482433,situp_up,373
34.02434575981529,33.74491145006296,situp_up,373
33.87778503813925,33.74881047486263,situp_up,373
32.00857145726617,34.899015583490595,situp_up,373
33.606996866179124,37.61805815944694,situp_up,373
37.14169820298384,40.69141443093917,situp_up,373
43.5065885971953,43.71562288107671,situp_up,373
45.13048662810251,47.37873227607735,situp_up,373
49.31679692102341,51.527901699598985,situp_up,373
51.967749493955225,52.9668487892131,situp_up,373
54.511130396947,56.53840296850828,situp_up,373
55.56610683804089,58.48507445868805,situp_up,373
59.66786565599706,62.4249918636956,situp_up,373
63.65371625636428,65.64520008701217,situp_up,373
65.48831013421581,67.4758998056025,situp_up,373
68.63747741769778,66.37924884987089,situp_up,374
148.1253688809462,152.83604071185985,situp_down,374
152.08152690465383,158.87051713388922,situp_down,374
154.59734232943913,156.29218752612846,situp_down,374
160.65354591472504,164.6168638919808,situp_down,374
166.3364285493777,174.02525693468888,situp_down,374
168.38280849216332,175.60181009873614,situp_down,374
171.72323110789694,179.94259666535922,situp_down,374
177.46263576507576,177.93167597590565,situp_down,374
178.67421962707863,173.2427991587041,situp_down,374
179.95341686201144,174.0447530793279,situp_down,374
179.71238817927167,172.3687728410426,situp_down,374
179.13089399070725,174.9579607509018,situp_down,374
178.36989260523515,177.37387036424093,situp_down,374
179.82884219953928,174.4322397682269,situp_down,374
178.04774052635923,173.97014457773875,situp_down,374
178.04160400902472,171.98138376460054,situp_down,374
179.1926161846534,172.98121289244847,situp_down,374
179.32170993718995,175.15316073747704,situp_down,374
179.95121707804074,174.585838031703,situp_down,374
178.9446322558796,175.70686279053606,situp_down,374
178.38439658510364,175.91577561118046,situp_down,374
178.91895530143637,174.92905953876655,situp_down,374
179.32652268391098,176.42782539457343,situp_down,374
178.91299702970414,173.07135319355442,situp_down,374
170.04442607110698,179.5695450666384,situp_down,374
160.75658747576426,166.90298587509332,situp_down,374
162.10421787431235,166.0886619543642,situp_down,374
156.1116825735324,163.73216206280884,situp_down,374
153.88475514764457,157.42725224684546,situp_down,374
71.45971274571014,64.72109843252863,situp_up,374
57.27713690919767,52.54602867500324,situp_up,374
52.49212908345418,48.1419548795088,situp_up,374
44.97235794664984,42.26407627549328,situp_up,374
39.047109575573245,35.31064429427797,situp_up,374
33.5159036007155,30.40448730109731,situp_up,374
27.548262865198648,25.74138511537029,situp_up,374
26.206086284904902,23.78846948773884,situp_up,374
25.082112274143583,22.269037192910115,situp_up,374
26.016016512049973,23.02385907044045,situp_up,374
26.87802343280308,24.806386071445008,situp_up,374
30.365326060102937,26.890722241747863,situp_up,374
33.450407639524194,29.40968505876364,situp_up,374
37.37707316782132,31.67041739287974,situp_up,374
42.20054544562232,37.21622837265606,situp_up,374
45.8156819397289,42.44144736382216,situp_up,374
47.75389465760129,45.33248705218124,situp_up,374
54.54497224533766,53.476703478731885,situp_up,374
58.6820075975088,58.17080930958453,situp_up,374
64.77606152744129,66.02218601761584,situp_up,374
151.94517351363956,157.4923107650312,situp_down,374
156.45538570443375,162.4948472075626,situp_down,374
160.59354013954962,167.70859123731356,situp_down,374
164.08686216619992,171.859899122003,situp_down,374
166.33344099558997,173.4936800419249,situp_down,374
164.72816232578728,177.21454855521648,situp_down,374
171.18047666886017,177.94171961547735,situp_down,374
171.58248525745526,176.21110295785456,situp_down,374
172.1788375698047,176.8835333584304,situp_down,374
179.47165369595743,172.36773381347848,situp_down,374
176.60148961839678,169.1401536513894,situp_down,374
177.2810697527215,167.6428062456455,situp_down,374
175.88083409710703,169.4731620413985,situp_down,374
177.75068913609658,171.41503575857206,situp_down,374
179.13861949320923,170.2502380243345,situp_down,374
177.15687084104923,168.00550130302074,situp_down,374
176.32083184355017,168.74186026648175,situp_down,374
177.49778511536303,167.69680347542752,situp_down,374
177.52570364950822,169.33682669590107,situp_down,374
178.56309166000298,170.69363526124846,situp_down,374
177.12456061543995,175.10719303159695,situp_down,374
179.53204999145066,171.73074887700423,situp_down,374
179.90977591092707,170.9809475955945,situp_down,374
176.0222750946459,174.04383337979934,situp_down,374
176.8443037187943,179.25606465132685,situp_down,374
170.02723431258093,170.83365008111062,situp_down,374
169.00448434699877,167.52815607848788,situp_down,374
163.98751615976747,167.11402036111545,situp_down,374
164.5725725658139,162.9518982078076,situp_down,374
160.16767982317677,159.36624664290068,situp_down,374
150.5305265228757,150.38793651677884,situp_down,374
61.133203301005146,59.62610440815149,situp_up,374
51.5161877486711,50.27790104070593,situp_up,374
45.07115565939995,42.23487048452608,situp_up,374
33.069688142948294,32.432258811288484,situp_up,374
27.61697094298737,25.0222719832085,situp_up,374
24.648120053315907,20.677054504804385,situp_up,374
22.53423406569027,18.416417481205382,situp_up,374
20.88149507163109,18.543441125919404,situp_up,374
22.28421738207549,20.858058321266693,situp_up,374
24.36782400646035,22.679992350662776,situp_up,374
25.19312354284625,26.66732596962228,situp_up,374
31.975225678169515,28.721347076633243,situp_up,374
38.484232719372656,34.66039639433851,situp_up,374
43.139539745367465,38.31967699245761,situp_up,374
48.07030800305806,42.10823995859005,situp_up,374
51.65540643312786,48.35856193563367,situp_up,374
56.10326358829822,56.79733364125648,situp_up,374
63.02639282507653,62.7806299739272,situp_up,374
66.24906741079774,66.19847819118868,situp_up,374
150.90136528921423,159.77648392999183,situp_down,374
156.65554180604855,163.6927896118454,situp_down,374
161.72663312032643,166.77710061436863,situp_down,374
160.19741724490527,169.51234033084847,situp_down,374
159.97423445349813,172.17531074896328,situp_down,374
164.79211213393063,175.05557133149327,situp_down,374
161.90904517330512,167.63314374463255,situp_down,374
170.92585263275265,179.00413500262147,situp_down,374
166.0297011092256,175.6554161578444,situp_down,374
172.96643832455015,177.43384918123132,situp_down,374
174.15020455554054,177.2740556622199,situp_down,374
178.00250631960924,170.2554713987408,situp_down,374
178.9146672073518,171.6114879257909,situp_down,374
179.82111790761644,170.56277234848818,situp_down,374
178.56827058848796,170.0329649421348,situp_down,374
178.85288460492788,169.27034807213116,situp_down,374
179.9826695023146,168.55525722442644,situp_down,374
178.30656855094043,168.7741841135811,situp_down,374
178.14048820510294,167.68439013692984,situp_down,374
179.3306365665309,169.86618276652277,situp_down,374
178.1942930682156,171.57442534863745,situp_down,374
178.25858459436984,171.44383065497226,situp_down,374
179.20268445310677,169.65405188988368,situp_down,374
178.51525003126858,170.94839011819832,situp_down,374
177.33366269876797,174.39460859149548,situp_down,374
173.04785137396783,177.30716863647098,situp_down,374
165.32813895896402,170.89291259862566,situp_down,374
162.61093015300327,170.89813316770017,situp_down,374
158.06523124498784,160.16354799148283,situp_down,374
159.12259129620446,158.3286266043571,situp_down,374
154.18191811169092,157.84517316763817,situp_down,374
148.3098970769807,152.96009379099837,situp_down,374
71.1448682592851,66.36900179134307,situp_up,374
59.47732385409661,52.68904582306162,situp_up,374
51.31929931767739,44.90457968948214,situp_up,374
44.71930461754272,38.30557413662653,situp_up,374
39.10356099504345,33.09709391903865,situp_up,374
31.838109695970516,28.04765697174298,situp_up,374
26.32891483593256,25.05807456660162,situp_up,374
22.951026293200563,20.42498211601953,situp_up,374
22.500245459028505,19.629994588456064,situp_up,374
23.846416267572145,21.279462455753126,situp_up,374
27.09715125529652,23.06037669039536,situp_up,374
30.504412151420738,26.880419784030494,situp_up,374
38.00765071857571,32.925446804669555,situp_up,374
45.32131744144704,37.62074811025128,situp_up,374
47.71959194640662,43.98751790069142,situp_up,374
52.97317651955351,48.96363425334154,situp_up,374
58.29805459857125,57.88099318011288,situp_up,374
63.75935558462153,62.51144640919289,situp_up,374
68.45023528432417,69.53284558991315,situp_up,374
145.1756375358642,156.4700020536254,situp_down,374
146.39846686076643,155.40418320144525,situp_down,374
152.4201127820806,159.40206099504107,situp_down,374
155.9934643097806,163.01030091435453,situp_down,374
159.10657068693803,166.97762250930276,situp_down,374
162.33599566357597,171.47162754104176,situp_down,374
165.11824048619647,172.98417986711672,situp_down,374
163.3169071681464,168.4161761153967,situp_down,374
163.10767209800764,164.7810998763109,situp_down,374
164.27696613001547,167.87441122429948,situp_down,374
161.30367721506556,162.61107038820978,situp_down,374
164.7124031316887,166.20353257314986,situp_down,374
164.5763218204358,168.00013328763345,situp_down,374
162.61242527080842,164.40695434297243,situp_down,374
164.9765600339808,165.96926579210452,situp_down,374
165.10403780948437,166.85968584637985,situp_down,374
161.60302192091305,168.69374649034918,situp_down,374
163.15811625323695,165.01316229726518,situp_down,374
165.47955316804982,166.92891779649,situp_down,374
164.03885635976684,169.71628999657915,situp_down,374
160.59009190118482,162.55365166202,situp_down,374
158.04998350974873,165.06407062980597,situp_down,374
154.99863405249013,162.0624140648607,situp_down,374
152.78516694254563,155.8678061713946,situp_down,374
152.7865976045602,152.69813825508888,situp_down,375
152.05263063913753,150.35591676683845,situp_down,375
154.01950313200808,150.620519337463,situp_down,375
155.1831458879312,153.7320812139505,situp_down,375
157.01617167802414,153.07259551929394,situp_down,375
156.297380545841,152.6912219986204,situp_down,375
157.40890401302187,154.30412820431934,situp_down,375
159.5178100148401,154.8267508130055,situp_down,375
160.7969773061159,156.84226736978115,situp_down,375
162.13033185637445,155.46209831402808,situp_down,375
162.17531151713928,156.80057682522275,situp_down,375
163.87695661356875,157.51139247138377,situp_down,375
162.97393376223727,159.36657926925471,situp_down,375
165.61813870176255,158.77446487351588,situp_down,375
166.70211266112108,159.1296270048578,situp_down,375
167.61140699263711,161.41162600756024,situp_down,375
169.39379350559616,163.4942055074011,situp_down,375
171.84854531473152,165.82891918129354,situp_down,375
172.45053608158938,166.69558265708886,situp_down,375
174.1271276753618,167.6000313965721,situp_down,375
175.99572042029013,170.78382714771345,situp_down,375
177.9261391843439,173.24048189913336,situp_down,375
179.8661819095103,175.15753178997565,situp_down,375
178.3427885055946,176.8170258586436,situp_down,375
177.96252275410325,178.4690683704333,situp_down,375
174.0337857236992,178.19990823587278,situp_down,375
173.87673099089992,178.7190704403159,situp_down,375
173.38091229273192,177.81009637943183,situp_down,375
173.28929421766117,175.56168968649354,situp_down,375
173.39385769046402,176.22129694293452,situp_down,375
172.84749810420183,172.90455830535532,situp_down,375
171.97680223638017,171.54910815253072,situp_down,375
171.76246727201487,170.81804898406136,situp_down,375
170.8657454634674,170.6871731409921,situp_down,375
169.63404508387126,168.06055942179538,situp_down,375
169.3941893015566,167.60168656409002,situp_down,375
168.35219489709928,166.76951533800812,situp_down,375
167.57341997009615,169.5477564126722,situp_down,375
166.04646043307022,167.77205385996675,situp_down,375
166.69176983104225,168.94291849232462,situp_down,375
167.3460630265665,169.37048628122776,situp_down,375
167.42490033636466,170.39478496950247,situp_down,375
166.85060873075994,170.90399912704746,situp_down,375
167.55077549968917,171.14593445129552,situp_down,375
168.38247161660993,170.62273995760088,situp_down,375
167.3680019941491,170.46193276816084,situp_down,375
168.71483445280734,171.63695264388318,situp_down,375
168.55879762942035,172.1726460401726,situp_down,375
169.42079272716472,172.5532569430059,situp_down,375
170.79478678165813,172.89554363680824,situp_down,375
170.13412473584225,172.1427425684531,situp_down,375
170.24060444212498,173.06853552210865,situp_down,375
170.67770513264242,173.77648572103263,situp_down,375
171.14797686892476,174.2322247228266,situp_down,375
170.79192295396354,173.41767488426595,situp_down,375
170.67725244091227,174.1676712854919,situp_down,375
171.0252981773751,174.34003069799758,situp_down,375
170.85907208805895,173.7497713792048,situp_down,375
171.31463175613555,173.8912606859938,situp_down,375
171.59031955609865,173.93605360323397,situp_down,375
171.54148284244593,174.00453123115886,situp_down,375
171.49211657957238,173.8864651571351,situp_down,375
169.7051341861166,172.8955776059343,situp_down,375
169.75664533020722,173.76591747055232,situp_down,375
170.24346120507778,173.41367286851963,situp_down,375
169.96387115697166,172.89477077170932,situp_down,375
170.44733022267718,173.44166968892432,situp_down,375
170.0764931157918,173.22460606214028,situp_down,375
170.75414070844695,173.48209791415246,situp_down,375
170.16619746600483,173.4940833277692,situp_down,375
169.60161243255342,172.75041511767412,situp_down,375
169.9117613240303,174.02786335604233,situp_down,375
169.33048112994103,172.99516287303803,situp_down,375
169.95599102371054,172.71515026184696,situp_down,375
170.57404719128357,172.39618610053105,situp_down,375
169.26598884506515,171.55375958683615,situp_down,375
169.6973679616522,171.86148769812806,situp_down,375
167.99680846137494,172.65287360963077,situp_down,375
167.03752619813488,171.2639979960775,situp_down,375
166.71927388421096,171.2485392943235,situp_down,375
167.68381858397393,171.66285332503318,situp_down,375
165.544098519873,171.02474580609285,situp_down,375
165.4412163562341,170.81534430586208,situp_down,375
165.47178515391207,171.404789880676,situp_down,375
168.72349552174452,172.70555356018824,situp_down,375
170.14059053012772,172.7619906326681,situp_down,375
171.3923624388225,171.79315588895162,situp_down,375
173.2710031351402,173.4085261932235,situp_down,375
173.79294006168047,174.06255548183452,situp_down,375
173.14586117555825,173.32303582794543,situp_down,375
173.34500159907066,172.74496310740824,situp_down,375
174.60402228668184,172.61863018738475,situp_down,375
174.8770756067609,175.73765703123252,situp_down,375
176.47094743294713,177.17011905697905,situp_down,375
176.73272114479474,177.87039743708593,situp_down,375
176.67022591866194,178.4884703976759,situp_down,375
177.52172644472088,179.34647617214375,situp_down,375
177.97848561385183,174.48331505642858,situp_down,375
174.06440679856107,168.78607857821711,situp_down,375
172.41534496450893,166.25836167242898,situp_down,375
168.55368979926538,161.25809729458012,situp_down,375
170.51541787366662,165.62346777235624,situp_down,375
166.05038809489753,159.95146247264665,situp_down,375
166.60590802491097,160.06468903089973,situp_down,375
165.167929943825,159.29693900142618,situp_down,375
164.83136098995695,156.59346212329237,situp_down,375
160.89650429669166,153.5033000842375,situp_down,375
159.99978403018778,154.01994929393211,situp_down,375
158.40807844221862,150.78258152242523,situp_down,375
158.60344817932452,150.8843668746331,situp_down,375
157.80435124100734,149.56852087326462,situp_down,375
156.99078418983763,149.45032265359512,situp_down,375
154.07185713579528,145.9336371273929,situp_down,375
153.4368899119894,146.63067799459432,situp_down,375
68.03284672401033,71.95637004039122,situp_up,375
66.3322690811945,72.06709068039501,situp_up,375
65.74109821013573,70.1697518157264,situp_up,375
65.29285241976811,70.81905868550606,situp_up,375
64.38797510935267,68.53901846351782,situp_up,375
64.44455302687241,68.07848267430553,situp_up,375
63.96458524890971,69.15575546746673,situp_up,375
63.35503159206458,69.0741493241693,situp_up,375
63.40720385524423,68.52504706051374,situp_up,375
61.54916205614239,67.76921928446309,situp_up,375
62.28536070923103,66.60336129258104,situp_up,375
62.32363323231863,66.91390946511046,situp_up,375
63.02471621767717,67.26382531907159,situp_up,375
62.51119361107116,67.83280369147352,situp_up,375
62.7141258629169,67.38091537894505,situp_up,375
61.8615632059058,67.0434693286158,situp_up,375
63.00435568870215,67.1742749011704,situp_up,375
61.79247953130097,67.42077627817606,situp_up,375
62.069835922254754,67.59880474895513,situp_up,375
62.31299306751138,67.11321673488023,situp_up,375
62.01523199130451,67.5015556698106,situp_up,375
61.525820104398896,67.41561815772936,situp_up,375
61.6809038604009,66.71019927729185,situp_up,375
62.406955868040576,67.06696433536248,situp_up,375
62.97517991884349,68.32494441796744,situp_up,375
62.7268051014462,67.88156780916614,situp_up,375
61.94443506973608,67.93922907528665,situp_up,375
62.186285342746885,68.35032544273344,situp_up,375
62.73493020007415,68.76441218970575,situp_up,375
63.796677204082485,68.72786500125395,situp_up,375
64.94906635395907,69.67545392938126,situp_up,375
64.93060972960916,68.8987927438117,situp_up,375
66.03174194851545,70.52340461957235,situp_up,375
66.07256962940812,72.12290733578966,situp_up,375
67.41903846852529,72.22539300631338,situp_up,375
66.9621331320458,71.0739785481489,situp_up,375
60.64225753281993,70.19343734081362,situp_up,376
56.72368239234547,68.1547840474181,situp_up,376
52.47664815980016,58.73551198005552,situp_up,376
50.47957468399964,55.33377831224895,situp_up,376
55.28752811266008,50.32434953671155,situp_up,376
49.827981174605,48.68806355546685,situp_up,376
50.92461268272079,47.87493865731508,situp_up,376
51.02793091453677,46.8714785251158,situp_up,376
45.91026117542821,42.99292258946033,situp_up,376
44.53454435476455,42.85130852517377,situp_up,376
44.00579862737891,39.099928415396526,situp_up,376
42.76117624980412,39.02579431933072,situp_up,376
46.91011408671387,43.95102308769396,situp_up,376
49.714720726835225,41.74721867674692,situp_up,376
50.22444822471505,50.757486281916194,situp_up,376
46.85736075841567,47.108157463820994,situp_up,376
43.70514684192432,53.441239293051865,situp_up,376
54.564268375488936,63.61514505716251,situp_up,376
58.705882305106186,66.87919064952766,situp_up,376
56.2701125258768,62.98982958850191,situp_up,376
66.77195317092834,68.02459315325545,situp_up,376
66.64742324420105,68.64762120491183,situp_up,376
60.03307130759891,72.58644304732745,situp_up,376
56.31084601142749,64.86481190885922,situp_up,376
61.83209793209235,68.92965042518767,situp_up,376
56.36747814264608,59.89575120578644,situp_up,376
53.85415871632813,57.79149535481721,situp_up,376
47.285791991832525,54.20208214414205,situp_up,376
52.97360137613491,49.7797000513359,situp_up,376
49.737152118370624,52.21415424261566,situp_up,376
50.3376128386913,51.85994515793785,situp_up,376
45.44592328277758,52.4739257718761,situp_up,376
52.48634566721049,52.15642375104101,situp_up,376
45.20776773355504,47.6605810218538,situp_up,376
46.02164827040755,50.67773979079081,situp_up,376
47.63635623244392,46.43266006479881,situp_up,376
43.428345512158174,45.402096935691446,situp_up,376
57.74109219668812,49.99979811243284,situp_up,376
61.38814340471554,57.94340902258848,situp_up,376
56.41405698579923,56.03265500339899,situp_up,376
50.51312487375043,61.19351445298817,situp_up,376
60.73674150558512,64.37722988667444,situp_up,376
62.8879028081432,69.8208294179242,situp_up,376
62.600117130947865,66.21819955017817,situp_up,376
63.69478868501231,74.0371440961564,situp_up,376
56.55439769865089,73.89987657250778,situp_up,376
53.41803127535773,60.447768890871465,situp_up,376
54.4624600655396,61.418847271074746,situp_up,376
52.65600052330285,56.75718864756104,situp_up,376
54.68056948092828,59.274772458018,situp_up,376
50.67083635573292,57.52127318677909,situp_up,376
49.85850605275482,59.38973478247876,situp_up,376
51.231916491830376,56.6702727827315,situp_up,376
50.27469187197756,56.85291612733795,situp_up,376
52.15847155373061,65.39539266416635,situp_up,376
50.368497730200055,57.13423318504266,situp_up,376
48.55836310371398,53.301980303741054,situp_up,376
48.46420294495352,52.00329447126343,situp_up,376
49.901934596422144,53.65412956186225,situp_up,376
51.38782921261305,52.34252250749059,situp_up,376
51.29533460835126,56.34998095272175,situp_up,376
50.07531619802755,62.85889378424548,situp_up,376
49.39219918689995,71.34921519518,situp_up,376
62.89194156347482,72.79429758005418,situp_up,376
56.76891343000473,76.64975649735135,situp_up,376
51.95493356614646,83.45521116708552,situp_up,376
51.74237520227693,87.85274586599412,situp_up,376
149.42381077906003,160.9083299163444,situp_down,377
146.71730197164027,161.66693742456366,situp_down,377
156.83743589845307,157.86232148088607,situp_down,377
154.73821657668944,168.52687875287685,situp_down,377
154.52615415279718,167.7337364370237,situp_down,377
167.37035165780347,172.772388183589,situp_down,377
159.26364960371453,156.35902644880804,situp_down,377
160.59664238004925,159.33267102687518,situp_down,377
161.55154173856957,163.84369131557918,situp_down,377
158.589351800873,174.27181623416502,situp_down,377
161.93965922017222,167.34110338027097,situp_down,377
169.94117142894504,166.04834631273386,situp_down,377
164.8758798411642,176.14705361871165,situp_down,377
163.03774061716203,164.82951545626355,situp_down,377
161.64864695670624,167.32475863030797,situp_down,377
167.066392157329,175.77784361208776,situp_down,377
162.959937115942,169.50049869054857,situp_down,377
163.87079144454182,158.3701363265342,situp_down,377
163.71377474729258,156.36624387079328,situp_down,377
156.25965466275147,156.40458781283516,situp_down,377
150.84250767460384,160.7034399022355,situp_down,377
156.04782302711695,165.66028286812212,situp_down,377
157.25014472442416,165.16912570124163,situp_down,377
158.37728281056764,159.37521146278166,situp_down,377
156.99982826314704,156.74811844106452,situp_down,377
157.2153224579792,160.36393097426165,situp_down,377
161.17835532836995,161.6661628160394,situp_down,377
164.4126890793957,163.47415736603614,situp_down,377
154.17456730612557,155.80424197031547,situp_down,377
162.30345091595262,176.88245626885373,situp_down,377
159.23564006993217,159.32952736619438,situp_down,377
147.58912291902675,162.9319645898569,situp_down,377
158.98563866187433,157.3389939928719,situp_down,377
152.99076069406405,154.88922855392062,situp_down,377
47.106354227254826,26.317410888348288,situp_up,377
154.08620171668693,163.13895763648543,situp_down,377
159.70693624143703,169.85157425691773,situp_down,377
158.0010140453662,174.18099107306742,situp_down,377
153.38321499680632,162.55591040961565,situp_down,377
157.1188822343991,157.98927035423088,situp_down,377
153.09522954291373,158.191210111659,situp_down,377
160.43236155797382,159.53359027223644,situp_down,377
150.24888865272283,159.93999289133734,situp_down,377
153.282770425964,155.44413353803964,situp_down,377
151.58428821555609,164.03586665034285,situp_down,377
154.47922001494808,155.79060378875465,situp_down,377
159.79758402481153,168.1565606597416,situp_down,377
155.32481155434877,165.5156558895578,situp_down,377
163.44399974258562,167.82404848963168,situp_down,377
159.2942593545985,161.74050086482947,situp_down,377
163.41963595069302,168.5613541769864,situp_down,377
158.69135220079573,172.15268587513637,situp_down,377
155.1778611777485,164.63587394937426,situp_down,377
155.15860278347134,155.62349357789745,situp_down,377
161.99065713619623,172.49756972193592,situp_down,377
161.5856944060723,175.70658348234906,situp_down,377
158.78281893406543,154.25365546982897,situp_down,377
161.51381477867912,177.4345300085417,situp_down,377
159.87806158671802,159.60207579574038,situp_down,377
159.1682898930921,161.64780853445126,situp_down,377
166.96749130921626,167.3907265564092,situp_down,377
160.4309619724479,155.61169932181167,situp_down,377
162.94104721105217,178.63768006690574,situp_down,377
164.0137125489992,172.55519597795058,situp_down,377
159.88967193627303,169.42776288759666,situp_down,377
155.12243413809864,159.20171752611,situp_down,377
156.1352243278782,162.65005951396407,situp_down,377
151.86872449891484,148.82193644466244,situp_down,377
152.53993353394137,148.7190788402699,situp_down,377
154.21427958977446,152.40489683144435,situp_down,377
156.72545581171883,161.7733655470509,situp_down,377
160.68279129071868,165.81062576582508,situp_down,377
157.85933626155776,165.80029820361236,situp_down,377
161.88509524061018,166.11102491685068,situp_down,378
161.25923616817096,163.23602007248203,situp_down,378
159.9472520593012,158.58655649295383,situp_down,378
158.72148735762613,149.09731904412195,situp_down,378
87.39318448147182,44.32483234545892,situp_up,378
82.42630920254045,41.783974138019154,situp_up,378
81.95558737214708,41.48181265351555,situp_up,378
80.12083061747758,45.93662152431735,situp_up,378
77.00222074251771,37.06651634527159,situp_up,378
37.50113575836526,56.33638137941929,situp_up,378
19.29168041387137,82.94829481373577,situp_up,378
30.916609158881595,87.54273097688171,situp_up,378
80.16985063935759,41.59461199564247,situp_up,378
80.5737498008619,45.168799573876974,situp_up,378
85.11961976770887,49.96590918246427,situp_up,378
158.35305867661165,151.9766745031171,situp_down,378
161.86936003315137,154.27564728842526,situp_down,378
161.62656115635454,154.1822987124959,situp_down,378
164.77639543509636,159.76300910308683,situp_down,378
163.74436754554694,152.04255337835107,situp_down,378
62.77122211042069,61.538375549377626,situp_up,378
50.399019891142274,57.19349035358962,situp_up,378
40.91601006975692,57.81568846220724,situp_up,378
38.436090930215805,67.84217855873942,situp_up,378
38.49868587984027,76.50757358049687,situp_up,378
35.23669133002376,76.04526635445143,situp_up,378
34.856749365215194,75.65163392843093,situp_up,378
37.15500798113333,56.288929343526426,situp_up,378
39.9654113946604,43.22495547222491,situp_up,378
44.74090275359751,33.81071683832404,situp_up,378
45.01156979134779,33.83285204378041,situp_up,378
49.190177273635136,39.05546124410534,situp_up,378
60.5203307533383,56.03048908191057,situp_up,378
158.44548802132704,149.35100825056847,situp_down,378
163.3650621295791,156.1917014969106,situp_down,378
166.82328323777887,160.9934758603667,situp_down,378
172.76679174823286,162.31622526451255,situp_down,378
172.4376977110097,160.6961216685248,situp_down,378
169.8363271898606,159.4879439110403,situp_down,378
166.65890056375582,148.4827284039258,situp_down,378
166.954121047563,148.02219323842203,situp_down,378
90.87085614431122,43.20006911880455,situp_up,378
89.23355883854288,41.2388226293119,situp_up,378
86.90542319490987,37.02704023343374,situp_up,378
85.6954749834128,37.23542750391779,situp_up,378
33.4207830855851,68.58836102295543,situp_up,378
89.20177569362959,43.89737228801597,situp_up,378
88.95458124735471,44.396520986618825,situp_up,378
92.37185575903015,41.59166086367504,situp_up,378
159.4527001875765,150.82201090355696,situp_down,378
165.61475599248865,157.34385723894314,situp_down,378
172.2826166829202,159.91999293806128,situp_down,378
172.27125168531236,160.85783551063585,situp_down,378
164.22497563260924,151.9146088721592,situp_down,378
156.47180562816533,148.87367109872727,situp_down,378
69.56143887019083,61.24426158789783,situp_up,378
54.4948148238775,46.356448792170525,situp_up,378
47.10807970696835,49.32016683228391,situp_up,378
46.12600620633541,46.49453841919466,situp_up,378
41.21370745237412,60.939004887201165,situp_up,378
31.112636074103605,65.84296915651277,situp_up,378
31.944171406893037,66.28090283570151,situp_up,378
31.91926876497534,67.0084939596275,situp_up,378
34.27850771102767,48.95842169908256,situp_up,378
37.05424865793909,56.79974554594677,situp_up,378
47.11183899818908,35.67987730609161,situp_up,378
46.85289040872033,35.42218239150132,situp_up,378
53.90852492208443,45.36917859141303,situp_up,378
59.67167555633643,49.91678505908192,situp_up,378
66.07558517474439,55.817732698920864,situp_up,378
156.44256804926715,157.1192629150201,situp_down,378
166.62048949412178,159.86891803932377,situp_down,378
170.62373814615947,163.15619575725518,situp_down,378
169.83109286836873,162.4205555204456,situp_down,378
172.16536751127722,165.37523023802316,situp_down,378
167.14349328983852,164.24425024706835,situp_down,378
164.53004533269507,155.6999398254945,situp_down,378
164.6466537004382,156.4033649551798,situp_down,378
162.44013278352287,150.56397626190008,situp_down,378
87.59575896258512,45.57011500624543,situp_up,378
79.87957380063521,37.492599969749065,situp_up,378
81.584422566588,33.82298188180305,situp_up,378
81.76708923347068,36.94085937146885,situp_up,378
83.09093874695292,37.22289913222447,situp_up,378
87.10445325264462,40.21429699845527,situp_up,378
87.55352850066575,38.81706628211194,situp_up,378
87.14243976731949,44.226037974789,situp_up,378
146.51890749628973,158.12452309738975,situp_down,379
153.66609449464897,159.54833724728846,situp_down,379
158.598995978715,162.04343584820708,situp_down,379
157.29344157283555,160.53422866978326,situp_down,379
158.57612159224328,162.04368378890197,situp_down,379
158.20273946462777,168.93111377087132,situp_down,379
157.82842778830192,166.13874711775892,situp_down,379
157.52740423431644,165.6612167789867,situp_down,379
159.27437586707245,168.4441506027714,situp_down,379
165.67370022998918,169.50271882784372,situp_down,379
165.20106602427808,169.5731217908097,situp_down,379
166.17736732656263,168.33730869611597,situp_down,379
167.1135572313495,170.6766330783096,situp_down,379
160.8946825265673,171.7933674231624,situp_down,379
161.94962390442257,172.3837331917304,situp_down,379
173.22984167089498,171.86909894281544,situp_down,379
160.78323335606578,170.7856165931287,situp_down,379
166.90969828979246,167.17379897943005,situp_down,379
165.97177125385178,168.24322816608645,situp_down,379
164.90073934668146,164.53813651392232,situp_down,379
158.57256105834998,163.81684040829614,situp_down,379
158.33899136654878,166.4428136879407,situp_down,379
154.15541630634834,167.96587674717964,situp_down,379
151.73242092739235,149.90856757900033,situp_down,379
153.61538566993858,161.02248984678275,situp_down,379
150.80887110712118,157.40463792701786,situp_down,379
153.2715327031287,155.07894515509736,situp_down,379
155.209901287216,161.33846641599533,situp_down,379
155.12382027576146,162.2939309414221,situp_down,379
157.54167881907256,156.6881775606508,situp_down,379
159.6026483984419,156.7172117904704,situp_down,379
164.9458351353747,156.45623367304012,situp_down,379
156.33011841672405,157.9776108878443,situp_down,379
157.24034545040803,156.24735958037496,situp_down,379
152.7276812124227,155.3914714488947,situp_down,379
156.59859535343088,158.4716025316936,situp_down,379
151.9550356088502,162.5126219782694,situp_down,379
147.68771668718122,158.22047308053732,situp_down,379
145.32318138822066,155.10693888567494,situp_down,379
147.73469903379691,154.89005901702964,situp_down,379
148.42523544699097,157.91300848772184,situp_down,379
149.55311735271604,157.8358363665506,situp_down,379
147.03152516708897,158.26220455070197,situp_down,379
147.31520775549782,160.78889197787086,situp_down,379
151.66089745874805,152.8512750027306,situp_down,379
154.87383569038892,153.18479114198374,situp_down,379
160.90946438000137,157.04992671223096,situp_down,379
158.4186141190649,155.12829547715415,situp_down,379
161.32620243958965,158.88828880251643,situp_down,379
163.71324124013526,164.24984441907196,situp_down,379
157.17518013900394,156.71548408285148,situp_down,379
150.93781724200915,156.63104580409984,situp_down,379
157.39876040189623,158.50243530224031,situp_down,379
158.40602200438747,156.21047238374078,situp_down,379
155.72228054043302,153.13910794658284,situp_down,379
155.67882984984183,154.80168566615225,situp_down,379
58.85759075081513,77.2827626471223,situp_up,380
57.70796628160905,75.48972303084012,situp_up,380
55.525372830403015,74.64535009904677,situp_up,380
54.057883078310425,72.75321407726734,situp_up,380
50.82908848761012,71.66629911649312,situp_up,380
50.06771263017372,65.61481351948471,situp_up,380
49.19717121043866,60.12799694966553,situp_up,380
50.01216618792801,62.012987412006645,situp_up,380
45.329463094547705,56.02578742199184,situp_up,380
45.10135788655361,55.62498394950497,situp_up,380
44.42912967740508,54.44452376217598,situp_up,380
41.80570178125155,50.64922615341912,situp_up,380
42.46675940860299,51.69746746572628,situp_up,380
40.202578771403125,50.04536100603271,situp_up,380
39.57944168232108,48.44724820459359,situp_up,380
38.449689914032376,48.23608325200105,situp_up,380
37.513363881598686,46.371411109126505,situp_up,380
35.52389903368864,47.319132270179765,situp_up,380
36.84002633898052,47.998025990093,situp_up,380
33.07083910086337,44.23264438514429,situp_up,380
35.39258465691996,46.8025250147121,situp_up,380
32.023052169205,43.23713940687514,situp_up,380
30.43706711650684,41.31589219088921,situp_up,380
32.52034449534822,44.37690449554631,situp_up,380
33.853902043372386,46.34881872276538,situp_up,380
31.814418626798368,43.779935844072746,situp_up,380
31.20909567854861,44.719622450286,situp_up,380
32.536371454503495,42.3423474009072,situp_up,380
33.36835086631777,40.4510671545482,situp_up,380
33.1154465250967,40.98718195828732,situp_up,380
34.96918599803901,48.16305965120449,situp_up,380
35.987438318670414,45.51881034914479,situp_up,380
34.35486921769607,44.00592459922392,situp_up,380
35.24120550475168,45.85500308751507,situp_up,380
33.93553367660981,48.25277157344237,situp_up,380
34.737066858678055,46.59515602042308,situp_up,380
33.83781935919969,46.01181337524686,situp_up,380
34.90190338377836,48.20171977734347,situp_up,380
35.26541329275002,49.43260476582692,situp_up,380
32.012875979671456,45.17019086361765,situp_up,380
35.15984684751441,47.737382143985776,situp_up,380
34.457560601789496,48.1603689949768,situp_up,380
33.40913844017616,45.2511917369542,situp_up,380
32.68890405101002,45.02728611515592,situp_up,380
32.75222462350075,44.65395021528442,situp_up,380
32.99172254761657,45.11767750101657,situp_up,380
33.0035978528613,45.02687510112509,situp_up,380
31.924894005108303,45.16253894357279,situp_up,380
35.17537122490986,47.78971345634703,situp_up,380
34.878188762178105,46.89135188531425,situp_up,380
35.64049078914134,47.59915678087484,situp_up,380
39.17073637123451,50.53799545257562,situp_up,380
39.713832508544016,50.17241286926129,situp_up,380
40.805844453057496,51.49997744480684,situp_up,380
40.60283233758832,52.35238107172552,situp_up,380
45.04003572620152,57.37646884934177,situp_up,380
47.636367967908434,61.85256293619095,situp_up,380
47.12673345276072,62.85323932806986,situp_up,380
48.87784797862745,64.53462176247292,situp_up,380
53.13140217077655,71.16308391319852,situp_up,380
53.53885271080125,66.81860260957694,situp_up,380
55.75766362394095,72.48922504562518,situp_up,380
57.785099833861146,74.27368388594716,situp_up,380
59.11556957226468,77.43147268868206,situp_up,380
60.1160580513199,76.62651587948882,situp_up,380
58.50512235643549,80.28497040369041,situp_up,380
54.89082457197857,71.64777964870763,situp_up,380
52.61043073238847,65.79233036559937,situp_up,380
52.96057381373824,64.92488360417666,situp_up,380
50.29054404304103,65.05091353142919,situp_up,380
47.90328594979108,60.89764936680962,situp_up,380
46.208706558031295,59.23848668755526,situp_up,380
45.92721200562042,59.7509282684446,situp_up,380
44.58243531799183,56.306250109716295,situp_up,380
41.82537834946534,53.16714307721876,situp_up,380
42.36737849231522,54.38602942186872,situp_up,380
41.07077230452343,52.88061991302239,situp_up,380
37.942237413710366,50.0378665659383,situp_up,380
36.65726256613095,51.21793147316395,situp_up,380
33.43832643383891,48.33053198166581,situp_up,380
33.46940166662719,47.27758553295091,situp_up,380
31.01781143239761,46.20480470818612,situp_up,380
29.985089620407532,42.490047192493456,situp_up,380
30.858224017593788,42.20675967052435,situp_up,380
32.25979973062284,46.90823316334794,situp_up,380
30.459549037450383,43.23156145175937,situp_up,380
29.736045824881558,40.94409427463902,situp_up,380
29.08402633226979,41.40081761083041,situp_up,380
29.8609575559616,39.71204370896388,situp_up,380
32.13300902958325,42.75674227546968,situp_up,380
30.413241623968545,42.93157978006813,situp_up,380
30.58458958849985,42.518442028905206,situp_up,380
30.469909504197886,42.83325378702968,situp_up,380
31.7698240085534,43.25762017522358,situp_up,380
29.9079662468925,42.73791700787314,situp_up,380
29.904119647989084,39.95666505881415,situp_up,380
27.270161160752377,44.2330359499959,situp_up,380
30.30206295676313,41.54704300430011,situp_up,380
26.59172511235253,41.51633106797821,situp_up,380
30.92728779481857,43.59872614012578,situp_up,380
30.60542625120307,41.75835137277502,situp_up,380
30.111038750196485,42.3167119136825,situp_up,380
31.754379484331977,44.35119791899278,situp_up,380
32.97588150876712,44.711324756015735,situp_up,380
30.99432333212393,43.080554510845886,situp_up,380
32.15340411915197,43.733026936539154,situp_up,380
32.94024035549268,45.20912090548781,situp_up,380
31.29024163895504,45.457745466147465,situp_up,380
32.560562872135506,48.18578107398332,situp_up,380
33.56768620177926,47.539523370873766,situp_up,380
35.08863181026852,48.08063308332924,situp_up,380
35.72435492779864,48.36087034725266,situp_up,380
37.73869024663214,50.07283141077427,situp_up,380
40.13832348646325,53.82722333472406,situp_up,380
41.35407956466266,55.87658052246421,situp_up,380
42.30435037175853,55.467566052313416,situp_up,380
43.4883529705399,57.31414727344151,situp_up,380
45.845173689710464,58.71441378643263,situp_up,380
47.033976456779975,60.13140436494901,situp_up,380
47.16015960069955,61.50259350265564,situp_up,380
49.66099333502446,63.886056549041065,situp_up,380
50.38862370455252,64.411455913493,situp_up,380
53.89148088275715,70.4115313186771,situp_up,380
54.73999198141831,70.86029064982013,situp_up,380
57.62610703236876,74.58288779838344,situp_up,380
56.827033644578535,73.61477967606167,situp_up,380
59.3132569381267,77.56365274243886,situp_up,380
171.65941445833323,172.40302549736242,situp_down,381
169.03618044589652,168.78028269460353,situp_down,381
164.71471205608202,161.86045951061146,situp_down,381
162.7162784895998,158.60628003689965,situp_down,381
156.4679935803533,153.00105059719328,situp_down,381
151.4306907993075,149.2719561805839,situp_down,381
155.0088163357396,146.469954344106,situp_down,381
156.42393520091107,150.4009433925773,situp_down,381
161.22634168936807,153.28073105277008,situp_down,381
162.79934979254728,158.31331121926442,situp_down,381
169.39907981439163,161.1333101579788,situp_down,381
169.99716642625373,168.22406313264116,situp_down,381
169.4836960891386,172.1319184791126,situp_down,381
174.60212463663763,174.414389229685,situp_down,381
174.90324494020024,177.14187615602668,situp_down,381
177.65493756719735,178.7349896949193,situp_down,381
179.41328182627922,176.61539435709173,situp_down,381
177.2516448076983,175.20589395307348,situp_down,381
178.51568917502615,179.5743834151058,situp_down,381
177.83431038435234,177.13232830294282,situp_down,381
175.97645774327668,176.1947104622841,situp_down,381
176.7910162235123,174.9441360732235,situp_down,381
177.74980924086572,173.24644984905763,situp_down,381
177.77287475937737,174.74710947759183,situp_down,381
176.16101296121542,172.77928237319526,situp_down,381
177.32350155697353,173.40386949833234,situp_down,381
178.19954848826058,175.01655732484156,situp_down,381
179.99580032516175,175.19533652468274,situp_down,381
175.1988715451436,172.41009275832857,situp_down,381
175.58148552495527,175.6829811654496,situp_down,381
176.15017555750163,174.31692436853936,situp_down,381
175.13245189582287,175.21535043325022,situp_down,381
175.88580194145834,175.083447515569,situp_down,381
178.0352698343851,174.15066461395517,situp_down,381
179.45493024284872,175.09770412767503,situp_down,381
179.1427854074073,177.74893333880902,situp_down,381
179.59795662780826,176.7792045391417,situp_down,381
177.16051621806477,178.10604009989868,situp_down,381
172.29875068324958,179.74611285701832,situp_down,381
166.7101101882645,170.17467146027147,situp_down,381
166.66881431604196,165.06193039586014,situp_down,381
158.23033096147535,157.52207107885195,situp_down,381
154.74840223552957,153.35405436649296,situp_down,381
150.90022556660796,150.2535730749889,situp_down,381
153.64033048864798,160.23352454326874,situp_down,381
154.88929514298232,150.08128077561602,situp_down,381
138.82304496137235,164.63451115316133,situp_down,381
155.08882000680646,158.19468428595255,situp_down,381
7.260968414015251,13.58518138247148,situp_up,381
10.650691990193954,16.317262823432454,situp_up,381
128.25700604624134,175.33324193808286,situp_down,381
11.805372719044025,10.10797120970981,situp_up,381
20.07843893467747,77.98403340034449,situp_up,381
155.61277810938,147.15813874635427,situp_down,381
155.2545609585078,147.67880622639296,situp_down,381
157.22630203368035,153.0181346340896,situp_down,381
161.34534750931593,155.83183986293508,situp_down,381
160.93109363507517,153.73695933495412,situp_down,381
166.99300735080294,164.4175788664729,situp_down,381
169.38185657102693,168.72126125087087,situp_down,381
169.93135116336427,170.6828065767491,situp_down,381
168.90971967090536,172.3585019285244,situp_down,381
172.92725337474693,175.55501295030268,situp_down,381
171.01406989887153,175.36698859020152,situp_down,381
175.20216887003244,177.84736845154166,situp_down,381
178.11686956858918,176.11723001844473,situp_down,381
179.9126544009879,174.84526777707805,situp_down,381
178.2483656652026,173.45986721373257,situp_down,381
179.75016007291063,174.96564162185794,situp_down,381
178.43704280534592,173.1042237538532,situp_down,381
177.9606133944199,173.10692506988647,situp_down,381
178.3081161192865,172.64353767816633,situp_down,381
179.04281316543742,174.5006523923401,situp_down,381
179.80351840822954,171.8188855922534,situp_down,381
179.4809530516773,172.10501265688515,situp_down,381
179.77752417628503,172.53327347353965,situp_down,381
179.022001316895,173.04529405713615,situp_down,381
179.77908491048262,172.73547910009876,situp_down,381
177.70320474087958,176.0415932669148,situp_down,381
176.6931751098832,176.6901948229544,situp_down,381
177.29913135392093,175.82744219567294,situp_down,381
173.91291829170854,177.8150596958335,situp_down,381
174.06884874632806,176.8133344712034,situp_down,381
173.37088103652633,179.43755555722348,situp_down,381
167.03048050435083,173.43684927787976,situp_down,381
164.26288388343434,170.92427702257092,situp_down,381
163.0085358019243,165.9110953865308,situp_down,381
159.05961190839318,159.95156931451132,situp_down,381
156.8529999129465,156.50058548834934,situp_down,381
153.39969871770492,152.56885550019285,situp_down,381
133.9107032951152,166.27873141048906,situp_down,381
139.83848237343895,167.99085524420838,situp_down,381
142.50262358125497,169.9359343006715,situp_down,381
153.017831186721,147.5279333951452,situp_down,381
154.5305106343295,148.2230892184714,situp_down,381
153.65664904570616,149.02488397425523,situp_down,381
156.6795876207564,153.93466235870167,situp_down,381
159.89427318260576,159.7068539192211,situp_down,381
162.51262472414896,162.60076182183045,situp_down,381
165.23825342089106,167.62132700688267,situp_down,381
169.61502121545416,171.29823206151792,situp_down,381
169.6096830774326,172.502013106308,situp_down,381
171.4843532031412,173.94678457719507,situp_down,381
170.0882724665517,173.55936628767668,situp_down,381
174.0193475692861,178.2125013029327,situp_down,381
176.36341200691197,179.65299576707056,situp_down,381
177.3570966422138,176.8930494588414,situp_down,381
177.2888052723208,177.23767471288008,situp_down,381
179.73389910823454,175.16072621577248,situp_down,381
177.64642152236928,174.53122773594563,situp_down,381
178.82554646481117,176.6191692748551,situp_down,381
178.5582570507376,175.40034730348077,situp_down,381
178.54742456112083,173.47860957877018,situp_down,381
178.3493894704185,174.83265345027735,situp_down,381
178.52014661758605,174.3862624530295,situp_down,381
156.20161712651287,144.92883607844485,situp_down,382
171.14281660872015,131.909304048416,situp_down,382
25.17740387895407,14.396948103850402,situp_up,382
66.01408397234542,64.49048309845337,situp_up,382
63.59487544128851,51.7566541049231,situp_up,382
67.57233971627379,59.76234844094841,situp_up,382
4.652708894230975,21.98600055880789,situp_up,382
1.6443606336047871,22.868383081358814,situp_up,382
169.90433122300772,142.86178599735902,situp_down,382
173.96229332101052,133.35757748388545,situp_down,382
158.55408602779042,169.66433209415547,situp_down,382
11.66944739545605,14.305025065120088,situp_up,382
68.92640935955319,62.930965489451374,situp_up,382
14.85646004211958,3.387833016778481,situp_up,382
174.14056202280918,173.66916513071286,situp_down,382
160.47192496241564,148.0719617978668,situp_down,382
179.77852307002536,175.66026352856613,situp_down,382
178.6482622085265,165.11998819119256,situp_down,382
148.1313043041298,158.88044868050213,situp_down,382
173.1159757677318,147.8818849534843,situp_down,382
168.917857915507,135.5506103650253,situp_down,382
27.342306627878006,25.46261303825329,situp_up,382
172.7533956256764,145.69215612150714,situp_down,382
179.72921451351536,176.877265134401,situp_down,382
159.58247506711328,150.4885180328474,situp_down,382
164.2925830893672,148.7418746680531,situp_down,382
158.46221411115127,144.13994309451076,situp_down,382
178.26627121085235,150.1775961610962,situp_down,382
174.75231645113243,127.04364308246952,situp_down,383
174.9881931548713,128.28240711645194,situp_down,383
175.39714133499,126.27433950409484,situp_down,383
176.48000508481837,126.2636099431069,situp_down,383
178.68606249877502,125.16672414989554,situp_down,383
179.81039788227625,125.8384496364504,situp_down,383
178.25327139994485,124.56715861686013,situp_down,383
177.97410938753447,124.82922330874467,situp_down,383
178.3025168775895,122.13595364482458,situp_down,383
179.67654125367986,123.30965999166008,situp_down,383
178.87599554502845,122.1005843430529,situp_down,383
179.73530291779966,122.35351801267512,situp_down,383
179.60819669391284,121.17747472661055,situp_down,383
179.64382558489638,120.58213205249268,situp_down,383
179.9556175681384,120.35871381674494,situp_down,383
179.06569236454766,122.0800062480708,situp_down,383
178.7070667011214,121.88138101521886,situp_down,383
179.56612905022524,123.70663812252164,situp_down,383
178.97702296510047,122.69908585628662,situp_down,383
178.94622854222462,124.57789343414797,situp_down,383
178.24897517203166,125.45436230491364,situp_down,383
176.832590923568,127.29941690174726,situp_down,383
176.51895942039909,129.19570029740706,situp_down,383
175.89797305289807,130.03616940585007,situp_down,383
173.89224510051878,130.03727963042218,situp_down,383
173.21804225059574,129.17473596974597,situp_down,383
174.95354135877204,128.9136717056075,situp_down,383
173.62891909375202,128.465447813474,situp_down,383
172.02453120250183,129.56820037661788,situp_down,383
171.8084773415195,130.7802282788732,situp_down,383
172.09646605602956,131.51843283714965,situp_down,383
172.43235647553166,131.6672815171183,situp_down,383
170.7758806874686,130.80504911967742,situp_down,383
170.3518545019472,133.46332769962743,situp_down,383
168.6034745381501,135.2305170966769,situp_down,383
168.21348397159005,136.83534646612372,situp_down,383
168.09506807822743,136.35608854193663,situp_down,383
164.54685386501137,137.08666315798183,situp_down,383
160.25078203516364,144.56779108116723,situp_down,383
157.01755489230993,143.80814202226887,situp_down,383
167.3327044343238,135.5616238532992,situp_down,383
173.80518784820265,130.62459705200897,situp_down,383
174.36622455638343,129.4727266174593,situp_down,383
169.66783796857467,132.05608040765583,situp_down,383
175.11856806626676,125.14250698365596,situp_down,383
176.61892369181362,126.6184661155531,situp_down,383
177.15103897485295,127.58055761681908,situp_down,383
178.00657520583383,126.41054526064286,situp_down,383
178.9706422224094,124.8726389370066,situp_down,383
179.676044215536,125.46287101129494,situp_down,383
178.8820556054634,125.06836835373016,situp_down,383
179.6439041036938,124.82100477982272,situp_down,383
179.75922289672266,124.41309623190028,situp_down,383
179.25072091235154,123.38293469804384,situp_down,383
179.40459746928704,124.01839297695857,situp_down,383
178.76543221578427,123.35105512527926,situp_down,383
179.42760667500627,123.72581685129312,situp_down,383
179.6294549757247,122.33264389235843,situp_down,383
179.865011791418,122.44548235435091,situp_down,383
179.05538586335496,122.72873860087344,situp_down,383
178.83489226132428,123.27673810617785,situp_down,383
179.43277382929665,124.25363053921944,situp_down,383
179.7725101945148,122.99025526679937,situp_down,383
179.95546877277178,122.83454361812004,situp_down,383
178.08900508394507,124.44735429414656,situp_down,383
176.83049525577755,124.99605458642436,situp_down,383
177.5057844803112,128.24009648707664,situp_down,383
176.58761349909804,129.74043389625058,situp_down,383
177.07565681773244,128.18254137497624,situp_down,383
175.7059669069306,128.38826726940258,situp_down,383
175.2183033455518,129.15619955853282,situp_down,383
174.17394910277778,130.48358125376632,situp_down,383
173.4092768782012,128.3726327980663,situp_down,383
170.75561405098674,130.5694320454194,situp_down,383
172.34682970019765,131.56980494424042,situp_down,383
172.35738309814485,132.04724599419788,situp_down,383
172.2011407210318,129.52746356241727,situp_down,383
171.50621633001813,131.23089978751585,situp_down,383
170.26205665063088,131.44515727483224,situp_down,383
167.86004901258264,133.14078764361682,situp_down,383
166.7478301795495,136.74372295570473,situp_down,383
165.58851007677498,136.8258657519121,situp_down,383
167.53391328572812,134.56337460885123,situp_down,383
167.3004701579815,133.71741860169382,situp_down,383
155.45716628597037,144.67362859557582,situp_down,383
174.77682123096056,126.30378189626242,situp_down,383
175.9306229928506,126.8912443143679,situp_down,383
178.49634361140227,125.2833548691634,situp_down,383
178.04866842006976,125.83455321653798,situp_down,383
179.55096796811705,125.6605316957135,situp_down,383
178.4429459076319,123.86352132878211,situp_down,383
179.00884635439516,124.7469008408298,situp_down,383
177.7028278798725,122.30333696820958,situp_down,383
177.89179126916636,122.65165149081744,situp_down,383
179.25551427267948,123.03082682589876,situp_down,383
179.2275400493784,122.61043712754832,situp_down,383
178.87816513935925,123.5280655035287,situp_down,383
179.18942250157488,124.50794266917802,situp_down,383
179.23138979716126,124.44654965209762,situp_down,383
179.21622273054243,126.1571863824285,situp_down,383
179.17561064859362,128.64233872414823,situp_down,383
177.15925136788618,129.1519064031759,situp_down,383
178.19531315396193,128.62921301057156,situp_down,383
176.7221952338502,130.51583378651893,situp_down,383
177.81987729243593,128.92781267781066,situp_down,383
175.98832410303035,130.50475453834122,situp_down,383
173.5617681071561,129.97692981414448,situp_down,383
173.21679103723233,128.90650570339292,situp_down,383
174.10870766816717,130.90935372799936,situp_down,383
174.42965928637244,132.00584413175633,situp_down,383
173.57973290473174,130.9977084063628,situp_down,383
173.97253408076662,128.83519023086555,situp_down,383
171.32933442657517,134.0198668321585,situp_down,383
170.73590864219526,134.86740526011545,situp_down,383
169.81355557269197,136.06373337708555,situp_down,383
174.97765228495243,130.57075729937253,situp_down,383
170.0457870548388,137.82850144317146,situp_down,383
164.9199717459798,139.09030655781126,situp_down,383
165.475846221599,138.90138877855452,situp_down,383
164.19394229846668,136.7199082382463,situp_down,383
158.90941009850505,143.24335613443893,situp_down,383
158.49061658971743,142.1422471442984,situp_down,383
157.08955431883876,143.11127673570357,situp_down,383
155.0298313445164,145.71955297522013,situp_down,383
158.0492943741124,142.99158441775123,situp_down,383
153.85633076147425,146.93387904828916,situp_down,383
159.49685934855086,144.42602471914765,situp_down,383
166.1452178468845,137.43556846123118,situp_down,383
169.0830539614004,137.94430693706892,situp_down,383
174.08576611278826,130.42327448513493,situp_down,383
178.36515865489483,124.17198179803616,situp_down,383
170.61899127825183,135.13633310998915,situp_down,383
178.30126398963324,126.21386508315834,situp_down,383
174.40639663966704,128.6086332231845,situp_down,383
172.80425204481108,129.7196704010558,situp_down,383
177.9055152733393,124.83260190921952,situp_down,383
174.83676322888752,125.73508055467374,situp_down,383
178.0997806369841,124.84868873289624,situp_down,383
179.39203008677092,126.24420550565154,situp_down,383
179.95366399172482,127.88274860131524,situp_down,383
179.2667816317142,125.60588049372215,situp_down,383
179.2151504270991,125.67784471600513,situp_down,383
178.33858080897878,124.81651673398676,situp_down,383
177.8356241420861,123.47279679001412,situp_down,383
178.39334594899276,124.12178906507694,situp_down,383
177.63415789378797,123.66473927103068,situp_down,383
177.18806022183247,123.79489872457674,situp_down,383
177.72401240257145,124.45834835372511,situp_down,383
176.6328779513558,124.19178479421596,situp_down,383
177.30279588033395,122.79438717734152,situp_down,383
178.35443953703208,123.74723459933068,situp_down,383
177.7348373173605,122.31253157959624,situp_down,383
179.57833515508904,123.4280007977206,situp_down,383
179.7669031269038,123.89692096403247,situp_down,383
179.6237448521294,127.91990350889844,situp_down,383
179.18960857041293,128.3634065754674,situp_down,383
178.086777560093,127.95360194843178,situp_down,383
178.43375260624242,130.46076557329417,situp_down,383
177.95246934568573,129.21384583311897,situp_down,383
175.59123790065172,130.03364357324986,situp_down,383
142.6360421854414,161.727700048657,situp_down,384
153.77579234958168,161.47354767031655,situp_down,384
149.56751765363592,162.06044708512218,situp_down,384
153.71508109084007,168.22218002327207,situp_down,384
149.39530542512577,166.21513619210705,situp_down,384
150.34290615522292,164.01475592494657,situp_down,384
161.2028586843104,165.89339338363243,situp_down,384
159.0827558764523,164.41221972719816,situp_down,384
157.44512728351245,165.45638004863295,situp_down,384
154.36651620692186,168.66541871545277,situp_down,384
151.78503475767764,167.7105492829495,situp_down,384
148.25480375627075,166.26704036662508,situp_down,384
159.02368195654643,167.42534571639402,situp_down,384
162.6395332541363,167.70244147409963,situp_down,384
156.98560791545353,167.91626532322925,situp_down,384
160.27721499806506,167.26959899210547,situp_down,384
155.43346399147202,167.45734802217268,situp_down,384
159.219262785418,167.4084067941919,situp_down,384
160.9673601506397,166.84425727303503,situp_down,384
165.9073947131563,167.53712527190018,situp_down,384
163.32360802011422,167.08900857032378,situp_down,384
165.7703534655065,166.88039606334843,situp_down,384
166.60313143268095,169.0779991689011,situp_down,384
162.6043820019016,169.01015472997656,situp_down,384
157.39200498834663,169.21806955736471,situp_down,384
155.12629818275727,167.9742716446087,situp_down,384
160.54263124953917,168.12452135231896,situp_down,384
159.34546094047062,167.92139998814054,situp_down,384
149.0506988549369,166.5567274427869,situp_down,384
151.92600493581952,166.3611734003039,situp_down,384
155.72049316179505,166.42923437241873,situp_down,384
151.76884788125727,165.96519510802054,situp_down,384
157.1339385545163,167.8845499583615,situp_down,384
159.47905965753677,168.06324341219118,situp_down,384
157.38736159263897,161.97498541135238,situp_down,384
150.86011934988636,158.64213909965747,situp_down,384
158.05383962365062,159.91297910020856,situp_down,384
153.13346938129666,154.261152001486,situp_down,384
89.87373526265958,47.06465470069935,situp_up,384
149.38883688902055,157.0864048521011,situp_down,384
161.28972221919807,159.37177280594057,situp_down,384
152.42155356653836,163.37084839207975,situp_down,384
161.57524571210774,164.6533182826965,situp_down,384
169.56234719134514,165.42863836599528,situp_down,384
170.0981785613005,165.14789144770512,situp_down,384
163.40489805336176,165.71926755657557,situp_down,384
167.89110471580085,168.03703096975462,situp_down,384
158.26268522585391,161.25065291464136,situp_down,384
161.30930628636335,163.2600343030565,situp_down,384
161.1043595520636,163.54872349651947,situp_down,384
156.40636016306988,159.6683256441089,situp_down,384
157.18559991667166,158.8120389689965,situp_down,384
161.20730607616508,154.01439087115574,situp_down,384
155.6188782719615,153.8578755449066,situp_down,384
152.1783395390283,148.02429934191358,situp_down,384
149.8451732146783,150.74613739990147,situp_down,384
151.34771514833537,152.62908864463444,situp_down,384
157.49494827689247,157.04035091071125,situp_down,384
171.81166051691133,175.19628328334633,situp_down,384
176.25282093225496,178.46152259916582,situp_down,384
172.45257515172813,179.30267558417492,situp_down,384
169.90215422747636,175.414181003633,situp_down,384
168.5039583822051,179.6683836437779,situp_down,384
37.73202000266448,34.25500546919225,situp_up,384
49.88729908835915,51.09922739850308,situp_up,384
169.20135065234285,177.18577927823682,situp_down,384
12.735908205307425,36.16646422796883,situp_up,384
20.92620146660932,42.04604134474655,situp_up,384
179.77814283851,179.11033946653149,situp_down,384
171.48507704999972,169.70558487320898,situp_down,384
14.819872230578202,17.40677035699206,situp_up,384
167.89170133027545,156.18338365509473,situp_down,384
159.6595527334531,147.81792274482203,situp_down,384
158.65304028533606,146.73174965286051,situp_down,384
153.21661872480664,148.72555695989166,situp_down,384
153.85623890403593,148.7430410951112,situp_down,384
156.10741355302693,150.81449878347013,situp_down,384
159.01528949564192,151.98594392479708,situp_down,384
161.94720238237093,154.5256693287142,situp_down,384
164.39165475377166,158.8618854574004,situp_down,384
165.27835692934468,159.260769110636,situp_down,384
177.6796219100076,169.47945670175392,situp_down,384
177.4613871103883,171.50083077563366,situp_down,384
176.66980561721817,170.05853803409536,situp_down,384
172.1080619310188,164.45562190392835,situp_down,384
174.7763426680282,167.8037149827816,situp_down,384
175.09834737625792,168.96385627245326,situp_down,384
175.92122249115647,170.26772848054992,situp_down,384
176.15017852649947,171.75922775285912,situp_down,384
177.91208946468754,173.36474464234004,situp_down,384
175.707889962996,171.75488599687424,situp_down,384
175.8389404273128,170.20841284408212,situp_down,384
174.8036603876566,170.51660429109114,situp_down,384
169.4720792858862,162.864469783237,situp_down,384
167.533808440076,159.56309746613155,situp_down,384
164.05689939880034,157.249045883941,situp_down,384
161.4818782694029,155.03649830988888,situp_down,384
158.90995468132348,151.11150711455494,situp_down,384
156.40064705022695,145.006357532775,situp_down,384
158.29452003118428,149.85696609468457,situp_down,384
